cell_id,easting,northing,inside_pixels,valid_pixels,valid_fraction,mean_ndvi,mean_lst_c
r0_c95,577005.0,5955015.0,90,90,1.0,0.8362735509872437,30.94159698486328
r1_c95,577005.0,5954715.0,100,100,1.0,0.8073472380638123,31.002504348754883
r1_c96,577305.0,5954715.0,100,100,1.0,0.8093141317367554,30.395336151123047
r2_c94,576705.0,5954415.0,93,93,1.0,0.8345038294792175,30.04732894897461
r2_c95,577005.0,5954415.0,100,100,1.0,0.803356409072876,30.679302215576172
r2_c96,577305.0,5954415.0,100,100,1.0,0.799325168132782,30.862573623657227
r2_c97,577605.0,5954415.0,100,100,1.0,0.828110933303833,30.313880920410156
r3_c93,576405.0,5954115.0,100,100,1.0,0.7745895385742188,31.844711303710938
r3_c94,576705.0,5954115.0,100,100,1.0,0.8228915929794312,30.2322998046875
r3_c95,577005.0,5954115.0,100,100,1.0,0.8402190208435059,30.00585174560547
r3_c96,577305.0,5954115.0,100,100,1.0,0.8265975117683411,30.278169631958008
r3_c97,577605.0,5954115.0,100,100,1.0,0.822155773639679,31.131921768188477
r3_c98,577905.0,5954115.0,100,100,1.0,0.8323838710784912,30.590160369873047
r3_c99,578205.0,5954115.0,100,100,1.0,0.8646298050880432,29.171344757080078
r3_c100,578505.0,5954115.0,96,96,1.0,0.8557111620903015,29.993309020996094
r4_c91,575805.0,5953815.0,99,99,1.0,0.7925369739532471,30.715551376342773
r4_c92,576105.0,5953815.0,100,100,1.0,0.8312672972679138,30.046289443969727
r4_c93,576405.0,5953815.0,100,100,1.0,0.7745921611785889,32.93064498901367
r4_c94,576705.0,5953815.0,100,100,1.0,0.7943406105041504,30.602466583251953
r4_c95,577005.0,5953815.0,100,100,1.0,0.8275084495544434,30.43563461303711
r4_c96,577305.0,5953815.0,100,100,1.0,0.7347381114959717,32.35634994506836
r4_c97,577605.0,5953815.0,100,100,1.0,0.7915207743644714,30.93387222290039
r4_c98,577905.0,5953815.0,100,100,1.0,0.8132541179656982,30.629779815673828
r4_c99,578205.0,5953815.0,100,100,1.0,0.8615376949310303,29.422605514526367
r4_c100,578505.0,5953815.0,100,100,1.0,0.8584396243095398,29.689687728881836
r5_c90,575505.0,5953515.0,89,89,1.0,0.7753859162330627,31.51112937927246
r5_c91,575805.0,5953515.0,100,100,1.0,0.8046404123306274,30.477031707763672
r5_c92,576105.0,5953515.0,100,100,1.0,0.7949745059013367,30.969282150268555
r5_c93,576405.0,5953515.0,100,100,1.0,0.7564452290534973,33.033870697021484
r5_c94,576705.0,5953515.0,100,100,1.0,0.79042649269104,32.0792236328125
r5_c95,577005.0,5953515.0,100,100,1.0,0.7671650648117065,30.326738357543945
r5_c96,577305.0,5953515.0,100,100,1.0,0.6997379064559937,32.05891418457031
r5_c97,577605.0,5953515.0,100,100,1.0,0.793545126914978,30.126548767089844
r5_c98,577905.0,5953515.0,100,100,1.0,0.8581709265708923,29.397075653076172
r5_c99,578205.0,5953515.0,100,100,1.0,0.8716093301773071,28.842052459716797
r5_c100,578505.0,5953515.0,94,94,1.0,0.8539267778396606,28.953125
r6_c88,574905.0,5953215.0,96,96,1.0,0.875352680683136,29.325410842895508
r6_c89,575205.0,5953215.0,100,100,1.0,0.8678305149078369,28.509580612182617
r6_c90,575505.0,5953215.0,100,100,1.0,0.8342499732971191,29.324260711669922
r6_c91,575805.0,5953215.0,100,100,1.0,0.785298764705658,30.746400833129883
r6_c92,576105.0,5953215.0,100,100,1.0,0.8382417559623718,29.683269500732422
r6_c93,576405.0,5953215.0,100,100,1.0,0.7772526741027832,31.55786895751953
r6_c94,576705.0,5953215.0,100,100,1.0,0.769426703453064,32.282588958740234
r6_c95,577005.0,5953215.0,100,100,1.0,0.8557944297790527,29.89794921875
r6_c96,577305.0,5953215.0,100,100,1.0,0.8225321173667908,30.174907684326172
r6_c97,577605.0,5953215.0,100,100,1.0,0.8906682729721069,28.282276153564453
r6_c98,577905.0,5953215.0,100,100,1.0,0.8822171092033386,28.943498611450195
r6_c99,578205.0,5953215.0,100,100,1.0,0.8385895490646362,29.337120056152344
r7_c87,574605.0,5952915.0,99,99,1.0,0.8031021952629089,31.116701126098633
r7_c88,574905.0,5952915.0,100,100,1.0,0.7435588240623474,31.80465316772461
r7_c89,575205.0,5952915.0,100,100,1.0,0.8204302787780762,30.482666015625
r7_c90,575505.0,5952915.0,100,100,1.0,0.8543609380722046,28.521615982055664
r7_c91,575805.0,5952915.0,100,100,1.0,0.8535447716712952,28.7220458984375
r7_c92,576105.0,5952915.0,100,100,1.0,0.8322036266326904,29.50200653076172
r7_c93,576405.0,5952915.0,100,100,1.0,0.8091444373130798,30.775550842285156
r7_c94,576705.0,5952915.0,100,100,1.0,0.7781110405921936,31.818967819213867
r7_c95,577005.0,5952915.0,100,100,1.0,0.8413581252098083,29.728553771972656
r7_c96,577305.0,5952915.0,100,100,1.0,0.8889228701591492,27.868759155273438
r7_c97,577605.0,5952915.0,100,100,1.0,0.8908565640449524,28.009408950805664
r7_c98,577905.0,5952915.0,100,100,1.0,0.8782479166984558,29.1837215423584
r7_c99,578205.0,5952915.0,100,100,1.0,0.8812129497528076,28.328384399414062
r8_c77,571605.0,5952615.0,100,100,1.0,0.6837471723556519,35.506507873535156
r8_c78,571905.0,5952615.0,100,100,1.0,0.5744439959526062,37.893001556396484
r8_c79,572205.0,5952615.0,100,100,1.0,0.7578996419906616,33.22011947631836
r8_c86,574305.0,5952615.0,92,92,1.0,0.5707361102104187,40.165592193603516
r8_c87,574605.0,5952615.0,100,100,1.0,0.6004615426063538,34.377498626708984
r8_c88,574905.0,5952615.0,100,100,1.0,0.4958381950855255,38.99014663696289
r8_c89,575205.0,5952615.0,100,100,1.0,0.7831733822822571,32.910037994384766
r8_c90,575505.0,5952615.0,100,100,1.0,0.8439274430274963,29.451826095581055
r8_c91,575805.0,5952615.0,100,100,1.0,0.842212438583374,30.477710723876953
r8_c92,576105.0,5952615.0,100,100,1.0,0.8701913952827454,28.668691635131836
r8_c93,576405.0,5952615.0,100,100,1.0,0.8183198571205139,30.017127990722656
r8_c94,576705.0,5952615.0,100,100,1.0,0.843773603439331,29.6575927734375
r8_c95,577005.0,5952615.0,100,100,1.0,0.8663743734359741,28.430444717407227
r8_c96,577305.0,5952615.0,100,100,1.0,0.8699193596839905,27.853172302246094
r8_c97,577605.0,5952615.0,100,100,1.0,0.8856076002120972,28.218114852905273
r8_c98,577905.0,5952615.0,100,100,1.0,0.8884696364402771,27.750320434570312
r8_c99,578205.0,5952615.0,89,89,1.0,0.8823164105415344,28.151247024536133
r9_c76,571305.0,5952315.0,100,100,1.0,0.7898695468902588,32.704105377197266
r9_c77,571605.0,5952315.0,100,100,1.0,0.7631471753120422,34.14414978027344
r9_c78,571905.0,5952315.0,100,100,1.0,0.6595705151557922,35.61577606201172
r9_c79,572205.0,5952315.0,100,100,1.0,0.74027419090271,33.41456604003906
r9_c80,572505.0,5952315.0,100,100,1.0,0.7668672800064087,33.08268737792969
r9_c86,574305.0,5952315.0,100,100,1.0,0.8245964050292969,32.544036865234375
r9_c87,574605.0,5952315.0,100,100,1.0,0.7605790495872498,32.50783920288086
r9_c88,574905.0,5952315.0,100,100,1.0,0.7863690257072449,32.69623565673828
r9_c89,575205.0,5952315.0,100,100,1.0,0.8016120195388794,31.594369888305664
r9_c90,575505.0,5952315.0,100,100,1.0,0.7828910946846008,31.659177780151367
r9_c91,575805.0,5952315.0,100,100,1.0,0.7525966167449951,32.772430419921875
r9_c92,576105.0,5952315.0,100,100,1.0,0.7988305687904358,30.9093017578125
r9_c93,576405.0,5952315.0,100,100,1.0,0.8346973657608032,30.153579711914062
r9_c94,576705.0,5952315.0,100,100,1.0,0.8601153492927551,28.907846450805664
r9_c95,577005.0,5952315.0,100,100,1.0,0.8878282308578491,27.631372451782227
r9_c96,577305.0,5952315.0,100,100,1.0,0.8788533210754395,27.89971923828125
r9_c97,577605.0,5952315.0,100,100,1.0,0.880695641040802,28.076135635375977
r9_c98,577905.0,5952315.0,100,100,1.0,0.8869110345840454,27.672765731811523
r10_c75,571005.0,5952015.0,81,81,1.0,0.8221096396446228,31.722047805786133
r10_c76,571305.0,5952015.0,100,100,1.0,0.7087222933769226,33.952362060546875
r10_c77,571605.0,5952015.0,100,100,1.0,0.8268928527832031,31.871810913085938
r10_c78,571905.0,5952015.0,100,100,1.0,0.8119249939918518,32.6002311706543
r10_c79,572205.0,5952015.0,100,100,1.0,0.7201969623565674,33.4042854309082
r10_c80,572505.0,5952015.0,100,100,1.0,0.7832022905349731,33.522037506103516
r10_c81,572805.0,5952015.0,100,100,1.0,0.7444605827331543,35.102455139160156
r10_c82,573105.0,5952015.0,100,92,0.92,0.6807669997215271,34.98692321777344
r10_c83,573405.0,5952015.0,100,100,1.0,0.8904752135276794,29.10913848876953
r10_c84,573705.0,5952015.0,100,100,1.0,0.8665325045585632,29.336576461791992
r10_c85,574005.0,5952015.0,100,100,1.0,0.8425187468528748,30.5792179107666
r10_c86,574305.0,5952015.0,100,100,1.0,0.8285667896270752,30.039926528930664
r10_c87,574605.0,5952015.0,100,84,0.84,0.8260652422904968,30.916818618774414
r10_c88,574905.0,5952015.0,100,100,1.0,0.7494910359382629,32.782371520996094
r10_c89,575205.0,5952015.0,100,100,1.0,0.7409148216247559,33.886878967285156
r10_c90,575505.0,5952015.0,100,100,1.0,0.7723367214202881,31.629535675048828
r10_c91,575805.0,5952015.0,100,100,1.0,0.8401026725769043,30.20929527282715
r10_c92,576105.0,5952015.0,100,100,1.0,0.8632909655570984,28.881488800048828
r10_c93,576405.0,5952015.0,100,100,1.0,0.807715654373169,30.099266052246094
r10_c94,576705.0,5952015.0,100,100,1.0,0.8492897152900696,29.071636199951172
r10_c98,577905.0,5952015.0,97,97,1.0,0.8584137558937073,28.707765579223633
r11_c75,571005.0,5951715.0,100,100,1.0,0.8083863854408264,31.92403793334961
r11_c76,571305.0,5951715.0,100,100,1.0,0.8179423809051514,32.0048713684082
r11_c77,571605.0,5951715.0,100,100,1.0,0.7940750122070312,32.0987663269043
r11_c78,571905.0,5951715.0,100,100,1.0,0.8238358497619629,31.850370407104492
r11_c79,572205.0,5951715.0,100,100,1.0,0.7951001524925232,32.283470153808594
r11_c80,572505.0,5951715.0,100,100,1.0,0.7472078800201416,34.57686996459961
r11_c81,572805.0,5951715.0,100,99,0.99,0.6971340775489807,36.84437561035156
r11_c82,573105.0,5951715.0,100,94,0.94,0.6615239977836609,36.76577377319336
r11_c83,573405.0,5951715.0,100,100,1.0,0.7552417516708374,34.363285064697266
r11_c84,573705.0,5951715.0,100,100,1.0,0.8104200959205627,31.614126205444336
r11_c85,574005.0,5951715.0,100,100,1.0,0.7265840172767639,31.47167205810547
r11_c86,574305.0,5951715.0,100,100,1.0,0.7693179249763489,30.746601104736328
r11_c87,574605.0,5951715.0,100,97,0.97,0.8263874650001526,30.028223037719727
r11_c88,574905.0,5951715.0,100,98,0.98,0.8021261096000671,30.48231315612793
r11_c89,575205.0,5951715.0,100,99,0.99,0.8541775941848755,29.534059524536133
r11_c90,575505.0,5951715.0,100,100,1.0,0.843702495098114,29.590669631958008
r11_c91,575805.0,5951715.0,100,100,1.0,0.860701322555542,29.604887008666992
r11_c92,576105.0,5951715.0,100,100,1.0,0.8930607438087463,28.286273956298828
r11_c93,576405.0,5951715.0,100,100,1.0,0.8054548501968384,30.626188278198242
r11_c94,576705.0,5951715.0,100,100,1.0,0.7366640567779541,30.431459426879883
r12_c75,571005.0,5951415.0,100,100,1.0,0.8306123614311218,31.5762939453125
r12_c76,571305.0,5951415.0,100,100,1.0,0.7831897139549255,32.876983642578125
r12_c77,571605.0,5951415.0,100,100,1.0,0.7988384962081909,33.903114318847656
r12_c78,571905.0,5951415.0,100,100,1.0,0.8187741637229919,32.954811096191406
r12_c79,572205.0,5951415.0,100,100,1.0,0.7954602241516113,33.323753356933594
r12_c80,572505.0,5951415.0,100,100,1.0,0.7972395420074463,33.60112380981445
r12_c81,572805.0,5951415.0,100,86,0.86,0.7168670296669006,36.173988342285156
r12_c82,573105.0,5951415.0,100,100,1.0,0.6401214599609375,37.040618896484375
r12_c83,573405.0,5951415.0,100,99,0.99,0.6548266410827637,38.082984924316406
r12_c84,573705.0,5951415.0,100,98,0.98,0.6924731731414795,34.923709869384766
r12_c85,574005.0,5951415.0,100,100,1.0,0.8042553067207336,31.62752914428711
r12_c86,574305.0,5951415.0,100,100,1.0,0.8576415777206421,29.742050170898438
r12_c87,574605.0,5951415.0,100,100,1.0,0.8845435380935669,28.582935333251953
r12_c88,574905.0,5951415.0,100,100,1.0,0.8986239433288574,28.375049591064453
r12_c89,575205.0,5951415.0,100,100,1.0,0.8947325348854065,28.3614444732666
r12_c90,575505.0,5951415.0,100,100,1.0,0.883617103099823,28.475435256958008
r12_c91,575805.0,5951415.0,100,100,1.0,0.8850109577178955,28.035118103027344
r12_c92,576105.0,5951415.0,100,100,1.0,0.8965955376625061,27.871522903442383
r12_c93,576405.0,5951415.0,87,87,1.0,0.8949106335639954,28.295780181884766
r13_c76,571305.0,5951115.0,95,95,1.0,0.7967320680618286,32.26856231689453
r13_c77,571605.0,5951115.0,100,100,1.0,0.8225793242454529,33.04559326171875
r13_c78,571905.0,5951115.0,100,100,1.0,0.7776080965995789,34.41840744018555
r13_c79,572205.0,5951115.0,100,100,1.0,0.7476882934570312,33.91873550415039
r13_c80,572505.0,5951115.0,100,100,1.0,0.7328668236732483,35.137733459472656
r13_c81,572805.0,5951115.0,100,88,0.88,0.662118136882782,37.155269622802734
r13_c82,573105.0,5951115.0,100,100,1.0,0.681002676486969,36.823951721191406
r13_c83,573405.0,5951115.0,100,100,1.0,0.7220278382301331,36.477046966552734
r13_c84,573705.0,5951115.0,100,100,1.0,0.7540421485900879,34.5455207824707
r13_c85,574005.0,5951115.0,100,100,1.0,0.8124735355377197,31.573633193969727
r13_c86,574305.0,5951115.0,100,100,1.0,0.8873211741447449,28.507699966430664
r13_c87,574605.0,5951115.0,100,100,1.0,0.8947458863258362,28.338476181030273
r13_c88,574905.0,5951115.0,100,100,1.0,0.9047963619232178,28.361957550048828
r13_c89,575205.0,5951115.0,100,100,1.0,0.9003139734268188,28.3392276763916
r13_c90,575505.0,5951115.0,100,100,1.0,0.8856247067451477,28.478818893432617
r13_c91,575805.0,5951115.0,100,100,1.0,0.8962936401367188,28.02387237548828
r13_c92,576105.0,5951115.0,100,100,1.0,0.8903754353523254,27.993305206298828
r14_c76,571305.0,5950815.0,100,99,0.99,0.734948456287384,35.3745231628418
r14_c77,571605.0,5950815.0,100,100,1.0,0.7482961416244507,34.2274055480957
r14_c78,571905.0,5950815.0,100,97,0.97,0.6844475269317627,35.87489318847656
r14_c79,572205.0,5950815.0,100,100,1.0,0.6511721611022949,34.53295135498047
r14_c80,572505.0,5950815.0,100,100,1.0,0.7375638484954834,35.4541015625
r14_c81,572805.0,5950815.0,100,100,1.0,0.6363133192062378,37.93108367919922
r14_c82,573105.0,5950815.0,100,100,1.0,0.6897956728935242,36.79249572753906
r14_c83,573405.0,5950815.0,100,99,0.99,0.6979398727416992,35.86518096923828
r14_c84,573705.0,5950815.0,100,100,1.0,0.7463394999504089,33.86886215209961
r14_c85,574005.0,5950815.0,100,100,1.0,0.7759530544281006,32.81782150268555
r14_c86,574305.0,5950815.0,100,100,1.0,0.8728579878807068,29.52486801147461
r14_c87,574605.0,5950815.0,100,100,1.0,0.8981674313545227,28.443544387817383
r14_c88,574905.0,5950815.0,100,100,1.0,0.9014679193496704,28.461660385131836
r14_c89,575205.0,5950815.0,100,100,1.0,0.8977451920509338,28.4797420501709
r14_c90,575505.0,5950815.0,100,100,1.0,0.8947193622589111,28.4520206451416
r14_c91,575805.0,5950815.0,100,100,1.0,0.8422941565513611,30.436996459960938
r14_c92,576105.0,5950815.0,100,100,1.0,0.8662302494049072,29.642759323120117
r14_c93,576405.0,5950815.0,99,99,1.0,0.8410311341285706,29.921611785888672
r15_c76,571305.0,5950515.0,100,99,0.99,0.7447780966758728,35.340816497802734
r15_c77,571605.0,5950515.0,100,100,1.0,0.6875277161598206,36.28508758544922
r15_c78,571905.0,5950515.0,100,100,1.0,0.6647132039070129,35.230525970458984
r15_c79,572205.0,5950515.0,100,100,1.0,0.6843129992485046,33.18412780761719
r15_c80,572505.0,5950515.0,100,100,1.0,0.6746537089347839,35.27363204956055
r15_c81,572805.0,5950515.0,100,98,0.98,0.6132448315620422,37.220977783203125
r15_c82,573105.0,5950515.0,100,100,1.0,0.6883487701416016,34.85807418823242
r15_c83,573405.0,5950515.0,100,100,1.0,0.6484344005584717,35.080543518066406
r15_c84,573705.0,5950515.0,100,100,1.0,0.8126654624938965,31.278310775756836
r15_c85,574005.0,5950515.0,100,100,1.0,0.8618701100349426,30.098588943481445
r15_c86,574305.0,5950515.0,100,100,1.0,0.817596435546875,31.042940139770508
r15_c87,574605.0,5950515.0,100,100,1.0,0.8439091444015503,30.1380615234375
r15_c88,574905.0,5950515.0,100,100,1.0,0.8494628071784973,30.068674087524414
r15_c89,575205.0,5950515.0,100,100,1.0,0.832370400428772,31.243314743041992
r15_c90,575505.0,5950515.0,100,100,1.0,0.8382142782211304,31.22262954711914
r15_c91,575805.0,5950515.0,100,100,1.0,0.7393677234649658,34.640750885009766
r15_c92,576105.0,5950515.0,100,100,1.0,0.678384006023407,32.26136779785156
r15_c93,576405.0,5950515.0,100,100,1.0,0.8385149240493774,29.725509643554688
r16_c75,571005.0,5950215.0,100,100,1.0,0.774638831615448,34.69407272338867
r16_c76,571305.0,5950215.0,100,100,1.0,0.7874840497970581,33.640846252441406
r16_c77,571605.0,5950215.0,100,100,1.0,0.5899837017059326,34.438507080078125
r16_c78,571905.0,5950215.0,100,100,1.0,0.759267270565033,32.878074645996094
r16_c79,572205.0,5950215.0,100,100,1.0,0.6267850399017334,34.48537063598633
r16_c80,572505.0,5950215.0,100,100,1.0,0.6606934070587158,33.88943862915039
r16_c81,572805.0,5950215.0,100,97,0.97,0.568150520324707,36.14657974243164
r16_c82,573105.0,5950215.0,100,100,1.0,0.5246882438659668,33.422813415527344
r16_c83,573405.0,5950215.0,100,100,1.0,0.5977435111999512,33.30283737182617
r16_c84,573705.0,5950215.0,100,100,1.0,0.727052628993988,32.827293395996094
r16_c85,574005.0,5950215.0,100,100,1.0,0.8667799234390259,29.827472686767578
r16_c86,574305.0,5950215.0,100,100,1.0,0.847850501537323,30.48604965209961
r16_c87,574605.0,5950215.0,100,100,1.0,0.777414083480835,32.891685485839844
r16_c88,574905.0,5950215.0,100,100,1.0,0.7877436876296997,32.90129089355469
r16_c89,575205.0,5950215.0,100,99,0.99,0.7244338989257812,34.009700775146484
r16_c90,575505.0,5950215.0,100,100,1.0,0.7850445508956909,32.653751373291016
r16_c91,575805.0,5950215.0,100,100,1.0,0.7371697425842285,33.430912017822266
r16_c92,576105.0,5950215.0,100,100,1.0,0.6792829632759094,32.15321350097656
r16_c93,576405.0,5950215.0,93,93,1.0,0.7091004848480225,31.349544525146484
r17_c74,570705.0,5949915.0,100,100,1.0,0.7913318872451782,31.924213409423828
r17_c75,571005.0,5949915.0,100,100,1.0,0.7776975035667419,33.1164436340332
r17_c76,571305.0,5949915.0,100,100,1.0,0.8086221218109131,32.115177154541016
r17_c77,571605.0,5949915.0,100,100,1.0,0.7488344311714172,33.31668472290039
r17_c78,571905.0,5949915.0,100,100,1.0,0.7312385439872742,34.64051055908203
r17_c79,572205.0,5949915.0,100,100,1.0,0.7367000579833984,33.837379455566406
r17_c80,572505.0,5949915.0,100,100,1.0,0.8054214715957642,32.64476013183594
r17_c81,572805.0,5949915.0,100,100,1.0,0.631393551826477,33.978721618652344
r17_c82,573105.0,5949915.0,100,100,1.0,0.5417971611022949,34.79914855957031
r17_c83,573405.0,5949915.0,100,100,1.0,0.6140093803405762,32.75034713745117
r17_c84,573705.0,5949915.0,100,100,1.0,0.8392218947410583,31.080541610717773
r17_c85,574005.0,5949915.0,100,100,1.0,0.8564186096191406,29.921743392944336
r17_c86,574305.0,5949915.0,100,100,1.0,0.8022516369819641,31.69137954711914
r17_c87,574605.0,5949915.0,100,100,1.0,0.8084341287612915,33.008995056152344
r17_c88,574905.0,5949915.0,100,98,0.98,0.7632350325584412,33.668331146240234
r17_c89,575205.0,5949915.0,100,94,0.94,0.7749851942062378,34.91426086425781
r17_c90,575505.0,5949915.0,100,99,0.99,0.7667578458786011,33.42525100708008
r17_c91,575805.0,5949915.0,100,100,1.0,0.712089478969574,34.495418548583984
r17_c92,576105.0,5949915.0,100,100,1.0,0.7042830586433411,33.581443786621094
r17_c93,576405.0,5949915.0,89,89,1.0,0.7397840023040771,32.350162506103516
r18_c74,570705.0,5949615.0,100,100,1.0,0.8436184525489807,30.426576614379883
r18_c75,571005.0,5949615.0,100,100,1.0,0.7735968828201294,33.24039077758789
r18_c76,571305.0,5949615.0,100,100,1.0,0.7929613590240479,33.72041320800781
r18_c77,571605.0,5949615.0,100,100,1.0,0.6654589772224426,37.706661224365234
r18_c78,571905.0,5949615.0,100,100,1.0,0.6469593644142151,37.676544189453125
r18_c79,572205.0,5949615.0,100,100,1.0,0.7638713717460632,34.94017028808594
r18_c80,572505.0,5949615.0,100,100,1.0,0.666475236415863,36.23836898803711
r18_c81,572805.0,5949615.0,100,100,1.0,0.6560255289077759,34.9929084777832
r18_c82,573105.0,5949615.0,100,100,1.0,0.6337376236915588,35.24064254760742
r18_c83,573405.0,5949615.0,100,100,1.0,0.7515280842781067,33.521724700927734
r18_c84,573705.0,5949615.0,100,100,1.0,0.8088675141334534,31.292673110961914
r18_c85,574005.0,5949615.0,100,100,1.0,0.895209789276123,28.8553409576416
r18_c86,574305.0,5949615.0,100,100,1.0,0.8352462649345398,31.198606491088867
r18_c87,574605.0,5949615.0,100,100,1.0,0.7797985076904297,33.49964904785156
r18_c88,574905.0,5949615.0,100,100,1.0,0.7512272000312805,34.282989501953125
r18_c89,575205.0,5949615.0,100,98,0.98,0.6798716187477112,36.34647750854492
r18_c90,575505.0,5949615.0,100,100,1.0,0.777794361114502,33.9396858215332
r18_c91,575805.0,5949615.0,100,100,1.0,0.8054119348526001,32.79372787475586
r18_c92,576105.0,5949615.0,100,100,1.0,0.7872635126113892,31.255512237548828
r19_c73,570405.0,5949315.0,94,94,1.0,0.8256685137748718,30.487010955810547
r19_c74,570705.0,5949315.0,100,100,1.0,0.818004310131073,31.390859603881836
r19_c75,571005.0,5949315.0,100,100,1.0,0.8154864311218262,32.5456428527832
r19_c76,571305.0,5949315.0,100,99,0.99,0.7266103029251099,35.46183395385742
r19_c77,571605.0,5949315.0,100,100,1.0,0.6737177968025208,36.91343307495117
r19_c78,571905.0,5949315.0,100,100,1.0,0.6476932764053345,37.03546142578125
r19_c79,572205.0,5949315.0,100,97,0.97,0.708146870136261,35.28908157348633
r19_c80,572505.0,5949315.0,100,100,1.0,0.6922118663787842,33.98289108276367
r19_c81,572805.0,5949315.0,100,100,1.0,0.7733359336853027,33.7388801574707
r19_c82,573105.0,5949315.0,100,100,1.0,0.6888425350189209,35.345306396484375
r19_c83,573405.0,5949315.0,100,100,1.0,0.8145318627357483,32.02695846557617
r19_c84,573705.0,5949315.0,100,100,1.0,0.8649049401283264,30.38921356201172
r19_c85,574005.0,5949315.0,100,100,1.0,0.8915407061576843,29.31175994873047
r19_c86,574305.0,5949315.0,100,100,1.0,0.8247148990631104,31.096263885498047
r19_c87,574605.0,5949315.0,100,100,1.0,0.8385281562805176,31.537494659423828
r19_c88,574905.0,5949315.0,100,100,1.0,0.7943261861801147,32.67200469970703
r19_c89,575205.0,5949315.0,100,100,1.0,0.8320363759994507,31.920757293701172
r19_c90,575505.0,5949315.0,100,100,1.0,0.840614914894104,31.423471450805664
r19_c91,575805.0,5949315.0,100,100,1.0,0.8117396831512451,31.77898406982422
r19_c92,576105.0,5949315.0,81,81,1.0,0.8435238599777222,30.543302536010742
r20_c74,570705.0,5949015.0,100,100,1.0,0.8437806963920593,30.844768524169922
r20_c75,571005.0,5949015.0,100,100,1.0,0.7368417382240295,32.61505889892578
r20_c76,571305.0,5949015.0,100,100,1.0,0.6859550476074219,33.524051666259766
r20_c77,571605.0,5949015.0,100,100,1.0,0.7272900938987732,35.07826232910156
r20_c78,571905.0,5949015.0,100,100,1.0,0.6613861918449402,37.288326263427734
r20_c79,572205.0,5949015.0,100,100,1.0,0.7490456104278564,35.14579772949219
r20_c80,572505.0,5949015.0,100,100,1.0,0.7634067535400391,33.162391662597656
r20_c81,572805.0,5949015.0,100,100,1.0,0.7187042832374573,34.73416519165039
r20_c82,573105.0,5949015.0,100,100,1.0,0.7228609323501587,34.242305755615234
r20_c83,573405.0,5949015.0,100,100,1.0,0.7682307362556458,33.99932098388672
r20_c84,573705.0,5949015.0,100,100,1.0,0.7914336323738098,31.681161880493164
r20_c85,574005.0,5949015.0,100,100,1.0,0.8741967082023621,29.607831954956055
r20_c86,574305.0,5949015.0,100,100,1.0,0.8459985852241516,29.912446975708008
r20_c87,574605.0,5949015.0,100,100,1.0,0.7990248799324036,32.33211898803711
r20_c88,574905.0,5949015.0,100,100,1.0,0.7846145033836365,33.3831901550293
r20_c89,575205.0,5949015.0,100,100,1.0,0.7413829565048218,34.280426025390625
r20_c90,575505.0,5949015.0,100,100,1.0,0.7697060108184814,32.976356506347656
r20_c91,575805.0,5949015.0,100,100,1.0,0.7714200615882874,30.548906326293945
r21_c74,570705.0,5948715.0,100,100,1.0,0.8128605484962463,31.929067611694336
r21_c75,571005.0,5948715.0,100,100,1.0,0.8458126783370972,30.210220336914062
r21_c76,571305.0,5948715.0,100,100,1.0,0.7773796916007996,31.434608459472656
r21_c77,571605.0,5948715.0,100,100,1.0,0.758727490901947,33.83970642089844
r21_c78,571905.0,5948715.0,100,100,1.0,0.7178413271903992,35.29669952392578
r21_c79,572205.0,5948715.0,100,100,1.0,0.7478517293930054,33.740142822265625
r21_c80,572505.0,5948715.0,100,100,1.0,0.7463257312774658,34.643043518066406
r21_c81,572805.0,5948715.0,100,100,1.0,0.7077085971832275,34.51087951660156
r21_c82,573105.0,5948715.0,100,100,1.0,0.6998269557952881,34.118892669677734
r21_c83,573405.0,5948715.0,100,100,1.0,0.7478330135345459,32.68263626098633
r21_c84,573705.0,5948715.0,100,100,1.0,0.8417778611183167,30.523134231567383
r21_c85,574005.0,5948715.0,100,100,1.0,0.7916953563690186,31.04338836669922
r21_c86,574305.0,5948715.0,100,100,1.0,0.8230047821998596,31.155702590942383
r21_c87,574605.0,5948715.0,100,100,1.0,0.7542849779129028,33.42964172363281
r21_c88,574905.0,5948715.0,100,100,1.0,0.6733049154281616,35.76993179321289
r21_c89,575205.0,5948715.0,100,100,1.0,0.7630062699317932,34.892860412597656
r21_c90,575505.0,5948715.0,98,98,1.0,0.8288075923919678,32.80973434448242
r22_c59,566205.0,5948415.0,81,75,0.9259259259259259,0.4978165626525879,40.44075012207031
r22_c60,566505.0,5948415.0,90,90,1.0,0.7106620073318481,36.576271057128906
r22_c61,566805.0,5948415.0,90,90,1.0,0.7354134321212769,35.6818962097168
r22_c62,567105.0,5948415.0,100,100,1.0,0.7203062176704407,35.84809875488281
r22_c63,567405.0,5948415.0,100,100,1.0,0.694862961769104,36.38462829589844
r22_c64,567705.0,5948415.0,100,100,1.0,0.6709733605384827,37.657371520996094
r22_c65,568005.0,5948415.0,100,100,1.0,0.6863831877708435,36.19355773925781
r22_c66,568305.0,5948415.0,100,100,1.0,0.7025070786476135,36.2632942199707
r22_c67,568605.0,5948415.0,100,100,1.0,0.6853610277175903,37.169960021972656
r22_c68,568905.0,5948415.0,99,99,1.0,0.7428131699562073,36.4758415222168
r22_c74,570705.0,5948415.0,92,92,1.0,0.7658677101135254,32.249229431152344
r22_c75,571005.0,5948415.0,100,100,1.0,0.8319429755210876,30.540197372436523
r22_c76,571305.0,5948415.0,100,100,1.0,0.8274385333061218,32.206787109375
r22_c77,571605.0,5948415.0,100,100,1.0,0.7809258103370667,34.55564498901367
r22_c78,571905.0,5948415.0,100,100,1.0,0.7917421460151672,34.247825622558594
r22_c79,572205.0,5948415.0,100,100,1.0,0.7512401342391968,34.67326736450195
r22_c80,572505.0,5948415.0,100,100,1.0,0.7157388925552368,35.83507537841797
r22_c81,572805.0,5948415.0,100,100,1.0,0.7442895770072937,35.60750961303711
r22_c82,573105.0,5948415.0,100,100,1.0,0.7690326571464539,33.5368766784668
r22_c83,573405.0,5948415.0,100,100,1.0,0.8517853617668152,30.564699172973633
r22_c84,573705.0,5948415.0,100,100,1.0,0.8406237959861755,30.961528778076172
r22_c85,574005.0,5948415.0,100,100,1.0,0.7639538049697876,32.426727294921875
r22_c86,574305.0,5948415.0,100,100,1.0,0.7348219156265259,32.23976516723633
r22_c87,574605.0,5948415.0,100,100,1.0,0.7064383029937744,35.34085464477539
r22_c88,574905.0,5948415.0,100,100,1.0,0.7525126934051514,34.54262924194336
r22_c89,575205.0,5948415.0,94,94,1.0,0.5958524942398071,37.30327224731445
r23_c58,565905.0,5948115.0,100,82,0.82,0.574166476726532,38.52583312988281
r23_c59,566205.0,5948115.0,100,84,0.84,0.5749875903129578,38.353302001953125
r23_c60,566505.0,5948115.0,100,100,1.0,0.6677001118659973,36.276954650878906
r23_c61,566805.0,5948115.0,100,100,1.0,0.7188532948493958,35.45399475097656
r23_c62,567105.0,5948115.0,100,100,1.0,0.709580659866333,35.821434020996094
r23_c63,567405.0,5948115.0,100,100,1.0,0.7312625646591187,35.172218322753906
r23_c64,567705.0,5948115.0,100,100,1.0,0.7879864573478699,33.80064010620117
r23_c65,568005.0,5948115.0,100,90,0.9,0.7038997411727905,34.598541259765625
r23_c66,568305.0,5948115.0,100,100,1.0,0.6904038786888123,36.671875
r23_c67,568605.0,5948115.0,100,100,1.0,0.6663731932640076,35.27787780761719
r23_c68,568905.0,5948115.0,100,100,1.0,0.630864143371582,35.5182991027832
r23_c69,569205.0,5948115.0,100,100,1.0,0.7770777940750122,32.11555480957031
r23_c70,569505.0,5948115.0,80,80,1.0,0.8571159243583679,31.303050994873047
r23_c71,569805.0,5948115.0,93,93,1.0,0.7053707242012024,34.02071762084961
r23_c72,570105.0,5948115.0,100,100,1.0,0.6803264617919922,33.45476531982422
r23_c73,570405.0,5948115.0,100,100,1.0,0.6401089429855347,36.59172821044922
r23_c74,570705.0,5948115.0,100,100,1.0,0.7379013299942017,36.62184524536133
r23_c75,571005.0,5948115.0,100,99,0.99,0.7757044434547424,33.03766632080078
r23_c76,571305.0,5948115.0,100,100,1.0,0.8511426448822021,30.595022201538086
r23_c77,571605.0,5948115.0,100,100,1.0,0.7939914464950562,34.10139083862305
r23_c78,571905.0,5948115.0,100,100,1.0,0.7931502461433411,35.052001953125
r23_c79,572205.0,5948115.0,100,100,1.0,0.7225404381752014,36.34539031982422
r23_c80,572505.0,5948115.0,100,100,1.0,0.6966465711593628,36.59852600097656
r23_c81,572805.0,5948115.0,100,100,1.0,0.7265925407409668,35.7127685546875
r23_c82,573105.0,5948115.0,100,100,1.0,0.7719965577125549,33.87716293334961
r23_c83,573405.0,5948115.0,100,100,1.0,0.7622056007385254,33.78590774536133
r23_c84,573705.0,5948115.0,100,100,1.0,0.7419826984405518,34.17508316040039
r23_c85,574005.0,5948115.0,100,100,1.0,0.7547814846038818,33.85023498535156
r23_c86,574305.0,5948115.0,100,100,1.0,0.7772705554962158,32.988243103027344
r23_c87,574605.0,5948115.0,100,100,1.0,0.8035295009613037,32.956214904785156
r23_c88,574905.0,5948115.0,100,100,1.0,0.6765993237495422,36.93629837036133
r23_c89,575205.0,5948115.0,100,96,0.96,0.7240316271781921,36.00905990600586
r24_c58,565905.0,5947815.0,100,94,0.94,0.5791566967964172,38.76171875
r24_c59,566205.0,5947815.0,100,95,0.95,0.6533991098403931,36.71544647216797
r24_c60,566505.0,5947815.0,100,100,1.0,0.5852695107460022,39.101924896240234
r24_c61,566805.0,5947815.0,100,99,0.99,0.6876193881034851,36.80067443847656
r24_c62,567105.0,5947815.0,100,100,1.0,0.7002279162406921,34.90793991088867
r24_c63,567405.0,5947815.0,100,100,1.0,0.7344223260879517,32.689231872558594
r24_c64,567705.0,5947815.0,100,98,0.98,0.6896504759788513,36.56122970581055
r24_c65,568005.0,5947815.0,100,100,1.0,0.5738058686256409,38.329078674316406
r24_c66,568305.0,5947815.0,100,100,1.0,0.7235385179519653,35.89407730102539
r24_c67,568605.0,5947815.0,100,100,1.0,0.612693190574646,33.81370162963867
r24_c68,568905.0,5947815.0,100,100,1.0,0.7714083790779114,34.530555725097656
r24_c69,569205.0,5947815.0,100,98,0.98,0.8215374946594238,31.06369400024414
r24_c70,569505.0,5947815.0,100,100,1.0,0.8736037611961365,30.13153839111328
r24_c71,569805.0,5947815.0,100,100,1.0,0.7607658505439758,33.97434616088867
r24_c72,570105.0,5947815.0,100,100,1.0,0.6923653483390808,36.649017333984375
r24_c73,570405.0,5947815.0,100,100,1.0,0.693528413772583,37.04643249511719
r24_c74,570705.0,5947815.0,100,100,1.0,0.7355830669403076,35.994895935058594
r24_c75,571005.0,5947815.0,100,100,1.0,0.7998008728027344,33.5065803527832
r24_c76,571305.0,5947815.0,100,99,0.99,0.8117465972900391,32.03318405151367
r24_c77,571605.0,5947815.0,100,96,0.96,0.8206860423088074,30.982580184936523
r24_c78,571905.0,5947815.0,100,100,1.0,0.7070558071136475,34.75600814819336
r24_c79,572205.0,5947815.0,100,100,1.0,0.6639771461486816,36.28554153442383
r24_c80,572505.0,5947815.0,100,100,1.0,0.7240961194038391,35.629573822021484
r24_c81,572805.0,5947815.0,100,100,1.0,0.7444456219673157,34.31764221191406
r24_c82,573105.0,5947815.0,100,100,1.0,0.7891207933425903,33.24024963378906
r24_c83,573405.0,5947815.0,100,100,1.0,0.7841478586196899,33.939788818359375
r24_c84,573705.0,5947815.0,100,100,1.0,0.7730886340141296,34.03401184082031
r24_c85,574005.0,5947815.0,100,100,1.0,0.7456178069114685,35.064823150634766
r24_c86,574305.0,5947815.0,100,100,1.0,0.7103334665298462,35.855045318603516
r24_c87,574605.0,5947815.0,100,100,1.0,0.7223817706108093,35.211524963378906
r24_c88,574905.0,5947815.0,100,98,0.98,0.7234204411506653,35.25871276855469
r24_c89,575205.0,5947815.0,100,90,0.9,0.7472240924835205,34.69374465942383
r24_c90,575505.0,5947815.0,100,100,1.0,0.7245765924453735,36.381927490234375
r24_c91,575805.0,5947815.0,100,99,0.99,0.7527078986167908,35.450408935546875
r24_c92,576105.0,5947815.0,98,98,1.0,0.8277559280395508,32.08714294433594
r25_c57,565605.0,5947515.0,92,92,1.0,0.7276718020439148,36.488033294677734
r25_c58,565905.0,5947515.0,100,100,1.0,0.6640714406967163,37.89885330200195
r25_c59,566205.0,5947515.0,100,100,1.0,0.6451103091239929,37.491214752197266
r25_c60,566505.0,5947515.0,100,100,1.0,0.639420747756958,37.7635383605957
r25_c61,566805.0,5947515.0,100,100,1.0,0.5759400725364685,39.50651550292969
r25_c62,567105.0,5947515.0,100,100,1.0,0.6712363362312317,35.93564224243164
r25_c63,567405.0,5947515.0,100,100,1.0,0.8004161715507507,31.634288787841797
r25_c64,567705.0,5947515.0,100,98,0.98,0.6576827764511108,36.15165710449219
r25_c65,568005.0,5947515.0,100,100,1.0,0.6791923642158508,37.31789016723633
r25_c66,568305.0,5947515.0,100,100,1.0,0.6834540367126465,36.532535552978516
r25_c67,568605.0,5947515.0,100,100,1.0,0.5981515645980835,32.98100280761719
r25_c68,568905.0,5947515.0,100,100,1.0,0.6655089855194092,33.066551208496094
r25_c70,569505.0,5947515.0,100,97,0.97,0.7576343417167664,32.2037353515625
r25_c71,569805.0,5947515.0,100,100,1.0,0.7050663232803345,36.048336029052734
r25_c72,570105.0,5947515.0,100,100,1.0,0.6246644854545593,38.822330474853516
r25_c73,570405.0,5947515.0,100,99,0.99,0.6611630320549011,38.77635192871094
r25_c74,570705.0,5947515.0,100,92,0.92,0.5835296511650085,40.3023567199707
r25_c75,571005.0,5947515.0,100,91,0.91,0.7142769694328308,37.40403747558594
r25_c76,571305.0,5947515.0,100,100,1.0,0.7506961226463318,35.636192321777344
r25_c77,571605.0,5947515.0,100,99,0.99,0.8060732483863831,33.4456901550293
r25_c78,571905.0,5947515.0,100,100,1.0,0.8022896647453308,32.41934585571289
r25_c79,572205.0,5947515.0,100,100,1.0,0.8067212104797363,33.2647590637207
r25_c80,572505.0,5947515.0,100,100,1.0,0.8186495900154114,32.634307861328125
r25_c81,572805.0,5947515.0,100,100,1.0,0.8476281762123108,31.381399154663086
r25_c82,573105.0,5947515.0,100,100,1.0,0.8612217903137207,30.973051071166992
r25_c83,573405.0,5947515.0,100,100,1.0,0.7807332873344421,33.641395568847656
r25_c84,573705.0,5947515.0,100,100,1.0,0.7351564764976501,34.408363342285156
r25_c85,574005.0,5947515.0,100,100,1.0,0.709683358669281,35.78346252441406
r25_c86,574305.0,5947515.0,100,100,1.0,0.6009329557418823,37.43666076660156
r25_c87,574605.0,5947515.0,100,100,1.0,0.6956253051757812,35.40283203125
r25_c88,574905.0,5947515.0,100,100,1.0,0.7075716257095337,36.778656005859375
r25_c89,575205.0,5947515.0,100,96,0.96,0.673200786113739,36.153255462646484
r25_c90,575505.0,5947515.0,100,99,0.99,0.6758115887641907,37.491939544677734
r25_c91,575805.0,5947515.0,100,100,1.0,0.7094849348068237,36.04896545410156
r25_c92,576105.0,5947515.0,100,100,1.0,0.7466312646865845,34.06522750854492
r26_c57,565605.0,5947215.0,100,98,0.98,0.6530009508132935,38.77202224731445
r26_c58,565905.0,5947215.0,100,100,1.0,0.6812779903411865,38.03669738769531
r26_c59,566205.0,5947215.0,100,100,1.0,0.6596905589103699,36.945735931396484
r26_c60,566505.0,5947215.0,100,100,1.0,0.7533764839172363,34.958866119384766
r26_c61,566805.0,5947215.0,100,100,1.0,0.6525315642356873,37.96027755737305
r26_c62,567105.0,5947215.0,100,100,1.0,0.6449353098869324,38.05015563964844
r26_c63,567405.0,5947215.0,100,99,0.99,0.7477935552597046,35.001617431640625
r26_c64,567705.0,5947215.0,100,99,0.99,0.6981370449066162,36.587162017822266
r26_c65,568005.0,5947215.0,100,100,1.0,0.655754029750824,36.4498405456543
r26_c66,568305.0,5947215.0,100,99,0.99,0.698581874370575,36.42565155029297
r26_c67,568605.0,5947215.0,100,100,1.0,0.7382624745368958,33.100730895996094
r26_c68,568905.0,5947215.0,100,100,1.0,0.6349404454231262,34.476959228515625
r26_c69,569205.0,5947215.0,100,100,1.0,0.5213262438774109,35.61440658569336
r26_c70,569505.0,5947215.0,100,100,1.0,0.661576509475708,33.333702087402344
r26_c71,569805.0,5947215.0,100,100,1.0,0.7633432745933533,33.521793365478516
r26_c72,570105.0,5947215.0,100,100,1.0,0.6150071620941162,38.846561431884766
r26_c73,570405.0,5947215.0,100,91,0.91,0.5391013622283936,39.64918518066406
r26_c74,570705.0,5947215.0,100,81,0.81,0.4797106683254242,41.948097229003906
r26_c75,571005.0,5947215.0,100,97,0.97,0.6763303279876709,38.50886535644531
r26_c76,571305.0,5947215.0,100,100,1.0,0.5897185802459717,38.84090805053711
r26_c77,571605.0,5947215.0,100,99,0.99,0.6385494470596313,36.228580474853516
r26_c78,571905.0,5947215.0,100,100,1.0,0.7553899884223938,34.40476989746094
r26_c79,572205.0,5947215.0,100,100,1.0,0.8233656883239746,31.925067901611328
r26_c80,572505.0,5947215.0,100,100,1.0,0.849045991897583,30.810592651367188
r26_c81,572805.0,5947215.0,100,100,1.0,0.8265650272369385,31.896631240844727
r26_c82,573105.0,5947215.0,100,100,1.0,0.7405411005020142,34.41423416137695
r26_c83,573405.0,5947215.0,100,100,1.0,0.7858586311340332,31.239652633666992
r26_c84,573705.0,5947215.0,100,100,1.0,0.7076324224472046,33.61985397338867
r26_c85,574005.0,5947215.0,100,100,1.0,0.8089093565940857,32.1965217590332
r26_c86,574305.0,5947215.0,100,100,1.0,0.683562695980072,35.14606857299805
r26_c87,574605.0,5947215.0,100,100,1.0,0.7987940311431885,32.251556396484375
r26_c88,574905.0,5947215.0,100,100,1.0,0.6856104135513306,33.813697814941406
r26_c89,575205.0,5947215.0,100,100,1.0,0.6595907807350159,35.43783187866211
r26_c90,575505.0,5947215.0,100,100,1.0,0.6899892687797546,36.62474060058594
r26_c91,575805.0,5947215.0,100,100,1.0,0.7732604146003723,34.5867805480957
r26_c92,576105.0,5947215.0,100,100,1.0,0.7776691317558289,33.45695877075195
r26_c93,576405.0,5947215.0,100,100,1.0,0.8524602651596069,30.264394760131836
r26_c94,576705.0,5947215.0,100,100,1.0,0.8627114295959473,29.511680603027344
r27_c57,565605.0,5946915.0,96,82,0.8541666666666666,0.5796456933021545,40.877601623535156
r27_c58,565905.0,5946915.0,100,97,0.97,0.6222400069236755,39.862884521484375
r27_c59,566205.0,5946915.0,100,97,0.97,0.6552219390869141,38.78388214111328
r27_c60,566505.0,5946915.0,100,100,1.0,0.6485772132873535,37.32704544067383
r27_c61,566805.0,5946915.0,100,100,1.0,0.6959114074707031,36.48402404785156
r27_c62,567105.0,5946915.0,100,100,1.0,0.8100147843360901,33.096797943115234
r27_c63,567405.0,5946915.0,100,100,1.0,0.7531890273094177,34.48362731933594
r27_c64,567705.0,5946915.0,100,100,1.0,0.6768662333488464,36.481388092041016
r27_c65,568005.0,5946915.0,100,100,1.0,0.7122653126716614,35.83470153808594
r27_c66,568305.0,5946915.0,100,100,1.0,0.7512974739074707,34.63422393798828
r27_c67,568605.0,5946915.0,100,100,1.0,0.8139963746070862,30.676572799682617
r27_c68,568905.0,5946915.0,100,100,1.0,0.578562319278717,35.3803825378418
r27_c69,569205.0,5946915.0,100,100,1.0,0.6016571521759033,34.55451583862305
r27_c70,569505.0,5946915.0,100,100,1.0,0.7080494165420532,33.40510177612305
r27_c71,569805.0,5946915.0,100,100,1.0,0.6825119256973267,33.687950134277344
r27_c72,570105.0,5946915.0,100,100,1.0,0.6442923545837402,37.93610763549805
r27_c73,570405.0,5946915.0,100,100,1.0,0.5883861780166626,39.41360855102539
r27_c74,570705.0,5946915.0,100,100,1.0,0.630118191242218,39.073482513427734
r27_c75,571005.0,5946915.0,100,100,1.0,0.6314553618431091,37.897586822509766
r27_c76,571305.0,5946915.0,100,100,1.0,0.645855188369751,36.3205451965332
r27_c77,571605.0,5946915.0,100,100,1.0,0.6916810870170593,36.621334075927734
r27_c78,571905.0,5946915.0,100,99,0.99,0.694186806678772,36.091129302978516
r27_c79,572205.0,5946915.0,100,100,1.0,0.8105919361114502,31.742782592773438
r27_c80,572505.0,5946915.0,100,99,0.99,0.8476126194000244,31.0308780670166
r27_c81,572805.0,5946915.0,100,100,1.0,0.7287723422050476,35.7367057800293
r27_c82,573105.0,5946915.0,100,100,1.0,0.7083307504653931,35.95498275756836
r27_c83,573405.0,5946915.0,100,100,1.0,0.8799846172332764,30.33169937133789
r27_c84,573705.0,5946915.0,100,100,1.0,0.7707234025001526,32.00138854980469
r27_c85,574005.0,5946915.0,100,100,1.0,0.7475206255912781,33.64278793334961
r27_c86,574305.0,5946915.0,100,99,0.99,0.7580168843269348,32.82802200317383
r27_c87,574605.0,5946915.0,100,100,1.0,0.7528361678123474,31.811141967773438
r27_c88,574905.0,5946915.0,100,100,1.0,0.8135855197906494,31.377979278564453
r27_c89,575205.0,5946915.0,100,100,1.0,0.7642939686775208,32.23289108276367
r27_c90,575505.0,5946915.0,100,100,1.0,0.7588021159172058,34.47942352294922
r27_c91,575805.0,5946915.0,100,100,1.0,0.6880390644073486,37.51947784423828
r27_c92,576105.0,5946915.0,100,97,0.97,0.7446612119674683,34.74050521850586
r27_c93,576405.0,5946915.0,100,100,1.0,0.8543972969055176,30.4128360748291
r27_c94,576705.0,5946915.0,100,100,1.0,0.8795340061187744,29.532148361206055
r27_c95,577005.0,5946915.0,100,100,1.0,0.8752811551094055,29.5211124420166
r27_c96,577305.0,5946915.0,100,100,1.0,0.8493682742118835,29.792367935180664
r28_c57,565605.0,5946615.0,96,94,0.9791666666666666,0.6177816390991211,38.41201400756836
r28_c58,565905.0,5946615.0,100,77,0.77,0.5285581350326538,39.93156433105469
r28_c59,566205.0,5946615.0,100,99,0.99,0.6853249073028564,37.230194091796875
r28_c60,566505.0,5946615.0,100,93,0.93,0.6772547364234924,38.22502899169922
r28_c61,566805.0,5946615.0,100,99,0.99,0.7217553853988647,35.686180114746094
r28_c62,567105.0,5946615.0,100,100,1.0,0.784066379070282,33.28834915161133
r28_c63,567405.0,5946615.0,100,100,1.0,0.7284919619560242,34.61500930786133
r28_c64,567705.0,5946615.0,100,99,0.99,0.6692497730255127,35.85593032836914
r28_c65,568005.0,5946615.0,100,100,1.0,0.6937933564186096,36.61757278442383
r28_c66,568305.0,5946615.0,100,100,1.0,0.7313662767410278,34.74992752075195
r28_c67,568605.0,5946615.0,100,100,1.0,0.8438584208488464,29.95120620727539
r28_c68,568905.0,5946615.0,100,100,1.0,0.6584420204162598,32.7070426940918
r28_c69,569205.0,5946615.0,100,100,1.0,0.7576599717140198,32.895233154296875
r28_c70,569505.0,5946615.0,100,100,1.0,0.7246479988098145,33.72554016113281
r28_c71,569805.0,5946615.0,100,100,1.0,0.713715136051178,34.18390655517578
r28_c72,570105.0,5946615.0,100,100,1.0,0.6897290945053101,36.517391204833984
r28_c73,570405.0,5946615.0,100,100,1.0,0.6480911374092102,38.3045768737793
r28_c74,570705.0,5946615.0,100,100,1.0,0.6414769887924194,38.158626556396484
r28_c75,571005.0,5946615.0,100,89,0.89,0.6487429141998291,38.9373779296875
r28_c76,571305.0,5946615.0,100,100,1.0,0.6624292135238647,37.13923263549805
r28_c77,571605.0,5946615.0,100,100,1.0,0.7092686295509338,37.258548736572266
r28_c78,571905.0,5946615.0,100,98,0.98,0.6145653128623962,38.39914321899414
r28_c79,572205.0,5946615.0,100,100,1.0,0.8667395710945129,30.8539981842041
r28_c80,572505.0,5946615.0,100,100,1.0,0.7886538505554199,34.429115295410156
r28_c81,572805.0,5946615.0,100,100,1.0,0.7154380679130554,36.820980072021484
r28_c82,573105.0,5946615.0,100,100,1.0,0.6757776141166687,37.76176071166992
r28_c83,573405.0,5946615.0,100,100,1.0,0.851332426071167,31.9732608795166
r28_c84,573705.0,5946615.0,100,100,1.0,0.6949957013130188,33.735076904296875
r28_c85,574005.0,5946615.0,100,100,1.0,0.7270575165748596,34.225425720214844
r28_c86,574305.0,5946615.0,100,100,1.0,0.7060530781745911,35.654441833496094
r28_c87,574605.0,5946615.0,100,100,1.0,0.6377745270729065,35.06727981567383
r28_c88,574905.0,5946615.0,100,100,1.0,0.7680040597915649,33.33858871459961
r28_c89,575205.0,5946615.0,100,100,1.0,0.8117526769638062,31.242591857910156
r28_c90,575505.0,5946615.0,100,100,1.0,0.7999494075775146,31.378015518188477
r28_c91,575805.0,5946615.0,100,99,0.99,0.7822604775428772,32.603580474853516
r28_c92,576105.0,5946615.0,100,100,1.0,0.8761910796165466,30.904966354370117
r28_c93,576405.0,5946615.0,100,100,1.0,0.8462082743644714,31.457250595092773
r28_c94,576705.0,5946615.0,100,97,0.97,0.753101646900177,34.8906135559082
r28_c95,577005.0,5946615.0,100,99,0.99,0.7772238254547119,34.63764190673828
r28_c96,577305.0,5946615.0,100,100,1.0,0.8745484948158264,29.623207092285156
r28_c97,577605.0,5946615.0,92,92,1.0,0.7508394718170166,32.39338302612305
r29_c57,565605.0,5946315.0,82,82,1.0,0.8482659459114075,32.40227508544922
r29_c58,565905.0,5946315.0,100,99,0.99,0.7091218829154968,36.57805252075195
r29_c59,566205.0,5946315.0,100,100,1.0,0.6052156686782837,39.100624084472656
r29_c60,566505.0,5946315.0,100,72,0.72,0.47953352332115173,41.24333953857422
r29_c61,566805.0,5946315.0,100,98,0.98,0.8278035521507263,33.605472564697266
r29_c62,567105.0,5946315.0,100,100,1.0,0.7206498980522156,34.2514762878418
r29_c63,567405.0,5946315.0,100,100,1.0,0.6791142821311951,35.951419830322266
r29_c64,567705.0,5946315.0,100,100,1.0,0.7034251689910889,36.11277770996094
r29_c65,568005.0,5946315.0,100,100,1.0,0.7455787062644958,33.9528694152832
r29_c66,568305.0,5946315.0,100,100,1.0,0.8081474304199219,31.00555992126465
r29_c67,568605.0,5946315.0,100,100,1.0,0.8492265343666077,29.922801971435547
r29_c68,568905.0,5946315.0,100,100,1.0,0.709078848361969,31.357952117919922
r29_c69,569205.0,5946315.0,100,100,1.0,0.6539235711097717,34.228572845458984
r29_c70,569505.0,5946315.0,100,100,1.0,0.565626323223114,35.60039138793945
r29_c71,569805.0,5946315.0,100,100,1.0,0.6719526052474976,34.012454986572266
r29_c72,570105.0,5946315.0,100,100,1.0,0.7178055047988892,36.81916809082031
r29_c73,570405.0,5946315.0,100,100,1.0,0.6651313304901123,38.222747802734375
r29_c74,570705.0,5946315.0,100,100,1.0,0.669691801071167,37.988922119140625
r29_c75,571005.0,5946315.0,100,100,1.0,0.6071397662162781,38.581844329833984
r29_c76,571305.0,5946315.0,100,99,0.99,0.6704879999160767,37.446571350097656
r29_c77,571605.0,5946315.0,100,96,0.96,0.535084068775177,39.885589599609375
r29_c78,571905.0,5946315.0,100,98,0.98,0.7392651438713074,35.600582122802734
r29_c79,572205.0,5946315.0,100,100,1.0,0.8243598937988281,32.6231575012207
r29_c80,572505.0,5946315.0,100,100,1.0,0.6400372982025146,38.67884063720703
r29_c81,572805.0,5946315.0,100,97,0.97,0.6051076650619507,40.831275939941406
r29_c82,573105.0,5946315.0,100,100,1.0,0.6568077802658081,38.5880241394043
r29_c83,573405.0,5946315.0,100,100,1.0,0.7073399424552917,37.5134391784668
r29_c84,573705.0,5946315.0,100,100,1.0,0.7492266893386841,34.82211685180664
r29_c85,574005.0,5946315.0,100,100,1.0,0.8172496557235718,32.93826675415039
r29_c86,574305.0,5946315.0,100,100,1.0,0.7477418780326843,35.090736389160156
r29_c87,574605.0,5946315.0,100,100,1.0,0.7288486361503601,36.33154296875
r29_c88,574905.0,5946315.0,100,100,1.0,0.7178657054901123,35.87181091308594
r29_c89,575205.0,5946315.0,100,100,1.0,0.8078715801239014,32.903785705566406
r29_c90,575505.0,5946315.0,100,100,1.0,0.8425895571708679,30.511821746826172
r29_c91,575805.0,5946315.0,100,100,1.0,0.7765871286392212,33.164817810058594
r29_c92,576105.0,5946315.0,100,100,1.0,0.7576727271080017,34.440181732177734
r29_c93,576405.0,5946315.0,100,100,1.0,0.752011775970459,34.3502197265625
r29_c94,576705.0,5946315.0,100,100,1.0,0.7593674659729004,34.49248123168945
r29_c95,577005.0,5946315.0,100,100,1.0,0.7828739881515503,33.511268615722656
r29_c96,577305.0,5946315.0,100,100,1.0,0.7969107627868652,32.68458557128906
r29_c97,577605.0,5946315.0,100,100,1.0,0.7467393279075623,34.95199203491211
r29_c98,577905.0,5946315.0,100,100,1.0,0.7722015976905823,34.17607116699219
r29_c99,578205.0,5946315.0,100,100,1.0,0.7970864176750183,32.61423873901367
r30_c57,565605.0,5946015.0,84,84,1.0,0.7725989818572998,34.3180046081543
r30_c58,565905.0,5946015.0,100,99,0.99,0.67852783203125,37.61733627319336
r30_c59,566205.0,5946015.0,100,100,1.0,0.6636044383049011,37.8265495300293
r30_c60,566505.0,5946015.0,100,100,1.0,0.7104843854904175,37.38337326049805
r30_c61,566805.0,5946015.0,100,95,0.95,0.7013745903968811,37.219051361083984
r30_c62,567105.0,5946015.0,100,100,1.0,0.7587700486183167,35.077335357666016
r30_c63,567405.0,5946015.0,100,100,1.0,0.6843090057373047,36.14986801147461
r30_c64,567705.0,5946015.0,100,99,0.99,0.7104200124740601,36.04161834716797
r30_c65,568005.0,5946015.0,100,100,1.0,0.6931683421134949,36.159725189208984
r30_c66,568305.0,5946015.0,100,100,1.0,0.8601589798927307,29.391983032226562
r30_c67,568605.0,5946015.0,100,100,1.0,0.8749027848243713,29.057899475097656
r30_c68,568905.0,5946015.0,100,100,1.0,0.8138386011123657,31.224512100219727
r30_c69,569205.0,5946015.0,100,100,1.0,0.6796740889549255,33.541038513183594
r30_c70,569505.0,5946015.0,100,100,1.0,0.7019099593162537,33.320167541503906
r30_c71,569805.0,5946015.0,100,100,1.0,0.7464117407798767,33.58372497558594
r30_c72,570105.0,5946015.0,100,100,1.0,0.6865440607070923,38.163169860839844
r30_c73,570405.0,5946015.0,100,100,1.0,0.6444649696350098,38.789791107177734
r30_c74,570705.0,5946015.0,100,100,1.0,0.6718303561210632,38.114295959472656
r30_c75,571005.0,5946015.0,100,100,1.0,0.6487640142440796,38.15715408325195
r30_c76,571305.0,5946015.0,100,100,1.0,0.7204537987709045,34.849456787109375
r30_c77,571605.0,5946015.0,100,99,0.99,0.6648803353309631,36.84504318237305
r30_c78,571905.0,5946015.0,100,96,0.96,0.7628962397575378,33.119014739990234
r30_c79,572205.0,5946015.0,100,100,1.0,0.7001481652259827,37.416259765625
r30_c80,572505.0,5946015.0,100,100,1.0,0.7083866596221924,37.057193756103516
r30_c81,572805.0,5946015.0,100,100,1.0,0.6395145654678345,37.791221618652344
r30_c82,573105.0,5946015.0,100,100,1.0,0.6542617082595825,37.979793548583984
r30_c83,573405.0,5946015.0,100,100,1.0,0.6582791209220886,37.78004837036133
r30_c84,573705.0,5946015.0,100,100,1.0,0.679119348526001,38.100379943847656
r30_c85,574005.0,5946015.0,100,100,1.0,0.7001950144767761,37.00740051269531
r30_c86,574305.0,5946015.0,100,100,1.0,0.6954002380371094,36.5529670715332
r30_c87,574605.0,5946015.0,100,100,1.0,0.702958881855011,36.12525939941406
r30_c88,574905.0,5946015.0,100,100,1.0,0.8013606071472168,33.51123046875
r30_c89,575205.0,5946015.0,100,100,1.0,0.7492125034332275,34.20512771606445
r30_c90,575505.0,5946015.0,100,100,1.0,0.8733670115470886,29.808395385742188
r30_c91,575805.0,5946015.0,100,100,1.0,0.8074295520782471,32.32853698730469
r30_c92,576105.0,5946015.0,100,100,1.0,0.7385460734367371,35.331214904785156
r30_c93,576405.0,5946015.0,100,100,1.0,0.7507420182228088,35.187461853027344
r30_c94,576705.0,5946015.0,100,100,1.0,0.7575280666351318,33.91682052612305
r30_c95,577005.0,5946015.0,100,100,1.0,0.8376585245132446,31.966215133666992
r30_c96,577305.0,5946015.0,100,100,1.0,0.7436864376068115,35.89787292480469
r30_c97,577605.0,5946015.0,100,100,1.0,0.718556821346283,35.91050720214844
r30_c98,577905.0,5946015.0,100,100,1.0,0.7157366871833801,35.62468719482422
r30_c99,578205.0,5946015.0,100,100,1.0,0.721727728843689,35.417144775390625
r31_c57,565605.0,5945715.0,100,100,1.0,0.6552238464355469,36.919551849365234
r31_c58,565905.0,5945715.0,100,100,1.0,0.717690646648407,35.734588623046875
r31_c59,566205.0,5945715.0,100,100,1.0,0.7121153473854065,36.173091888427734
r31_c60,566505.0,5945715.0,100,100,1.0,0.6586083769798279,37.62588882446289
r31_c61,566805.0,5945715.0,100,100,1.0,0.6926811337471008,36.767547607421875
r31_c62,567105.0,5945715.0,100,100,1.0,0.6764535307884216,36.888404846191406
r31_c63,567405.0,5945715.0,100,100,1.0,0.6837078332901001,36.46292495727539
r31_c64,567705.0,5945715.0,100,100,1.0,0.7057209610939026,35.516380310058594
r31_c65,568005.0,5945715.0,100,100,1.0,0.7684966325759888,33.59822463989258
r31_c66,568305.0,5945715.0,100,100,1.0,0.8720090389251709,29.886367797851562
r31_c67,568605.0,5945715.0,100,99,0.99,0.8555243015289307,29.113819122314453
r31_c68,568905.0,5945715.0,100,100,1.0,0.8409127593040466,30.564800262451172
r31_c69,569205.0,5945715.0,100,100,1.0,0.781680703163147,32.45235824584961
r31_c70,569505.0,5945715.0,100,100,1.0,0.8174378275871277,32.22417068481445
r31_c71,569805.0,5945715.0,100,100,1.0,0.8266037106513977,32.534217834472656
r31_c72,570105.0,5945715.0,100,100,1.0,0.665282130241394,37.25981903076172
r31_c73,570405.0,5945715.0,100,100,1.0,0.6949203014373779,38.266048431396484
r31_c74,570705.0,5945715.0,100,100,1.0,0.6433740258216858,38.878387451171875
r31_c75,571005.0,5945715.0,100,100,1.0,0.6942165493965149,36.661964416503906
r31_c76,571305.0,5945715.0,100,99,0.99,0.7132447361946106,35.625587463378906
r31_c77,571605.0,5945715.0,100,100,1.0,0.7863848209381104,34.08976745605469
r31_c78,571905.0,5945715.0,100,97,0.97,0.743567705154419,34.71742248535156
r31_c79,572205.0,5945715.0,100,93,0.93,0.38224485516548157,41.442935943603516
r31_c80,572505.0,5945715.0,100,95,0.95,0.5990145802497864,38.03981399536133
r31_c81,572805.0,5945715.0,100,98,0.98,0.6625996232032776,38.095157623291016
r31_c82,573105.0,5945715.0,100,100,1.0,0.6379501819610596,37.731021881103516
r31_c83,573405.0,5945715.0,100,100,1.0,0.6748297214508057,38.22068786621094
r31_c84,573705.0,5945715.0,100,100,1.0,0.6547567248344421,38.55812072753906
r31_c85,574005.0,5945715.0,100,100,1.0,0.6339032649993896,38.041282653808594
r31_c86,574305.0,5945715.0,100,100,1.0,0.6651878356933594,37.71342849731445
r31_c87,574605.0,5945715.0,100,100,1.0,0.6713218092918396,37.24580383300781
r31_c88,574905.0,5945715.0,100,100,1.0,0.7455600500106812,35.010475158691406
r31_c89,575205.0,5945715.0,100,100,1.0,0.760589599609375,34.005889892578125
r31_c90,575505.0,5945715.0,100,100,1.0,0.8763806819915771,29.874738693237305
r31_c91,575805.0,5945715.0,100,100,1.0,0.8753452301025391,30.15406036376953
r31_c92,576105.0,5945715.0,100,100,1.0,0.7474896907806396,35.06106185913086
r31_c93,576405.0,5945715.0,100,100,1.0,0.7657803297042847,35.228004455566406
r31_c94,576705.0,5945715.0,100,100,1.0,0.8169451951980591,32.726417541503906
r31_c95,577005.0,5945715.0,100,100,1.0,0.7463927268981934,34.4677734375
r31_c96,577305.0,5945715.0,100,100,1.0,0.7155178785324097,36.22890090942383
r31_c97,577605.0,5945715.0,100,100,1.0,0.7246257662773132,35.797821044921875
r31_c98,577905.0,5945715.0,100,100,1.0,0.7757448554039001,34.166748046875
r31_c99,578205.0,5945715.0,100,100,1.0,0.7291129231452942,35.347042083740234
r31_c100,578505.0,5945715.0,100,100,1.0,0.6846150755882263,36.503570556640625
r31_c101,578805.0,5945715.0,88,88,1.0,0.744540810585022,32.485660552978516
r32_c57,565605.0,5945415.0,100,100,1.0,0.7588362693786621,34.08417510986328
r32_c58,565905.0,5945415.0,100,100,1.0,0.6278331875801086,37.0921630859375
r32_c59,566205.0,5945415.0,100,100,1.0,0.7141181230545044,36.40684127807617
r32_c60,566505.0,5945415.0,100,100,1.0,0.6446508765220642,37.718711853027344
r32_c61,566805.0,5945415.0,100,100,1.0,0.7435360550880432,35.663692474365234
r32_c62,567105.0,5945415.0,100,100,1.0,0.7034910321235657,36.854366302490234
r32_c63,567405.0,5945415.0,100,100,1.0,0.6221898794174194,37.76971435546875
r32_c64,567705.0,5945415.0,100,100,1.0,0.7782516479492188,34.37640380859375
r32_c65,568005.0,5945415.0,100,100,1.0,0.7517716288566589,34.383888244628906
r32_c66,568305.0,5945415.0,100,100,1.0,0.8612008094787598,30.848182678222656
r32_c67,568605.0,5945415.0,100,97,0.97,0.8258044719696045,30.96668815612793
r32_c68,568905.0,5945415.0,100,97,0.97,0.6853403449058533,34.5275993347168
r32_c69,569205.0,5945415.0,100,100,1.0,0.7984297275543213,31.155839920043945
r32_c70,569505.0,5945415.0,100,100,1.0,0.7699699401855469,32.17532730102539
r32_c71,569805.0,5945415.0,100,100,1.0,0.7018903493881226,32.763885498046875
r32_c72,570105.0,5945415.0,100,99,0.99,0.6910260915756226,36.53354263305664
r32_c73,570405.0,5945415.0,100,99,0.99,0.6872721314430237,38.51054382324219
r32_c74,570705.0,5945415.0,100,100,1.0,0.6446069478988647,38.661376953125
r32_c75,571005.0,5945415.0,100,100,1.0,0.6768880486488342,37.27529525756836
r32_c76,571305.0,5945415.0,100,100,1.0,0.6382356286048889,36.436580657958984
r32_c77,571605.0,5945415.0,100,100,1.0,0.8129119873046875,32.56724166870117
r32_c78,571905.0,5945415.0,100,95,0.95,0.6513580679893494,37.19573211669922
r32_c79,572205.0,5945415.0,100,91,0.91,0.42211613059043884,40.18419647216797
r32_c80,572505.0,5945415.0,100,97,0.97,0.6717070937156677,37.590396881103516
r32_c81,572805.0,5945415.0,100,99,0.99,0.6864124536514282,37.29472351074219
r32_c82,573105.0,5945415.0,100,91,0.91,0.5752604007720947,39.46063232421875
r32_c83,573405.0,5945415.0,100,100,1.0,0.5809190273284912,39.255802154541016
r32_c84,573705.0,5945415.0,100,100,1.0,0.6240624785423279,38.52438735961914
r32_c85,574005.0,5945415.0,100,100,1.0,0.6875912547111511,37.22294616699219
r32_c86,574305.0,5945415.0,100,100,1.0,0.6554247140884399,37.66035079956055
r32_c87,574605.0,5945415.0,100,100,1.0,0.6909893155097961,37.058502197265625
r32_c88,574905.0,5945415.0,100,100,1.0,0.8407379388809204,32.195465087890625
r32_c89,575205.0,5945415.0,100,100,1.0,0.7826942205429077,33.12492752075195
r32_c90,575505.0,5945415.0,100,100,1.0,0.8403528332710266,30.633373260498047
r32_c91,575805.0,5945415.0,100,99,0.99,0.8214165568351746,31.255117416381836
r32_c92,576105.0,5945415.0,100,100,1.0,0.8245642185211182,31.518112182617188
r32_c93,576405.0,5945415.0,100,100,1.0,0.7772733569145203,32.69801712036133
r32_c94,576705.0,5945415.0,100,89,0.89,0.7238765358924866,34.055213928222656
r32_c95,577005.0,5945415.0,100,100,1.0,0.6469748020172119,37.1826057434082
r32_c96,577305.0,5945415.0,100,96,0.96,0.774726927280426,35.410797119140625
r32_c97,577605.0,5945415.0,100,99,0.99,0.6536104083061218,37.97418212890625
r32_c98,577905.0,5945415.0,100,100,1.0,0.7468090653419495,34.7339973449707
r32_c99,578205.0,5945415.0,100,100,1.0,0.6926583647727966,35.6749382019043
r32_c100,578505.0,5945415.0,100,100,1.0,0.6781013607978821,35.2222900390625
r32_c101,578805.0,5945415.0,100,100,1.0,0.6378751397132874,33.916481018066406
r33_c39,560205.0,5945115.0,100,100,1.0,0.7715481519699097,34.07158279418945
r33_c40,560505.0,5945115.0,100,100,1.0,0.7588194012641907,34.02687454223633
r33_c57,565605.0,5945115.0,100,100,1.0,0.6883542537689209,35.610069274902344
r33_c58,565905.0,5945115.0,100,100,1.0,0.5983628034591675,38.591888427734375
r33_c59,566205.0,5945115.0,100,100,1.0,0.7621640563011169,35.091617584228516
r33_c60,566505.0,5945115.0,100,99,0.99,0.7180832624435425,36.87306594848633
r33_c61,566805.0,5945115.0,100,91,0.91,0.614738941192627,38.6090202331543
r33_c62,567105.0,5945115.0,100,87,0.87,0.4770020544528961,40.83873748779297
r33_c63,567405.0,5945115.0,100,100,1.0,0.6253862977027893,37.53824234008789
r33_c64,567705.0,5945115.0,100,99,0.99,0.723451554775238,35.407798767089844
r33_c65,568005.0,5945115.0,100,100,1.0,0.7320232391357422,35.02815246582031
r33_c66,568305.0,5945115.0,100,98,0.98,0.6719362735748291,38.00592803955078
r33_c67,568605.0,5945115.0,100,80,0.8,0.5791929364204407,40.13683319091797
r33_c68,568905.0,5945115.0,100,99,0.99,0.6896563172340393,36.69913101196289
r33_c69,569205.0,5945115.0,100,100,1.0,0.7748814225196838,33.72697830200195
r33_c70,569505.0,5945115.0,100,100,1.0,0.5637168884277344,36.3857536315918
r33_c71,569805.0,5945115.0,100,100,1.0,0.6638349294662476,35.7054328918457
r33_c72,570105.0,5945115.0,100,96,0.96,0.7386971116065979,36.82258224487305
r33_c73,570405.0,5945115.0,100,94,0.94,0.6114612221717834,38.443660736083984
r33_c74,570705.0,5945115.0,100,98,0.98,0.6877112984657288,36.86103439331055
r33_c75,571005.0,5945115.0,100,90,0.9,0.5975742936134338,37.658729553222656
r33_c76,571305.0,5945115.0,100,98,0.98,0.6817936897277832,36.11625671386719
r33_c77,571605.0,5945115.0,100,100,1.0,0.8344234228134155,31.789403915405273
r33_c78,571905.0,5945115.0,100,100,1.0,0.7473328113555908,35.1484260559082
r33_c79,572205.0,5945115.0,100,100,1.0,0.7175562381744385,36.01575469970703
r33_c80,572505.0,5945115.0,100,100,1.0,0.6965364217758179,36.830718994140625
r33_c81,572805.0,5945115.0,100,100,1.0,0.6925804018974304,37.690494537353516
r33_c82,573105.0,5945115.0,100,100,1.0,0.6390427947044373,38.261470794677734
r33_c83,573405.0,5945115.0,100,100,1.0,0.6557180285453796,38.089237213134766
r33_c84,573705.0,5945115.0,100,100,1.0,0.6369754672050476,38.48969268798828
r33_c85,574005.0,5945115.0,100,100,1.0,0.6542811393737793,37.914955139160156
r33_c86,574305.0,5945115.0,100,100,1.0,0.6780197620391846,37.876976013183594
r33_c87,574605.0,5945115.0,100,100,1.0,0.6647365689277649,37.78661346435547
r33_c88,574905.0,5945115.0,100,100,1.0,0.6498299241065979,37.462135314941406
r33_c89,575205.0,5945115.0,100,100,1.0,0.8174147009849548,31.879030227661133
r33_c90,575505.0,5945115.0,100,100,1.0,0.8761445879936218,29.596757888793945
r33_c91,575805.0,5945115.0,100,100,1.0,0.7183390855789185,35.291709899902344
r33_c92,576105.0,5945115.0,100,100,1.0,0.8110826015472412,33.49909973144531
r33_c93,576405.0,5945115.0,100,100,1.0,0.7021350264549255,35.09299087524414
r33_c94,576705.0,5945115.0,100,100,1.0,0.7455931305885315,34.31593704223633
r33_c95,577005.0,5945115.0,100,97,0.97,0.630038857460022,37.410823822021484
r33_c96,577305.0,5945115.0,100,94,0.94,0.6756523251533508,36.33103561401367
r33_c97,577605.0,5945115.0,100,99,0.99,0.7669427394866943,33.35601806640625
r33_c98,577905.0,5945115.0,100,100,1.0,0.768517255783081,34.85936737060547
r33_c99,578205.0,5945115.0,100,100,1.0,0.7017544507980347,35.26576232910156
r33_c100,578505.0,5945115.0,100,100,1.0,0.6284453272819519,34.882850646972656
r33_c101,578805.0,5945115.0,100,100,1.0,0.45434051752090454,33.529937744140625
r34_c39,560205.0,5944815.0,100,100,1.0,0.6557471752166748,36.747352600097656
r34_c40,560505.0,5944815.0,100,100,1.0,0.7120949029922485,36.000709533691406
r34_c41,560805.0,5944815.0,100,100,1.0,0.7143559455871582,36.430973052978516
r34_c46,562305.0,5944815.0,100,99,0.99,0.7698756456375122,31.215373992919922
r34_c47,562605.0,5944815.0,100,100,1.0,0.817172646522522,30.900419235229492
r34_c48,562905.0,5944815.0,100,100,1.0,0.69156813621521,35.589324951171875
r34_c49,563205.0,5944815.0,100,100,1.0,0.7394341826438904,34.68785858154297
r34_c50,563505.0,5944815.0,100,100,1.0,0.8118656873703003,32.18975067138672
r34_c51,563805.0,5944815.0,86,86,1.0,0.8099210858345032,31.86551284790039
r34_c52,564105.0,5944815.0,97,97,1.0,0.821357786655426,32.43443298339844
r34_c54,564705.0,5944815.0,85,80,0.9411764705882353,0.6349571943283081,37.31590270996094
r34_c56,565305.0,5944815.0,90,90,1.0,0.7971038222312927,32.831912994384766
r34_c57,565605.0,5944815.0,100,100,1.0,0.843261182308197,31.263099670410156
r34_c58,565905.0,5944815.0,100,100,1.0,0.6944721937179565,36.45012664794922
r34_c59,566205.0,5944815.0,100,100,1.0,0.7291311025619507,35.292259216308594
r34_c60,566505.0,5944815.0,100,100,1.0,0.6633570790290833,37.583580017089844
r34_c61,566805.0,5944815.0,100,93,0.93,0.5801064968109131,39.23875427246094
r34_c62,567105.0,5944815.0,100,100,1.0,0.656684398651123,37.313194274902344
r34_c63,567405.0,5944815.0,100,100,1.0,0.6956907510757446,36.719120025634766
r34_c64,567705.0,5944815.0,100,100,1.0,0.7111952304840088,36.260074615478516
r34_c65,568005.0,5944815.0,100,100,1.0,0.744907557964325,36.540531158447266
r34_c67,568605.0,5944815.0,100,89,0.89,0.4197360575199127,43.6065788269043
r34_c68,568905.0,5944815.0,100,100,1.0,0.6569006443023682,37.591880798339844
r34_c69,569205.0,5944815.0,100,100,1.0,0.7172324657440186,36.04863739013672
r34_c70,569505.0,5944815.0,100,100,1.0,0.6675384640693665,35.88733673095703
r34_c71,569805.0,5944815.0,100,95,0.95,0.6564226150512695,35.90605926513672
r34_c72,570105.0,5944815.0,100,73,0.73,0.4838702976703644,40.867794036865234
r34_c73,570405.0,5944815.0,100,96,0.96,0.6862573623657227,37.00032043457031
r34_c74,570705.0,5944815.0,100,100,1.0,0.7119430303573608,36.29859161376953
r34_c75,571005.0,5944815.0,100,100,1.0,0.7037883996963501,36.291038513183594
r34_c76,571305.0,5944815.0,100,100,1.0,0.7220813035964966,35.25066375732422
r34_c77,571605.0,5944815.0,100,100,1.0,0.8707543015480042,30.5493221282959
r34_c78,571905.0,5944815.0,100,100,1.0,0.762959897518158,34.059757232666016
r34_c79,572205.0,5944815.0,100,98,0.98,0.7257469296455383,35.9393196105957
r34_c80,572505.0,5944815.0,100,98,0.98,0.6339049339294434,38.9474983215332
r34_c81,572805.0,5944815.0,100,98,0.98,0.5491306781768799,39.25978469848633
r34_c82,573105.0,5944815.0,100,100,1.0,0.6739003658294678,37.860958099365234
r34_c83,573405.0,5944815.0,100,100,1.0,0.6892315745353699,36.930355072021484
r34_c84,573705.0,5944815.0,100,100,1.0,0.6824613213539124,37.33963394165039
r34_c85,574005.0,5944815.0,100,100,1.0,0.6546149253845215,38.137062072753906
r34_c86,574305.0,5944815.0,100,100,1.0,0.6688140630722046,37.76220703125
r34_c87,574605.0,5944815.0,100,100,1.0,0.6887770295143127,37.629310607910156
r34_c88,574905.0,5944815.0,100,100,1.0,0.7465335726737976,35.2801628112793
r34_c89,575205.0,5944815.0,100,100,1.0,0.8629177808761597,30.12409210205078
r34_c90,575505.0,5944815.0,100,100,1.0,0.869315505027771,30.546035766601562
r34_c91,575805.0,5944815.0,100,100,1.0,0.7632851600646973,33.838340759277344
r34_c92,576105.0,5944815.0,100,100,1.0,0.820127010345459,32.66120529174805
r34_c93,576405.0,5944815.0,100,100,1.0,0.807211697101593,33.404212951660156
r34_c94,576705.0,5944815.0,100,100,1.0,0.770081639289856,33.13785171508789
r34_c95,577005.0,5944815.0,100,100,1.0,0.7179273366928101,35.48981857299805
r34_c96,577305.0,5944815.0,100,96,0.96,0.7025195956230164,36.02383041381836
r34_c97,577605.0,5944815.0,100,96,0.96,0.7437418103218079,35.7843132019043
r34_c98,577905.0,5944815.0,100,100,1.0,0.7273866534233093,35.7965202331543
r34_c99,578205.0,5944815.0,100,100,1.0,0.730254054069519,35.3686408996582
r34_c100,578505.0,5944815.0,100,100,1.0,0.5694785118103027,35.31776809692383
r34_c101,578805.0,5944815.0,100,100,1.0,0.7701671719551086,30.87823486328125
r34_c102,579105.0,5944815.0,83,83,1.0,0.7179865837097168,31.973424911499023
r35_c39,560205.0,5944515.0,100,100,1.0,0.5887413024902344,38.089752197265625
r35_c40,560505.0,5944515.0,100,100,1.0,0.6955382823944092,36.349185943603516
r35_c41,560805.0,5944515.0,100,100,1.0,0.6673579216003418,36.505184173583984
r35_c42,561105.0,5944515.0,100,100,1.0,0.7261161804199219,36.027584075927734
r35_c43,561405.0,5944515.0,100,90,0.9,0.6407557725906372,36.243370056152344
r35_c44,561705.0,5944515.0,100,99,0.99,0.7539108991622925,33.73818588256836
r35_c45,562005.0,5944515.0,100,100,1.0,0.8052182793617249,31.765100479125977
r35_c46,562305.0,5944515.0,100,100,1.0,0.8537810444831848,29.609607696533203
r35_c47,562605.0,5944515.0,100,100,1.0,0.8210231065750122,31.469926834106445
r35_c48,562905.0,5944515.0,100,100,1.0,0.662143349647522,36.763824462890625
r35_c49,563205.0,5944515.0,100,100,1.0,0.6342459917068481,37.59392547607422
r35_c50,563505.0,5944515.0,100,100,1.0,0.6478198170661926,37.492279052734375
r35_c51,563805.0,5944515.0,100,100,1.0,0.7226522564888,33.957664489746094
r35_c52,564105.0,5944515.0,100,100,1.0,0.7866371870040894,33.549888610839844
r35_c53,564405.0,5944515.0,100,100,1.0,0.6781970262527466,36.15402603149414
r35_c54,564705.0,5944515.0,100,100,1.0,0.7060995697975159,35.7956657409668
r35_c55,565005.0,5944515.0,100,99,0.99,0.5820498466491699,40.21806335449219
r35_c56,565305.0,5944515.0,100,100,1.0,0.6984449028968811,35.72119140625
r35_c57,565605.0,5944515.0,100,100,1.0,0.7853908538818359,32.3989372253418
r35_c58,565905.0,5944515.0,100,100,1.0,0.7158836126327515,35.20985412597656
r35_c59,566205.0,5944515.0,100,100,1.0,0.8308878540992737,32.867618560791016
r35_c60,566505.0,5944515.0,100,100,1.0,0.758962869644165,35.19878387451172
r35_c61,566805.0,5944515.0,100,99,0.99,0.6895495057106018,37.138362884521484
r35_c62,567105.0,5944515.0,100,100,1.0,0.6808109879493713,37.01829528808594
r35_c63,567405.0,5944515.0,100,100,1.0,0.7452948689460754,35.32722854614258
r35_c64,567705.0,5944515.0,100,100,1.0,0.729055643081665,36.06828689575195
r35_c65,568005.0,5944515.0,100,87,0.87,0.4120382070541382,44.123722076416016
r35_c66,568305.0,5944515.0,100,79,0.79,0.38915297389030457,45.3086051940918
r35_c67,568605.0,5944515.0,100,96,0.96,0.655379593372345,39.55393600463867
r35_c68,568905.0,5944515.0,100,100,1.0,0.7378483414649963,35.642982482910156
r35_c69,569205.0,5944515.0,100,98,0.98,0.6947501301765442,37.72844696044922
r35_c70,569505.0,5944515.0,100,100,1.0,0.6636421084403992,37.43666458129883
r35_c71,569805.0,5944515.0,100,100,1.0,0.8434396982192993,32.059329986572266
r35_c72,570105.0,5944515.0,100,100,1.0,0.6897844076156616,37.02363586425781
r35_c73,570405.0,5944515.0,100,100,1.0,0.7075382471084595,36.439754486083984
r35_c74,570705.0,5944515.0,100,100,1.0,0.7477579712867737,35.117733001708984
r35_c75,571005.0,5944515.0,100,100,1.0,0.8282107710838318,32.1593017578125
r35_c76,571305.0,5944515.0,100,100,1.0,0.8682000637054443,31.098283767700195
r35_c77,571605.0,5944515.0,100,100,1.0,0.7923716902732849,33.80876922607422
r35_c78,571905.0,5944515.0,100,100,1.0,0.7234868407249451,35.3071174621582
r35_c79,572205.0,5944515.0,100,100,1.0,0.7350733280181885,35.879364013671875
r35_c80,572505.0,5944515.0,100,100,1.0,0.6968538761138916,37.60832977294922
r35_c81,572805.0,5944515.0,100,89,0.89,0.6578630805015564,38.24394607543945
r35_c82,573105.0,5944515.0,100,100,1.0,0.665652871131897,37.84687423706055
r35_c83,573405.0,5944515.0,100,100,1.0,0.6973670125007629,36.595218658447266
r35_c84,573705.0,5944515.0,100,100,1.0,0.7432698011398315,36.13774871826172
r35_c85,574005.0,5944515.0,100,100,1.0,0.6690677404403687,37.87165451049805
r35_c86,574305.0,5944515.0,100,98,0.98,0.6094856858253479,39.07190704345703
r35_c87,574605.0,5944515.0,100,88,0.88,0.45989111065864563,42.867244720458984
r35_c88,574905.0,5944515.0,100,96,0.96,0.5884570479393005,34.581390380859375
r35_c89,575205.0,5944515.0,100,100,1.0,0.8783568739891052,29.953596115112305
r35_c90,575505.0,5944515.0,100,100,1.0,0.7057434916496277,33.691497802734375
r35_c91,575805.0,5944515.0,100,100,1.0,0.6718589067459106,35.74261474609375
r35_c92,576105.0,5944515.0,100,100,1.0,0.7625550627708435,34.91825866699219
r35_c93,576405.0,5944515.0,100,100,1.0,0.7576544284820557,34.45891571044922
r35_c94,576705.0,5944515.0,100,100,1.0,0.869537889957428,30.236440658569336
r35_c95,577005.0,5944515.0,100,100,1.0,0.8278310894966125,31.954261779785156
r35_c96,577305.0,5944515.0,100,100,1.0,0.7721039652824402,33.80727005004883
r35_c97,577605.0,5944515.0,100,100,1.0,0.733043372631073,36.1678581237793
r35_c98,577905.0,5944515.0,100,100,1.0,0.7112375497817993,36.00996780395508
r35_c99,578205.0,5944515.0,100,100,1.0,0.6887051463127136,36.3286018371582
r35_c100,578505.0,5944515.0,100,88,0.88,0.5062510967254639,36.513999938964844
r35_c101,578805.0,5944515.0,100,100,1.0,0.8550392389297485,30.861248016357422
r36_c39,560205.0,5944215.0,100,100,1.0,0.6392896771430969,37.59889221191406
r36_c40,560505.0,5944215.0,100,95,0.95,0.6210612654685974,38.16969680786133
r36_c41,560805.0,5944215.0,100,96,0.96,0.6943860054016113,37.65305709838867
r36_c42,561105.0,5944215.0,100,100,1.0,0.668396532535553,37.9709358215332
r36_c43,561405.0,5944215.0,100,96,0.96,0.6747304797172546,36.52054977416992
r36_c44,561705.0,5944215.0,100,100,1.0,0.7602667212486267,35.78610610961914
r36_c45,562005.0,5944215.0,100,100,1.0,0.8017078638076782,34.342124938964844
r36_c46,562305.0,5944215.0,100,100,1.0,0.7593474388122559,34.684818267822266
r36_c47,562605.0,5944215.0,100,100,1.0,0.6662906408309937,37.45198059082031
r36_c48,562905.0,5944215.0,100,100,1.0,0.6925204396247864,37.054840087890625
r36_c49,563205.0,5944215.0,100,100,1.0,0.7243322134017944,35.829647064208984
r36_c50,563505.0,5944215.0,100,100,1.0,0.5550010800361633,39.74078369140625
r36_c51,563805.0,5944215.0,100,100,1.0,0.8099977374076843,33.11481475830078
r36_c52,564105.0,5944215.0,100,100,1.0,0.6984679698944092,35.653690338134766
r36_c53,564405.0,5944215.0,100,100,1.0,0.6951847672462463,35.528038024902344
r36_c54,564705.0,5944215.0,100,100,1.0,0.6582813858985901,36.926292419433594
r36_c55,565005.0,5944215.0,100,100,1.0,0.6956157088279724,37.23069381713867
r36_c56,565305.0,5944215.0,100,100,1.0,0.627813994884491,39.386165618896484
r36_c57,565605.0,5944215.0,100,100,1.0,0.8103825449943542,33.45319747924805
r36_c58,565905.0,5944215.0,100,100,1.0,0.7131866216659546,35.434391021728516
r36_c59,566205.0,5944215.0,100,100,1.0,0.7348325848579407,35.71982955932617
r36_c60,566505.0,5944215.0,100,100,1.0,0.7191452980041504,36.127567291259766
r36_c61,566805.0,5944215.0,100,100,1.0,0.6144124865531921,38.72464370727539
r36_c62,567105.0,5944215.0,100,100,1.0,0.5699178576469421,39.85955810546875
r36_c63,567405.0,5944215.0,100,100,1.0,0.687940239906311,36.88554382324219
r36_c64,567705.0,5944215.0,100,100,1.0,0.742251992225647,35.632930755615234
r36_c65,568005.0,5944215.0,100,96,0.96,0.5686789155006409,40.73753356933594
r36_c66,568305.0,5944215.0,100,99,0.99,0.6368733644485474,38.96379470825195
r36_c67,568605.0,5944215.0,100,100,1.0,0.6510910987854004,38.255859375
r36_c68,568905.0,5944215.0,100,100,1.0,0.7224379181861877,36.11946105957031
r36_c69,569205.0,5944215.0,100,92,0.92,0.6504093408584595,37.369205474853516
r36_c70,569505.0,5944215.0,100,96,0.96,0.6915224194526672,37.26472473144531
r36_c71,569805.0,5944215.0,100,100,1.0,0.7296320199966431,35.6966552734375
r36_c72,570105.0,5944215.0,100,100,1.0,0.6923425197601318,36.24592590332031
r36_c73,570405.0,5944215.0,100,100,1.0,0.8367865085601807,32.12351608276367
r36_c74,570705.0,5944215.0,100,100,1.0,0.7844257354736328,33.11381530761719
r36_c75,571005.0,5944215.0,100,100,1.0,0.747469961643219,34.378662109375
r36_c76,571305.0,5944215.0,100,100,1.0,0.6963816285133362,36.143489837646484
r36_c77,571605.0,5944215.0,100,99,0.99,0.6144539713859558,37.94204330444336
r36_c78,571905.0,5944215.0,100,100,1.0,0.7435578107833862,34.92597961425781
r36_c79,572205.0,5944215.0,100,100,1.0,0.7783060669898987,33.66511535644531
r36_c80,572505.0,5944215.0,100,99,0.99,0.7260509729385376,35.69689178466797
r36_c81,572805.0,5944215.0,100,100,1.0,0.7063678503036499,36.96258544921875
r36_c82,573105.0,5944215.0,100,100,1.0,0.632085919380188,38.20271301269531
r36_c83,573405.0,5944215.0,100,100,1.0,0.6320919990539551,38.92671203613281
r36_c84,573705.0,5944215.0,100,100,1.0,0.6840656399726868,37.74617385864258
r36_c85,574005.0,5944215.0,100,100,1.0,0.700639545917511,37.292701721191406
r36_c86,574305.0,5944215.0,100,100,1.0,0.6799067854881287,38.0936164855957
r36_c87,574605.0,5944215.0,100,97,0.97,0.6581857204437256,36.54835510253906
r36_c88,574905.0,5944215.0,100,98,0.98,0.8107508420944214,31.75007438659668
r36_c89,575205.0,5944215.0,100,100,1.0,0.8716582655906677,30.56951904296875
r36_c90,575505.0,5944215.0,100,100,1.0,0.8512599468231201,31.477954864501953
r36_c91,575805.0,5944215.0,100,100,1.0,0.7709269523620605,34.31111526489258
r36_c92,576105.0,5944215.0,100,99,0.99,0.6314065456390381,38.292240142822266
r36_c93,576405.0,5944215.0,100,100,1.0,0.7233714461326599,34.83564376831055
r36_c94,576705.0,5944215.0,100,100,1.0,0.8830507397651672,29.601709365844727
r36_c95,577005.0,5944215.0,100,100,1.0,0.8997330665588379,29.142499923706055
r36_c96,577305.0,5944215.0,100,100,1.0,0.8780509829521179,30.18903350830078
r36_c97,577605.0,5944215.0,100,100,1.0,0.7511475086212158,34.75672912597656
r36_c98,577905.0,5944215.0,100,100,1.0,0.7233477234840393,35.722999572753906
r36_c99,578205.0,5944215.0,100,100,1.0,0.7151891589164734,35.41885757446289
r36_c100,578505.0,5944215.0,100,100,1.0,0.7607141733169556,33.321739196777344
r37_c38,559905.0,5943915.0,94,94,1.0,0.690895140171051,36.873775482177734
r37_c39,560205.0,5943915.0,100,92,0.92,0.6726359128952026,37.78881072998047
r37_c40,560505.0,5943915.0,100,98,0.98,0.6355866193771362,38.77906799316406
r37_c41,560805.0,5943915.0,100,100,1.0,0.638721227645874,38.21751403808594
r37_c42,561105.0,5943915.0,100,92,0.92,0.6351032257080078,38.83855438232422
r37_c43,561405.0,5943915.0,100,93,0.93,0.6427780985832214,36.734657287597656
r37_c44,561705.0,5943915.0,100,100,1.0,0.7450526356697083,36.53850555419922
r37_c45,562005.0,5943915.0,100,100,1.0,0.752927303314209,35.89052200317383
r37_c46,562305.0,5943915.0,100,99,0.99,0.6906709671020508,37.42230224609375
r37_c47,562605.0,5943915.0,100,100,1.0,0.6075862646102905,38.225650787353516
r37_c48,562905.0,5943915.0,100,99,0.99,0.5965057611465454,39.11918640136719
r37_c49,563205.0,5943915.0,100,100,1.0,0.6837149858474731,37.517608642578125
r37_c50,563505.0,5943915.0,100,100,1.0,0.6677775382995605,37.15488815307617
r37_c51,563805.0,5943915.0,100,100,1.0,0.7025786638259888,36.02543640136719
r37_c52,564105.0,5943915.0,100,100,1.0,0.6650652289390564,37.5064697265625
r37_c53,564405.0,5943915.0,100,100,1.0,0.7968398928642273,33.07120132446289
r37_c54,564705.0,5943915.0,100,100,1.0,0.6306303143501282,37.66464614868164
r37_c55,565005.0,5943915.0,100,100,1.0,0.6831234097480774,37.3565788269043
r37_c56,565305.0,5943915.0,100,100,1.0,0.5228074789047241,42.188053131103516
r37_c57,565605.0,5943915.0,100,100,1.0,0.5646693706512451,39.86964797973633
r37_c58,565905.0,5943915.0,100,100,1.0,0.5605974197387695,39.317569732666016
r37_c59,566205.0,5943915.0,100,100,1.0,0.6617053747177124,38.36595916748047
r37_c60,566505.0,5943915.0,100,100,1.0,0.5794976949691772,38.985713958740234
r37_c61,566805.0,5943915.0,100,100,1.0,0.6450143456459045,37.973941802978516
r37_c62,567105.0,5943915.0,100,93,0.93,0.6407840847969055,38.531517028808594
r37_c63,567405.0,5943915.0,100,100,1.0,0.6742358207702637,37.29888916015625
r37_c64,567705.0,5943915.0,100,100,1.0,0.6913599967956543,37.8324089050293
r37_c65,568005.0,5943915.0,100,100,1.0,0.6781643629074097,37.507041931152344
r37_c66,568305.0,5943915.0,100,100,1.0,0.7217504978179932,37.16712188720703
r37_c67,568605.0,5943915.0,100,100,1.0,0.6771413683891296,37.130916595458984
r37_c68,568905.0,5943915.0,100,100,1.0,0.6581615209579468,38.282257080078125
r37_c69,569205.0,5943915.0,100,100,1.0,0.7222287654876709,37.1769905090332
r37_c70,569505.0,5943915.0,100,98,0.98,0.673913300037384,37.62980651855469
r37_c71,569805.0,5943915.0,100,100,1.0,0.592486560344696,37.49644470214844
r37_c72,570105.0,5943915.0,100,100,1.0,0.8063972592353821,33.49830627441406
r37_c73,570405.0,5943915.0,100,100,1.0,0.7705059051513672,33.94135665893555
r37_c74,570705.0,5943915.0,100,100,1.0,0.7556577324867249,34.308624267578125
r37_c75,571005.0,5943915.0,100,100,1.0,0.7545985579490662,34.410858154296875
r37_c76,571305.0,5943915.0,100,100,1.0,0.687351405620575,36.516231536865234
r37_c77,571605.0,5943915.0,100,100,1.0,0.7002680897712708,37.124603271484375
r37_c78,571905.0,5943915.0,100,100,1.0,0.7015634775161743,36.304203033447266
r37_c79,572205.0,5943915.0,100,100,1.0,0.750965416431427,35.14149856567383
r37_c80,572505.0,5943915.0,100,98,0.98,0.6334789991378784,37.48629379272461
r37_c81,572805.0,5943915.0,100,100,1.0,0.5930737853050232,38.89652633666992
r37_c82,573105.0,5943915.0,100,98,0.98,0.6436131000518799,36.428131103515625
r37_c83,573405.0,5943915.0,100,100,1.0,0.6363365054130554,38.430999755859375
r37_c84,573705.0,5943915.0,100,100,1.0,0.6612395644187927,38.08222961425781
r37_c85,574005.0,5943915.0,100,100,1.0,0.6773229241371155,37.83705139160156
r37_c86,574305.0,5943915.0,100,100,1.0,0.7033623456954956,36.87348175048828
r37_c87,574605.0,5943915.0,100,100,1.0,0.758586049079895,34.762638092041016
r37_c88,574905.0,5943915.0,100,100,1.0,0.7035943865776062,35.82674789428711
r37_c89,575205.0,5943915.0,100,98,0.98,0.7385803461074829,35.774070739746094
r37_c90,575505.0,5943915.0,100,100,1.0,0.7987967133522034,32.92237854003906
r37_c91,575805.0,5943915.0,100,100,1.0,0.7818697094917297,33.724037170410156
r37_c92,576105.0,5943915.0,100,100,1.0,0.7047981023788452,35.90510559082031
r37_c93,576405.0,5943915.0,100,100,1.0,0.7850058078765869,32.5934944152832
r37_c94,576705.0,5943915.0,100,100,1.0,0.8925516605377197,29.524913787841797
r37_c95,577005.0,5943915.0,100,100,1.0,0.8984067440032959,29.81161117553711
r37_c96,577305.0,5943915.0,100,100,1.0,0.8731247186660767,30.554723739624023
r37_c97,577605.0,5943915.0,100,100,1.0,0.8567607402801514,31.5017147064209
r37_c98,577905.0,5943915.0,100,100,1.0,0.8182526230812073,32.6810302734375
r37_c99,578205.0,5943915.0,100,100,1.0,0.7039089202880859,35.44990539550781
r37_c100,578505.0,5943915.0,100,100,1.0,0.7918875813484192,32.6522102355957
r38_c38,559905.0,5943615.0,100,89,0.89,0.4154038727283478,42.34713363647461
r38_c39,560205.0,5943615.0,100,90,0.9,0.6335912346839905,39.170249938964844
r38_c40,560505.0,5943615.0,100,100,1.0,0.6690818667411804,38.04445266723633
r38_c41,560805.0,5943615.0,100,99,0.99,0.5449818968772888,39.94485855102539
r38_c42,561105.0,5943615.0,100,88,0.88,0.4915289580821991,39.95209884643555
r38_c43,561405.0,5943615.0,100,99,0.99,0.6589574813842773,34.86799240112305
r38_c44,561705.0,5943615.0,100,100,1.0,0.8137637972831726,32.137046813964844
r38_c45,562005.0,5943615.0,100,100,1.0,0.7238993048667908,35.429195404052734
r38_c46,562305.0,5943615.0,100,97,0.97,0.6548179388046265,37.61781692504883
r38_c47,562605.0,5943615.0,100,100,1.0,0.684218168258667,37.83906173706055
r38_c48,562905.0,5943615.0,100,100,1.0,0.6622794270515442,38.599613189697266
r38_c49,563205.0,5943615.0,100,100,1.0,0.6829227209091187,38.2180290222168
r38_c50,563505.0,5943615.0,100,100,1.0,0.6459473967552185,38.104007720947266
r38_c51,563805.0,5943615.0,100,100,1.0,0.6884476542472839,37.40379333496094
r38_c52,564105.0,5943615.0,100,100,1.0,0.6248432993888855,38.94007873535156
r38_c53,564405.0,5943615.0,100,100,1.0,0.6719528436660767,37.31285858154297
r38_c54,564705.0,5943615.0,100,97,0.97,0.6948144435882568,34.16194152832031
r38_c55,565005.0,5943615.0,100,100,1.0,0.7440940141677856,34.4756965637207
r38_c56,565305.0,5943615.0,100,100,1.0,0.6018396615982056,39.219810485839844
r38_c57,565605.0,5943615.0,100,98,0.98,0.6197148561477661,39.44499206542969
r38_c58,565905.0,5943615.0,100,99,0.99,0.5317654013633728,41.19551467895508
r38_c59,566205.0,5943615.0,100,100,1.0,0.4793585240840912,43.778526306152344
r38_c60,566505.0,5943615.0,100,87,0.87,0.5256229043006897,42.20087432861328
r38_c61,566805.0,5943615.0,100,76,0.76,0.6674820780754089,37.99327850341797
r38_c62,567105.0,5943615.0,100,100,1.0,0.5705212354660034,39.59910583496094
r38_c63,567405.0,5943615.0,100,100,1.0,0.77423095703125,35.7592658996582
r38_c64,567705.0,5943615.0,100,100,1.0,0.6922329664230347,37.643802642822266
r38_c65,568005.0,5943615.0,100,100,1.0,0.7117350101470947,36.927337646484375
r38_c66,568305.0,5943615.0,100,100,1.0,0.666454017162323,38.15872573852539
r38_c67,568605.0,5943615.0,100,100,1.0,0.7412489056587219,35.8494987487793
r38_c68,568905.0,5943615.0,100,100,1.0,0.6214304566383362,38.61457824707031
r38_c69,569205.0,5943615.0,100,100,1.0,0.7465299367904663,35.35204315185547
r38_c70,569505.0,5943615.0,100,100,1.0,0.8312534093856812,32.33543014526367
r38_c71,569805.0,5943615.0,100,100,1.0,0.7656391263008118,33.976295471191406
r38_c72,570105.0,5943615.0,100,100,1.0,0.6774981617927551,36.35862350463867
r38_c73,570405.0,5943615.0,100,100,1.0,0.7205040454864502,35.2596549987793
r38_c74,570705.0,5943615.0,100,100,1.0,0.7954455018043518,33.519474029541016
r38_c75,571005.0,5943615.0,100,100,1.0,0.7619694471359253,34.755802154541016
r38_c76,571305.0,5943615.0,100,100,1.0,0.6941105723381042,36.131935119628906
r38_c77,571605.0,5943615.0,100,100,1.0,0.7152175307273865,36.68247985839844
r38_c78,571905.0,5943615.0,100,100,1.0,0.7065463066101074,37.018333435058594
r38_c79,572205.0,5943615.0,100,86,0.86,0.6505264639854431,37.826011657714844
r38_c80,572505.0,5943615.0,100,100,1.0,0.7524049878120422,35.8962287902832
r38_c81,572805.0,5943615.0,100,100,1.0,0.7762555480003357,34.63990020751953
r38_c82,573105.0,5943615.0,100,100,1.0,0.8675186634063721,30.852495193481445
r38_c83,573405.0,5943615.0,100,100,1.0,0.7589021921157837,34.827484130859375
r38_c84,573705.0,5943615.0,100,100,1.0,0.6845129132270813,37.569496154785156
r38_c85,574005.0,5943615.0,100,100,1.0,0.6934878826141357,37.209747314453125
r38_c86,574305.0,5943615.0,100,100,1.0,0.6789958477020264,36.717037200927734
r38_c87,574605.0,5943615.0,100,100,1.0,0.7176839709281921,35.84003829956055
r38_c88,574905.0,5943615.0,100,100,1.0,0.7219585180282593,36.22200012207031
r38_c89,575205.0,5943615.0,100,100,1.0,0.700512170791626,36.950626373291016
r38_c90,575505.0,5943615.0,100,100,1.0,0.7121934294700623,35.7336540222168
r38_c91,575805.0,5943615.0,100,96,0.96,0.7524439692497253,33.87895202636719
r38_c92,576105.0,5943615.0,100,100,1.0,0.7493863701820374,34.23291015625
r38_c93,576405.0,5943615.0,100,100,1.0,0.795947253704071,33.006431579589844
r38_c94,576705.0,5943615.0,100,100,1.0,0.7612529993057251,34.013954162597656
r38_c95,577005.0,5943615.0,100,100,1.0,0.7408998012542725,34.85038757324219
r38_c96,577305.0,5943615.0,100,100,1.0,0.6909624338150024,36.6092643737793
r38_c97,577605.0,5943615.0,100,100,1.0,0.6795253157615662,37.30442810058594
r38_c98,577905.0,5943615.0,100,100,1.0,0.7003639340400696,36.858341217041016
r38_c99,578205.0,5943615.0,100,95,0.95,0.6578858494758606,38.226539611816406
r38_c100,578505.0,5943615.0,100,91,0.91,0.49881061911582947,37.228546142578125
r38_c101,578805.0,5943615.0,100,100,1.0,0.6640165448188782,35.59929275512695
r38_c102,579105.0,5943615.0,97,97,1.0,0.7288288474082947,34.46227264404297
r38_c103,579405.0,5943615.0,96,96,1.0,0.8699526786804199,29.8268985748291
r38_c104,579705.0,5943615.0,98,98,1.0,0.8757761716842651,29.0609073638916
r38_c105,580005.0,5943615.0,96,96,1.0,0.8831185698509216,29.397613525390625
r39_c37,559605.0,5943315.0,95,95,1.0,0.5861086845397949,38.38797378540039
r39_c38,559905.0,5943315.0,100,88,0.88,0.33739787340164185,43.49525833129883
r39_c39,560205.0,5943315.0,100,89,0.89,0.35198915004730225,41.166419982910156
r39_c40,560505.0,5943315.0,100,97,0.97,0.6136793494224548,38.30109405517578
r39_c41,560805.0,5943315.0,100,97,0.97,0.5288686156272888,40.662601470947266
r39_c42,561105.0,5943315.0,100,70,0.7,0.5718997120857239,37.46316909790039
r39_c43,561405.0,5943315.0,100,100,1.0,0.6627017855644226,34.502079010009766
r39_c44,561705.0,5943315.0,100,100,1.0,0.7655332684516907,33.11843490600586
r39_c45,562005.0,5943315.0,100,100,1.0,0.742525577545166,35.716007232666016
r39_c46,562305.0,5943315.0,100,100,1.0,0.6730698347091675,37.94670486450195
r39_c47,562605.0,5943315.0,100,100,1.0,0.7183023691177368,36.82029342651367
r39_c48,562905.0,5943315.0,100,95,0.95,0.5582005977630615,39.96858215332031
r39_c49,563205.0,5943315.0,100,89,0.89,0.48145610094070435,41.790611267089844
r39_c50,563505.0,5943315.0,100,100,1.0,0.6328617930412292,39.40825271606445
r39_c51,563805.0,5943315.0,100,100,1.0,0.6549822092056274,38.157020568847656
r39_c52,564105.0,5943315.0,100,100,1.0,0.6145181059837341,40.64181137084961
r39_c53,564405.0,5943315.0,100,100,1.0,0.7173980474472046,35.60890579223633
r39_c54,564705.0,5943315.0,100,96,0.96,0.7846594452857971,31.6593017578125
r39_c55,565005.0,5943315.0,100,100,1.0,0.6997621655464172,34.381256103515625
r39_c56,565305.0,5943315.0,100,100,1.0,0.6915650963783264,36.37765884399414
r39_c57,565605.0,5943315.0,100,98,0.98,0.5528896450996399,41.544071197509766
r39_c58,565905.0,5943315.0,100,92,0.92,0.5021401643753052,43.48147964477539
r39_c59,566205.0,5943315.0,100,76,0.76,0.15574830770492554,46.02216720581055
r39_c62,567105.0,5943315.0,100,100,1.0,0.5824089050292969,38.6147575378418
r39_c63,567405.0,5943315.0,100,100,1.0,0.7296913862228394,36.031551361083984
r39_c64,567705.0,5943315.0,100,100,1.0,0.6868078112602234,36.57026290893555
r39_c65,568005.0,5943315.0,100,100,1.0,0.7135288119316101,36.37009811401367
r39_c66,568305.0,5943315.0,100,100,1.0,0.6625036001205444,36.50962829589844
r39_c67,568605.0,5943315.0,100,100,1.0,0.8198778629302979,32.74235534667969
r39_c68,568905.0,5943315.0,100,100,1.0,0.8345081806182861,31.781713485717773
r39_c69,569205.0,5943315.0,100,100,1.0,0.7903327941894531,33.273685455322266
r39_c70,569505.0,5943315.0,100,100,1.0,0.6443086862564087,36.144126892089844
r39_c71,569805.0,5943315.0,100,100,1.0,0.6579164266586304,36.43668746948242
r39_c72,570105.0,5943315.0,100,100,1.0,0.7078877091407776,36.383872985839844
r39_c73,570405.0,5943315.0,100,100,1.0,0.7278202176094055,35.656002044677734
r39_c74,570705.0,5943315.0,100,100,1.0,0.7235315442085266,35.904903411865234
r39_c75,571005.0,5943315.0,100,100,1.0,0.6656267046928406,36.283451080322266
r39_c76,571305.0,5943315.0,100,100,1.0,0.7153695821762085,36.18743133544922
r39_c77,571605.0,5943315.0,100,100,1.0,0.6878512501716614,36.965003967285156
r39_c78,571905.0,5943315.0,100,100,1.0,0.6826867461204529,38.01042556762695
r39_c79,572205.0,5943315.0,100,100,1.0,0.697100043296814,36.747344970703125
r39_c80,572505.0,5943315.0,100,99,0.99,0.7184231877326965,35.951786041259766
r39_c81,572805.0,5943315.0,100,100,1.0,0.6903461217880249,37.27680969238281
r39_c82,573105.0,5943315.0,100,100,1.0,0.6763619780540466,37.0176887512207
r39_c83,573405.0,5943315.0,100,100,1.0,0.6407902240753174,38.3490104675293
r39_c84,573705.0,5943315.0,100,100,1.0,0.6775106191635132,38.1397590637207
r39_c85,574005.0,5943315.0,100,99,0.99,0.7368029356002808,34.87113952636719
r39_c86,574305.0,5943315.0,100,100,1.0,0.7117587327957153,34.65770721435547
r39_c87,574605.0,5943315.0,100,100,1.0,0.8158955574035645,32.340354919433594
r39_c88,574905.0,5943315.0,100,100,1.0,0.7607658505439758,34.912696838378906
r39_c89,575205.0,5943315.0,100,100,1.0,0.6852362751960754,36.863502502441406
r39_c90,575505.0,5943315.0,100,100,1.0,0.7394485473632812,35.95685577392578
r39_c91,575805.0,5943315.0,100,100,1.0,0.7105039954185486,35.98491287231445
r39_c92,576105.0,5943315.0,100,100,1.0,0.7087652683258057,36.73392105102539
r39_c93,576405.0,5943315.0,100,99,0.99,0.6862690448760986,37.6074333190918
r39_c94,576705.0,5943315.0,100,100,1.0,0.7379212379455566,35.60862731933594
r39_c95,577005.0,5943315.0,100,100,1.0,0.7101060748100281,36.491783142089844
r39_c96,577305.0,5943315.0,100,100,1.0,0.6530071496963501,38.156986236572266
r39_c97,577605.0,5943315.0,100,100,1.0,0.6912283897399902,38.550636291503906
r39_c98,577905.0,5943315.0,100,99,0.99,0.6776277422904968,37.52163314819336
r39_c99,578205.0,5943315.0,100,81,0.81,0.45096492767333984,42.43661880493164
r39_c100,578505.0,5943315.0,100,100,1.0,0.6724168658256531,35.32688903808594
r39_c101,578805.0,5943315.0,100,100,1.0,0.6934565901756287,33.40370559692383
r39_c102,579105.0,5943315.0,100,100,1.0,0.7597030401229858,32.822269439697266
r39_c103,579405.0,5943315.0,100,100,1.0,0.7902554273605347,31.046974182128906
r39_c104,579705.0,5943315.0,100,100,1.0,0.8692250847816467,29.616439819335938
r39_c105,580005.0,5943315.0,100,100,1.0,0.8331130146980286,32.07942199707031
r39_c106,580305.0,5943315.0,99,99,1.0,0.8378250598907471,33.090084075927734
r40_c37,559605.0,5943015.0,100,98,0.98,0.5695962309837341,38.76728057861328
r40_c38,559905.0,5943015.0,100,85,0.85,0.5280260443687439,39.46856689453125
r40_c39,560205.0,5943015.0,100,86,0.86,0.5718854665756226,38.46954345703125
r40_c40,560505.0,5943015.0,100,100,1.0,0.6924198865890503,37.152591705322266
r40_c41,560805.0,5943015.0,100,95,0.95,0.565403163433075,39.48731994628906
r40_c42,561105.0,5943015.0,100,83,0.83,0.5926914215087891,38.44863510131836
r40_c43,561405.0,5943015.0,100,100,1.0,0.6150460243225098,36.4675178527832
r40_c44,561705.0,5943015.0,100,100,1.0,0.8050636053085327,32.49607849121094
r40_c45,562005.0,5943015.0,100,100,1.0,0.6691734194755554,36.67389678955078
r40_c46,562305.0,5943015.0,100,95,0.95,0.6737069487571716,37.913169860839844
r40_c47,562605.0,5943015.0,100,100,1.0,0.6750186681747437,37.57386779785156
r40_c48,562905.0,5943015.0,100,97,0.97,0.6260859966278076,39.00527572631836
r40_c49,563205.0,5943015.0,100,84,0.84,0.45329079031944275,42.930145263671875
r40_c50,563505.0,5943015.0,100,100,1.0,0.5839405655860901,39.720924377441406
r40_c51,563805.0,5943015.0,100,100,1.0,0.6284990906715393,38.36387634277344
r40_c52,564105.0,5943015.0,100,100,1.0,0.7071129083633423,36.37471389770508
r40_c53,564405.0,5943015.0,100,100,1.0,0.796614408493042,33.26277542114258
r40_c54,564705.0,5943015.0,100,100,1.0,0.7676027417182922,33.74232482910156
r40_c55,565005.0,5943015.0,100,100,1.0,0.7820703983306885,33.85361862182617
r40_c56,565305.0,5943015.0,100,95,0.95,0.5124032497406006,41.47977066040039
r40_c57,565605.0,5943015.0,100,95,0.95,0.4162949323654175,44.14420700073242
r40_c58,565905.0,5943015.0,100,93,0.93,0.3970358669757843,44.168052673339844
r40_c61,566805.0,5943015.0,100,85,0.85,0.6210982799530029,38.045955657958984
r40_c62,567105.0,5943015.0,100,99,0.99,0.6048205494880676,38.35023880004883
r40_c63,567405.0,5943015.0,100,100,1.0,0.6142063140869141,38.3751220703125
r40_c64,567705.0,5943015.0,100,100,1.0,0.6904430985450745,36.73945236206055
r40_c65,568005.0,5943015.0,100,98,0.98,0.6409087777137756,38.22091293334961
r40_c66,568305.0,5943015.0,100,100,1.0,0.7822609543800354,32.66069412231445
r40_c67,568605.0,5943015.0,100,100,1.0,0.8198947310447693,32.076690673828125
r40_c68,568905.0,5943015.0,100,100,1.0,0.735352635383606,34.399436950683594
r40_c69,569205.0,5943015.0,100,100,1.0,0.6977560520172119,36.383907318115234
r40_c70,569505.0,5943015.0,100,100,1.0,0.6296766996383667,36.91314697265625
r40_c71,569805.0,5943015.0,100,100,1.0,0.7031098008155823,36.19758224487305
r40_c72,570105.0,5943015.0,100,100,1.0,0.6934767365455627,36.545040130615234
r40_c73,570405.0,5943015.0,100,100,1.0,0.7072796821594238,36.01694869995117
r40_c74,570705.0,5943015.0,100,100,1.0,0.7306415438652039,34.73143005371094
r40_c75,571005.0,5943015.0,100,100,1.0,0.7824504971504211,33.342315673828125
r40_c76,571305.0,5943015.0,100,100,1.0,0.8236713409423828,32.851932525634766
r40_c77,571605.0,5943015.0,100,100,1.0,0.7600919604301453,35.71407699584961
r40_c78,571905.0,5943015.0,100,100,1.0,0.6041337251663208,39.17390441894531
r40_c79,572205.0,5943015.0,100,100,1.0,0.6590831279754639,38.182037353515625
r40_c80,572505.0,5943015.0,100,100,1.0,0.6442862749099731,38.528411865234375
r40_c81,572805.0,5943015.0,100,100,1.0,0.7058684825897217,37.59925842285156
r40_c82,573105.0,5943015.0,100,100,1.0,0.6846324801445007,37.012245178222656
r40_c83,573405.0,5943015.0,100,100,1.0,0.7449182868003845,35.06742858886719
r40_c84,573705.0,5943015.0,100,100,1.0,0.68743896484375,38.06106948852539
r40_c85,574005.0,5943015.0,100,100,1.0,0.6776189208030701,37.703914642333984
r40_c86,574305.0,5943015.0,100,100,1.0,0.751492440700531,34.726444244384766
r40_c87,574605.0,5943015.0,100,100,1.0,0.8453227281570435,32.38687515258789
r40_c88,574905.0,5943015.0,100,100,1.0,0.7437230944633484,35.23316955566406
r40_c89,575205.0,5943015.0,100,100,1.0,0.6892198324203491,36.83051300048828
r40_c90,575505.0,5943015.0,100,100,1.0,0.7288593053817749,36.112548828125
r40_c91,575805.0,5943015.0,100,99,0.99,0.6916938424110413,36.72126388549805
r40_c92,576105.0,5943015.0,100,94,0.94,0.6441535353660583,37.746829986572266
r40_c93,576405.0,5943015.0,100,100,1.0,0.6942286491394043,37.541297912597656
r40_c94,576705.0,5943015.0,100,100,1.0,0.7061522006988525,37.111507415771484
r40_c95,577005.0,5943015.0,100,100,1.0,0.6558372974395752,37.862857818603516
r40_c96,577305.0,5943015.0,100,100,1.0,0.6794893145561218,38.86997604370117
r40_c97,577605.0,5943015.0,100,100,1.0,0.6979559063911438,38.80428695678711
r40_c98,577905.0,5943015.0,100,100,1.0,0.6515011787414551,38.245018005371094
r40_c99,578205.0,5943015.0,100,96,0.96,0.6474353671073914,37.88737106323242
r40_c100,578505.0,5943015.0,100,100,1.0,0.7333573698997498,33.7479362487793
r40_c101,578805.0,5943015.0,100,100,1.0,0.8092395663261414,32.706729888916016
r40_c102,579105.0,5943015.0,100,100,1.0,0.7892137765884399,33.3979606628418
r40_c103,579405.0,5943015.0,100,100,1.0,0.8217269778251648,32.62705993652344
r40_c104,579705.0,5943015.0,100,100,1.0,0.8757022619247437,30.423809051513672
r40_c105,580005.0,5943015.0,100,100,1.0,0.8169987201690674,32.25593185424805
r40_c106,580305.0,5943015.0,99,99,1.0,0.8233733773231506,31.542404174804688
r41_c36,559305.0,5942715.0,97,97,1.0,0.6333222389221191,38.08848571777344
r41_c37,559605.0,5942715.0,100,100,1.0,0.6582829356193542,38.06490707397461
r41_c38,559905.0,5942715.0,100,99,0.99,0.5885886549949646,38.799869537353516
r41_c39,560205.0,5942715.0,100,100,1.0,0.6839967966079712,36.50149154663086
r41_c40,560505.0,5942715.0,100,100,1.0,0.7152926921844482,36.700801849365234
r41_c41,560805.0,5942715.0,100,100,1.0,0.6528034806251526,37.99449157714844
r41_c42,561105.0,5942715.0,100,100,1.0,0.5804804563522339,39.03656768798828
r41_c43,561405.0,5942715.0,100,97,0.97,0.5332065224647522,40.41850662231445
r41_c44,561705.0,5942715.0,100,100,1.0,0.7016469836235046,36.163307189941406
r41_c45,562005.0,5942715.0,100,100,1.0,0.679684579372406,36.523948669433594
r41_c46,562305.0,5942715.0,100,100,1.0,0.6540558338165283,37.89423751831055
r41_c47,562605.0,5942715.0,100,100,1.0,0.6830918192863464,37.81070327758789
r41_c48,562905.0,5942715.0,100,100,1.0,0.6565452814102173,37.90162658691406
r41_c49,563205.0,5942715.0,100,99,0.99,0.6360452771186829,38.78902816772461
r41_c50,563505.0,5942715.0,100,100,1.0,0.6283266544342041,38.306182861328125
r41_c51,563805.0,5942715.0,100,96,0.96,0.6415247917175293,38.913021087646484
r41_c52,564105.0,5942715.0,100,100,1.0,0.7057486176490784,36.6993293762207
r41_c53,564405.0,5942715.0,100,100,1.0,0.7800367474555969,34.285003662109375
r41_c54,564705.0,5942715.0,100,100,1.0,0.7809861898422241,33.97492980957031
r41_c55,565005.0,5942715.0,100,99,0.99,0.5254398584365845,40.72972869873047
r41_c56,565305.0,5942715.0,100,98,0.98,0.46360233426094055,43.089149475097656
r41_c57,565605.0,5942715.0,100,95,0.95,0.21745255589485168,44.28337097167969
r41_c58,565905.0,5942715.0,100,98,0.98,0.5586208701133728,40.448246002197266
r41_c59,566205.0,5942715.0,100,89,0.89,0.12334711104631424,44.71797180175781
r41_c60,566505.0,5942715.0,100,83,0.83,0.14410929381847382,43.74100112915039
r41_c61,566805.0,5942715.0,100,100,1.0,0.6504905223846436,37.351341247558594
r41_c62,567105.0,5942715.0,100,100,1.0,0.6332484483718872,37.85151290893555
r41_c63,567405.0,5942715.0,100,100,1.0,0.6676933169364929,37.6275749206543
r41_c64,567705.0,5942715.0,100,91,0.91,0.5352720618247986,39.523468017578125
r41_c65,568005.0,5942715.0,100,100,1.0,0.7645515203475952,34.1129035949707
r41_c66,568305.0,5942715.0,100,100,1.0,0.6524566411972046,36.936912536621094
r41_c67,568605.0,5942715.0,100,100,1.0,0.7814560532569885,33.47270965576172
r41_c68,568905.0,5942715.0,100,100,1.0,0.8032960295677185,32.91419982910156
r41_c69,569205.0,5942715.0,100,100,1.0,0.7839440703392029,32.648826599121094
r41_c70,569505.0,5942715.0,100,100,1.0,0.7457858920097351,33.01449203491211
r41_c71,569805.0,5942715.0,100,100,1.0,0.7571594715118408,33.839805603027344
r41_c72,570105.0,5942715.0,100,100,1.0,0.7338242530822754,34.158573150634766
r41_c73,570405.0,5942715.0,100,100,1.0,0.8003727197647095,32.42149353027344
r41_c74,570705.0,5942715.0,100,98,0.98,0.8197683095932007,30.91911506652832
r41_c75,571005.0,5942715.0,100,100,1.0,0.8210759162902832,31.644540786743164
r41_c76,571305.0,5942715.0,100,100,1.0,0.7188208699226379,32.933380126953125
r41_c77,571605.0,5942715.0,100,100,1.0,0.6743800640106201,36.34620666503906
r41_c78,571905.0,5942715.0,100,100,1.0,0.6113574504852295,38.34342575073242
r41_c79,572205.0,5942715.0,100,96,0.96,0.6919153332710266,37.6007194519043
r41_c80,572505.0,5942715.0,100,99,0.99,0.6647385954856873,37.962650299072266
r41_c81,572805.0,5942715.0,100,100,1.0,0.7027420997619629,37.23350143432617
r41_c82,573105.0,5942715.0,100,100,1.0,0.6804354190826416,37.79152297973633
r41_c83,573405.0,5942715.0,100,100,1.0,0.7406343221664429,35.53156280517578
r41_c84,573705.0,5942715.0,100,100,1.0,0.677808403968811,38.124847412109375
r41_c85,574005.0,5942715.0,100,100,1.0,0.6823912262916565,38.10627746582031
r41_c86,574305.0,5942715.0,100,100,1.0,0.7255150079727173,35.651763916015625
r41_c87,574605.0,5942715.0,100,100,1.0,0.6412742733955383,38.51914978027344
r41_c88,574905.0,5942715.0,100,100,1.0,0.6936542391777039,36.333187103271484
r41_c89,575205.0,5942715.0,100,98,0.98,0.7351616621017456,36.59840393066406
r41_c90,575505.0,5942715.0,100,97,0.97,0.6261965036392212,38.20158386230469
r41_c91,575805.0,5942715.0,100,91,0.91,0.6456573009490967,38.04685974121094
r41_c92,576105.0,5942715.0,100,90,0.9,0.6430579423904419,38.53883361816406
r41_c93,576405.0,5942715.0,100,100,1.0,0.6574823260307312,38.421504974365234
r41_c94,576705.0,5942715.0,100,100,1.0,0.6244447827339172,38.686397552490234
r41_c95,577005.0,5942715.0,100,100,1.0,0.6795071363449097,37.92438888549805
r41_c96,577305.0,5942715.0,100,97,0.97,0.6237911581993103,38.3670654296875
r41_c97,577605.0,5942715.0,100,100,1.0,0.6599618792533875,37.99598693847656
r41_c98,577905.0,5942715.0,100,100,1.0,0.7574716210365295,34.402584075927734
r41_c99,578205.0,5942715.0,100,100,1.0,0.7883987426757812,33.504703521728516
r41_c100,578505.0,5942715.0,100,100,1.0,0.8182228803634644,31.914369583129883
r41_c101,578805.0,5942715.0,100,100,1.0,0.8451876640319824,30.765575408935547
r41_c102,579105.0,5942715.0,100,100,1.0,0.8370094299316406,31.847614288330078
r41_c103,579405.0,5942715.0,100,100,1.0,0.84299635887146,31.986589431762695
r41_c104,579705.0,5942715.0,100,100,1.0,0.831062912940979,31.90387725830078
r41_c105,580005.0,5942715.0,100,100,1.0,0.828620433807373,31.158716201782227
r41_c106,580305.0,5942715.0,100,100,1.0,0.8768737316131592,29.024333953857422
r42_c35,559005.0,5942415.0,100,100,1.0,0.6359162330627441,38.95576477050781
r42_c36,559305.0,5942415.0,100,100,1.0,0.6383464932441711,38.39822769165039
r42_c37,559605.0,5942415.0,100,100,1.0,0.6730248332023621,37.636661529541016
r42_c38,559905.0,5942415.0,100,100,1.0,0.645443856716156,37.79043960571289
r42_c39,560205.0,5942415.0,100,100,1.0,0.6497786641120911,38.604331970214844
r42_c40,560505.0,5942415.0,100,100,1.0,0.676811695098877,37.38947296142578
r42_c41,560805.0,5942415.0,100,81,0.81,0.5960456728935242,37.522056579589844
r42_c42,561105.0,5942415.0,100,85,0.85,0.6472346782684326,38.050018310546875
r42_c43,561405.0,5942415.0,100,100,1.0,0.5999859571456909,40.008384704589844
r42_c44,561705.0,5942415.0,100,96,0.96,0.7220008969306946,35.82039260864258
r42_c45,562005.0,5942415.0,100,100,1.0,0.6802419424057007,37.29484939575195
r42_c46,562305.0,5942415.0,100,100,1.0,0.657691240310669,38.21864318847656
r42_c47,562605.0,5942415.0,100,100,1.0,0.6384885311126709,38.21430206298828
r42_c48,562905.0,5942415.0,100,100,1.0,0.6494274735450745,37.59148025512695
r42_c49,563205.0,5942415.0,100,100,1.0,0.6934250593185425,37.83100509643555
r42_c50,563505.0,5942415.0,100,100,1.0,0.6672832369804382,38.55282211303711
r42_c51,563805.0,5942415.0,100,100,1.0,0.6354601383209229,38.56813430786133
r42_c52,564105.0,5942415.0,100,100,1.0,0.6929607391357422,37.056922912597656
r42_c53,564405.0,5942415.0,100,100,1.0,0.7370200157165527,36.491817474365234
r42_c54,564705.0,5942415.0,100,98,0.98,0.5286112427711487,41.269893646240234
r42_c55,565005.0,5942415.0,100,94,0.94,0.42657288908958435,43.48894119262695
r42_c60,566505.0,5942415.0,100,90,0.9,0.10833290964365005,43.780128479003906
r42_c61,566805.0,5942415.0,100,98,0.98,0.5807790756225586,39.66900634765625
r42_c62,567105.0,5942415.0,100,100,1.0,0.5952584743499756,38.816898345947266
r42_c63,567405.0,5942415.0,100,100,1.0,0.6296772956848145,38.6524543762207
r42_c64,567705.0,5942415.0,100,99,0.99,0.5267963409423828,40.67221450805664
r42_c65,568005.0,5942415.0,100,98,0.98,0.6129458546638489,36.113704681396484
r42_c66,568305.0,5942415.0,100,100,1.0,0.6332538723945618,37.17969512939453
r42_c67,568605.0,5942415.0,100,100,1.0,0.8169528841972351,31.799448013305664
r42_c68,568905.0,5942415.0,100,100,1.0,0.8287655711174011,31.14626693725586
r42_c69,569205.0,5942415.0,100,100,1.0,0.852130115032196,30.434677124023438
r42_c70,569505.0,5942415.0,100,100,1.0,0.8560423254966736,30.303016662597656
r42_c71,569805.0,5942415.0,100,100,1.0,0.823901355266571,31.59836196899414
r42_c72,570105.0,5942415.0,100,100,1.0,0.8080697059631348,32.03884506225586
r42_c73,570405.0,5942415.0,100,100,1.0,0.8049166202545166,31.998516082763672
r42_c74,570705.0,5942415.0,100,100,1.0,0.8299196362495422,31.392972946166992
r42_c75,571005.0,5942415.0,100,100,1.0,0.8128970861434937,31.786216735839844
r42_c76,571305.0,5942415.0,100,100,1.0,0.8194643259048462,31.865995407104492
r42_c77,571605.0,5942415.0,100,100,1.0,0.8072687387466431,33.68019104003906
r42_c78,571905.0,5942415.0,100,87,0.87,0.6651963591575623,37.09821319580078
r42_c79,572205.0,5942415.0,100,99,0.99,0.6932973861694336,37.13957595825195
r42_c80,572505.0,5942415.0,100,77,0.77,0.7147444486618042,37.28292465209961
r42_c81,572805.0,5942415.0,100,100,1.0,0.6611123085021973,37.78173828125
r42_c82,573105.0,5942415.0,100,100,1.0,0.6242051124572754,38.604225158691406
r42_c83,573405.0,5942415.0,100,100,1.0,0.6455997228622437,38.795806884765625
r42_c84,573705.0,5942415.0,100,100,1.0,0.5471292734146118,40.42278289794922
r42_c85,574005.0,5942415.0,100,100,1.0,0.6384457945823669,39.115623474121094
r42_c86,574305.0,5942415.0,100,100,1.0,0.7772740125656128,34.36119079589844
r42_c87,574605.0,5942415.0,100,100,1.0,0.7369728684425354,35.644596099853516
r42_c88,574905.0,5942415.0,100,100,1.0,0.7628144025802612,34.65275573730469
r42_c89,575205.0,5942415.0,100,100,1.0,0.7319120764732361,36.586875915527344
r42_c90,575505.0,5942415.0,100,100,1.0,0.6369918584823608,39.23020935058594
r42_c91,575805.0,5942415.0,100,100,1.0,0.6519820690155029,38.21492004394531
r42_c92,576105.0,5942415.0,100,100,1.0,0.566994845867157,39.8919563293457
r42_c93,576405.0,5942415.0,100,89,0.89,0.5041528940200806,43.09230041503906
r42_c94,576705.0,5942415.0,100,84,0.84,0.5949835777282715,40.57835006713867
r42_c95,577005.0,5942415.0,100,100,1.0,0.6512811779975891,38.635128021240234
r42_c96,577305.0,5942415.0,100,100,1.0,0.6221566200256348,38.773860931396484
r42_c97,577605.0,5942415.0,100,100,1.0,0.7256916761398315,35.431312561035156
r42_c98,577905.0,5942415.0,100,100,1.0,0.7897663116455078,33.09652328491211
r42_c99,578205.0,5942415.0,100,100,1.0,0.8537365198135376,30.385902404785156
r42_c100,578505.0,5942415.0,100,100,1.0,0.8685327768325806,30.03316879272461
r42_c101,578805.0,5942415.0,100,100,1.0,0.8632557392120361,29.989351272583008
r42_c102,579105.0,5942415.0,100,100,1.0,0.8548077940940857,30.896690368652344
r42_c103,579405.0,5942415.0,100,100,1.0,0.8669199347496033,30.744281768798828
r42_c104,579705.0,5942415.0,89,89,1.0,0.8417301177978516,31.932966232299805
r43_c7,550605.0,5942115.0,88,88,1.0,0.8659015893936157,29.113248825073242
r43_c35,559005.0,5942115.0,100,100,1.0,0.6500049829483032,38.00840377807617
r43_c36,559305.0,5942115.0,100,100,1.0,0.6116769313812256,38.496700286865234
r43_c37,559605.0,5942115.0,100,100,1.0,0.6258772015571594,38.996212005615234
r43_c38,559905.0,5942115.0,100,99,0.99,0.6415259838104248,38.6380500793457
r43_c39,560205.0,5942115.0,100,99,0.99,0.5856186747550964,38.73032760620117
r43_c40,560505.0,5942115.0,100,100,1.0,0.7335090041160583,35.97073745727539
r43_c41,560805.0,5942115.0,100,90,0.9,0.6712893843650818,35.25802230834961
r43_c42,561105.0,5942115.0,100,100,1.0,0.7776775360107422,34.32967758178711
r43_c43,561405.0,5942115.0,100,100,1.0,0.6601166725158691,36.772003173828125
r43_c44,561705.0,5942115.0,100,100,1.0,0.6869692802429199,36.078338623046875
r43_c45,562005.0,5942115.0,100,96,0.96,0.572438657283783,39.643760681152344
r43_c46,562305.0,5942115.0,100,100,1.0,0.6649355888366699,37.72764587402344
r43_c47,562605.0,5942115.0,100,99,0.99,0.636981725692749,38.566917419433594
r43_c48,562905.0,5942115.0,100,100,1.0,0.5817343592643738,39.418052673339844
r43_c49,563205.0,5942115.0,100,100,1.0,0.6406506896018982,38.2436637878418
r43_c50,563505.0,5942115.0,100,100,1.0,0.679764986038208,37.71445846557617
r43_c51,563805.0,5942115.0,100,100,1.0,0.6919849514961243,37.063385009765625
r43_c52,564105.0,5942115.0,100,100,1.0,0.6813994646072388,38.232242584228516
r43_c53,564405.0,5942115.0,100,96,0.96,0.486522912979126,42.39747619628906
r43_c54,564705.0,5942115.0,100,99,0.99,0.47483110427856445,43.59630584716797
r43_c61,566805.0,5942115.0,100,94,0.94,0.42998525500297546,42.473392486572266
r43_c62,567105.0,5942115.0,100,88,0.88,0.4709238111972809,43.576133728027344
r43_c63,567405.0,5942115.0,100,100,1.0,0.5560453534126282,39.58560562133789
r43_c64,567705.0,5942115.0,100,100,1.0,0.6122957468032837,38.56666564941406
r43_c65,568005.0,5942115.0,100,96,0.96,0.6324383616447449,36.3017578125
r43_c66,568305.0,5942115.0,100,100,1.0,0.6294538974761963,37.37240219116211
r43_c67,568605.0,5942115.0,100,100,1.0,0.8236041069030762,31.887226104736328
r43_c68,568905.0,5942115.0,100,100,1.0,0.8264319896697998,31.071786880493164
r43_c69,569205.0,5942115.0,100,100,1.0,0.834556519985199,30.92778778076172
r43_c70,569505.0,5942115.0,100,100,1.0,0.812385082244873,31.00041961669922
r43_c71,569805.0,5942115.0,100,100,1.0,0.819011390209198,31.669116973876953
r43_c72,570105.0,5942115.0,100,100,1.0,0.8295258283615112,31.73238754272461
r43_c73,570405.0,5942115.0,100,100,1.0,0.8380442261695862,31.436386108398438
r43_c74,570705.0,5942115.0,100,100,1.0,0.8186007142066956,32.249229431152344
r43_c75,571005.0,5942115.0,100,100,1.0,0.8342954516410828,31.629770278930664
r43_c76,571305.0,5942115.0,100,100,1.0,0.8459135293960571,31.2228946685791
r43_c77,571605.0,5942115.0,100,99,0.99,0.6127038598060608,37.82669448852539
r43_c78,571905.0,5942115.0,100,86,0.86,0.6391408443450928,39.07441329956055
r43_c79,572205.0,5942115.0,100,99,0.99,0.6394577622413635,39.504764556884766
r43_c80,572505.0,5942115.0,100,100,1.0,0.6544091105461121,38.66164779663086
r43_c81,572805.0,5942115.0,100,100,1.0,0.7659984827041626,35.4686393737793
r43_c82,573105.0,5942115.0,100,100,1.0,0.6864999532699585,37.918399810791016
r43_c83,573405.0,5942115.0,100,100,1.0,0.5482010245323181,39.792938232421875
r43_c84,573705.0,5942115.0,100,100,1.0,0.6647651791572571,38.127891540527344
r43_c85,574005.0,5942115.0,100,100,1.0,0.6884487867355347,37.904354095458984
r43_c86,574305.0,5942115.0,100,98,0.98,0.7839395999908447,33.152164459228516
r43_c87,574605.0,5942115.0,100,100,1.0,0.6652834415435791,37.22929382324219
r43_c88,574905.0,5942115.0,100,100,1.0,0.677389919757843,36.704383850097656
r43_c89,575205.0,5942115.0,100,89,0.89,0.661912739276886,37.357295989990234
r43_c90,575505.0,5942115.0,100,100,1.0,0.6841825246810913,37.579647064208984
r43_c91,575805.0,5942115.0,100,100,1.0,0.6466026306152344,38.6025505065918
r43_c92,576105.0,5942115.0,100,92,0.92,0.5360540151596069,43.120731353759766
r43_c93,576405.0,5942115.0,100,90,0.9,0.387715607881546,47.44519805908203
r43_c94,576705.0,5942115.0,100,100,1.0,0.5020692944526672,41.372135162353516
r43_c95,577005.0,5942115.0,100,97,0.97,0.5964929461479187,39.495635986328125
r43_c96,577305.0,5942115.0,100,97,0.97,0.7570478916168213,34.5465202331543
r43_c97,577605.0,5942115.0,100,100,1.0,0.7832804918289185,32.888572692871094
r43_c98,577905.0,5942115.0,100,100,1.0,0.8228802680969238,32.33403396606445
r43_c99,578205.0,5942115.0,100,100,1.0,0.875950038433075,29.37160873413086
r43_c100,578505.0,5942115.0,100,100,1.0,0.8500064611434937,29.66604232788086
r43_c101,578805.0,5942115.0,100,100,1.0,0.8674041032791138,30.257280349731445
r43_c102,579105.0,5942115.0,100,100,1.0,0.813930869102478,32.6515998840332
r43_c103,579405.0,5942115.0,100,100,1.0,0.8722009062767029,29.72568130493164
r44_c7,550605.0,5941815.0,100,100,1.0,0.8768152594566345,28.366846084594727
r44_c35,559005.0,5941815.0,100,99,0.99,0.638286828994751,38.0411376953125
r44_c36,559305.0,5941815.0,100,99,0.99,0.6433303356170654,37.79593276977539
r44_c37,559605.0,5941815.0,100,100,1.0,0.6412162184715271,38.1300048828125
r44_c38,559905.0,5941815.0,100,98,0.98,0.6207832098007202,39.59618377685547
r44_c39,560205.0,5941815.0,100,98,0.98,0.6723260879516602,37.30879211425781
r44_c40,560505.0,5941815.0,100,99,0.99,0.7110550403594971,34.51483917236328
r44_c41,560805.0,5941815.0,100,100,1.0,0.7535103559494019,33.994056701660156
r44_c42,561105.0,5941815.0,100,100,1.0,0.779427170753479,32.876399993896484
r44_c43,561405.0,5941815.0,100,100,1.0,0.7847365736961365,32.279239654541016
r44_c44,561705.0,5941815.0,100,100,1.0,0.6938537359237671,35.903533935546875
r44_c45,562005.0,5941815.0,100,100,1.0,0.6781954765319824,37.387855529785156
r44_c46,562305.0,5941815.0,100,100,1.0,0.6274387836456299,37.75477600097656
r44_c47,562605.0,5941815.0,100,87,0.87,0.680690348148346,37.56711196899414
r44_c48,562905.0,5941815.0,100,98,0.98,0.47809749841690063,40.729366302490234
r44_c49,563205.0,5941815.0,100,89,0.89,0.600260853767395,39.78669357299805
r44_c50,563505.0,5941815.0,100,99,0.99,0.6853812336921692,37.86903381347656
r44_c51,563805.0,5941815.0,100,100,1.0,0.627490758895874,39.1029167175293
r44_c52,564105.0,5941815.0,100,93,0.93,0.5044602751731873,41.78065490722656
r44_c53,564405.0,5941815.0,100,100,1.0,0.5216124057769775,40.9200325012207
r44_c54,564705.0,5941815.0,100,95,0.95,0.31904542446136475,42.706947326660156
r44_c62,567105.0,5941815.0,100,89,0.89,0.46873530745506287,40.81709289550781
r44_c63,567405.0,5941815.0,100,88,0.88,0.5117241740226746,40.59596252441406
r44_c64,567705.0,5941815.0,100,97,0.97,0.5228433012962341,38.71379470825195
r44_c65,568005.0,5941815.0,100,98,0.98,0.7549306154251099,32.681068420410156
r44_c66,568305.0,5941815.0,100,100,1.0,0.5626851916313171,37.64191818237305
r44_c67,568605.0,5941815.0,100,100,1.0,0.8049700260162354,32.28651809692383
r44_c68,568905.0,5941815.0,100,100,1.0,0.8160857558250427,31.29901695251465
r44_c69,569205.0,5941815.0,100,100,1.0,0.8171864151954651,31.254613876342773
r44_c70,569505.0,5941815.0,100,100,1.0,0.8286575078964233,31.013032913208008
r44_c71,569805.0,5941815.0,100,100,1.0,0.8218708038330078,31.8349609375
r44_c72,570105.0,5941815.0,100,88,0.88,0.8399658203125,30.874530792236328
r44_c73,570405.0,5941815.0,100,91,0.91,0.7831475138664246,31.14221954345703
r44_c74,570705.0,5941815.0,100,100,1.0,0.8184857368469238,31.3551082611084
r44_c75,571005.0,5941815.0,100,100,1.0,0.8321496844291687,32.40662384033203
r44_c76,571305.0,5941815.0,100,99,0.99,0.7405077815055847,35.868064880371094
r44_c77,571605.0,5941815.0,100,100,1.0,0.5712928175926208,39.82923889160156
r44_c78,571905.0,5941815.0,100,100,1.0,0.6448070406913757,39.673614501953125
r44_c79,572205.0,5941815.0,100,98,0.98,0.6469138264656067,39.00120162963867
r44_c80,572505.0,5941815.0,100,100,1.0,0.6513477563858032,39.145259857177734
r44_c81,572805.0,5941815.0,100,100,1.0,0.5856409072875977,39.99494552612305
r44_c82,573105.0,5941815.0,100,100,1.0,0.6502420902252197,38.40333938598633
r44_c83,573405.0,5941815.0,100,100,1.0,0.6715859770774841,37.814361572265625
r44_c84,573705.0,5941815.0,100,100,1.0,0.685039222240448,37.62507629394531
r44_c85,574005.0,5941815.0,100,99,0.99,0.6741507649421692,36.963661193847656
r44_c86,574305.0,5941815.0,100,99,0.99,0.7446698546409607,34.091243743896484
r44_c87,574605.0,5941815.0,100,100,1.0,0.6787700057029724,36.14424133300781
r44_c88,574905.0,5941815.0,100,100,1.0,0.7399351596832275,36.0613899230957
r44_c89,575205.0,5941815.0,100,100,1.0,0.6462557911872864,38.45082473754883
r44_c90,575505.0,5941815.0,100,97,0.97,0.6147084832191467,39.629085540771484
r44_c91,575805.0,5941815.0,100,100,1.0,0.6803364753723145,38.854217529296875
r44_c92,576105.0,5941815.0,100,100,1.0,0.5741832256317139,42.306312561035156
r44_c93,576405.0,5941815.0,100,83,0.83,0.4014573097229004,46.685115814208984
r44_c94,576705.0,5941815.0,100,100,1.0,0.6859826445579529,38.55531311035156
r44_c95,577005.0,5941815.0,100,100,1.0,0.6891111731529236,36.47663497924805
r44_c96,577305.0,5941815.0,100,100,1.0,0.7820839881896973,32.14576721191406
r44_c97,577605.0,5941815.0,100,100,1.0,0.8310194611549377,30.594335556030273
r44_c98,577905.0,5941815.0,100,100,1.0,0.8627095818519592,30.586811065673828
r44_c99,578205.0,5941815.0,100,100,1.0,0.8477718830108643,31.34027862548828
r44_c100,578505.0,5941815.0,100,100,1.0,0.8516636490821838,30.389629364013672
r44_c101,578805.0,5941815.0,100,100,1.0,0.7887973785400391,33.48518753051758
r44_c102,579105.0,5941815.0,100,100,1.0,0.8319533467292786,31.548234939575195
r45_c6,550305.0,5941515.0,95,95,1.0,0.8515598773956299,29.2573299407959
r45_c7,550605.0,5941515.0,100,100,1.0,0.8576627969741821,28.41162109375
r45_c33,558405.0,5941515.0,99,94,0.9494949494949495,0.6287130117416382,38.40784454345703
r45_c34,558705.0,5941515.0,100,100,1.0,0.6161150932312012,38.47865295410156
r45_c35,559005.0,5941515.0,100,91,0.91,0.6439745426177979,38.64609909057617
r45_c36,559305.0,5941515.0,100,89,0.89,0.6748239994049072,38.2474365234375
r45_c37,559605.0,5941515.0,100,100,1.0,0.5790860652923584,38.81242370605469
r45_c38,559905.0,5941515.0,100,86,0.86,0.48954370617866516,40.88929748535156
r45_c39,560205.0,5941515.0,100,97,0.97,0.46984386444091797,39.904075622558594
r45_c40,560505.0,5941515.0,100,97,0.97,0.6299293637275696,36.273433685302734
r45_c41,560805.0,5941515.0,100,100,1.0,0.5880220532417297,37.023799896240234
r45_c42,561105.0,5941515.0,100,100,1.0,0.7945863604545593,33.80293273925781
r45_c43,561405.0,5941515.0,100,100,1.0,0.8240398168563843,32.20500564575195
r45_c44,561705.0,5941515.0,100,100,1.0,0.8369290232658386,31.564226150512695
r45_c45,562005.0,5941515.0,100,100,1.0,0.832679033279419,31.937000274658203
r45_c46,562305.0,5941515.0,100,100,1.0,0.7343959808349609,34.54767990112305
r45_c47,562605.0,5941515.0,100,100,1.0,0.6776185035705566,35.76524353027344
r45_c48,562905.0,5941515.0,100,99,0.99,0.47753921151161194,40.62685012817383
r45_c49,563205.0,5941515.0,100,100,1.0,0.7126802802085876,35.55691909790039
r45_c50,563505.0,5941515.0,100,100,1.0,0.6450661420822144,39.56950759887695
r45_c51,563805.0,5941515.0,100,100,1.0,0.47172027826309204,42.0341682434082
r45_c52,564105.0,5941515.0,100,100,1.0,0.5622483491897583,40.3399658203125
r45_c53,564405.0,5941515.0,100,100,1.0,0.7043641805648804,36.44642639160156
r45_c54,564705.0,5941515.0,100,83,0.83,0.6435899138450623,37.96385955810547
r45_c62,567105.0,5941515.0,100,100,1.0,0.5454298853874207,38.21942901611328
r45_c63,567405.0,5941515.0,100,100,1.0,0.6665850877761841,35.9557991027832
r45_c64,567705.0,5941515.0,100,100,1.0,0.7651212811470032,34.062496185302734
r45_c65,568005.0,5941515.0,100,98,0.98,0.5600588917732239,39.792442321777344
r45_c66,568305.0,5941515.0,100,93,0.93,0.4913487732410431,39.787986755371094
r45_c67,568605.0,5941515.0,100,100,1.0,0.8206002116203308,32.655426025390625
r45_c68,568905.0,5941515.0,100,100,1.0,0.8310608863830566,31.3710994720459
r45_c69,569205.0,5941515.0,100,100,1.0,0.8432323336601257,31.178394317626953
r45_c70,569505.0,5941515.0,100,100,1.0,0.7825796008110046,33.855560302734375
r45_c71,569805.0,5941515.0,100,100,1.0,0.8327503800392151,32.1699333190918
r45_c72,570105.0,5941515.0,100,94,0.94,0.7008507251739502,35.138572692871094
r45_c73,570405.0,5941515.0,100,100,1.0,0.6685526967048645,37.61665344238281
r45_c74,570705.0,5941515.0,100,88,0.88,0.6568495035171509,36.35847473144531
r45_c75,571005.0,5941515.0,100,95,0.95,0.6651074290275574,36.045597076416016
r45_c76,571305.0,5941515.0,100,100,1.0,0.5220377445220947,41.07826232910156
r45_c77,571605.0,5941515.0,100,100,1.0,0.4700033962726593,41.987491607666016
r45_c78,571905.0,5941515.0,100,100,1.0,0.6668066382408142,38.26327133178711
r45_c79,572205.0,5941515.0,100,97,0.97,0.6066005229949951,39.43045425415039
r45_c80,572505.0,5941515.0,100,96,0.96,0.5777127742767334,40.314056396484375
r45_c81,572805.0,5941515.0,100,100,1.0,0.605996310710907,40.07003402709961
r45_c82,573105.0,5941515.0,100,98,0.98,0.6904884576797485,36.576499938964844
r45_c83,573405.0,5941515.0,100,94,0.94,0.6240371465682983,36.6540641784668
r45_c84,573705.0,5941515.0,100,100,1.0,0.6073212027549744,39.47639846801758
r45_c85,574005.0,5941515.0,100,100,1.0,0.6699232459068298,37.08888244628906
r45_c86,574305.0,5941515.0,100,99,0.99,0.7025575041770935,35.6982307434082
r45_c87,574605.0,5941515.0,100,100,1.0,0.7094137668609619,36.12516784667969
r45_c88,574905.0,5941515.0,100,100,1.0,0.6665319204330444,38.099769592285156
r45_c89,575205.0,5941515.0,100,100,1.0,0.6517568230628967,38.43305587768555
r45_c90,575505.0,5941515.0,100,89,0.89,0.6792766451835632,38.04066467285156
r45_c91,575805.0,5941515.0,100,100,1.0,0.7247515916824341,36.483482360839844
r45_c92,576105.0,5941515.0,100,99,0.99,0.6045411825180054,39.53166198730469
r45_c93,576405.0,5941515.0,100,95,0.95,0.6363733410835266,39.349090576171875
r45_c94,576705.0,5941515.0,100,98,0.98,0.6553583145141602,37.7088508605957
r45_c95,577005.0,5941515.0,100,100,1.0,0.8055586814880371,33.257957458496094
r45_c96,577305.0,5941515.0,100,100,1.0,0.815375804901123,31.346601486206055
r45_c97,577605.0,5941515.0,100,100,1.0,0.8639033436775208,30.921541213989258
r45_c98,577905.0,5941515.0,100,100,1.0,0.7966054677963257,32.865875244140625
r45_c99,578205.0,5941515.0,100,100,1.0,0.8653642535209656,30.53571319580078
r45_c100,578505.0,5941515.0,100,100,1.0,0.796318769454956,31.929712295532227
r45_c101,578805.0,5941515.0,96,96,1.0,0.8259444236755371,32.33710479736328
r46_c6,550305.0,5941215.0,100,100,1.0,0.784831166267395,30.913095474243164
r46_c7,550605.0,5941215.0,100,100,1.0,0.8549737334251404,28.652040481567383
r46_c32,558105.0,5941215.0,100,100,1.0,0.6839708089828491,37.226016998291016
r46_c33,558405.0,5941215.0,100,99,0.99,0.638941764831543,38.10021209716797
r46_c34,558705.0,5941215.0,100,100,1.0,0.6383076906204224,38.5883674621582
r46_c35,559005.0,5941215.0,100,100,1.0,0.6568213105201721,38.2482795715332
r46_c36,559305.0,5941215.0,100,100,1.0,0.6511389017105103,38.35160827636719
r46_c37,559605.0,5941215.0,100,100,1.0,0.6861084699630737,37.959144592285156
r46_c39,560205.0,5941215.0,100,99,0.99,0.6517612338066101,37.36236572265625
r46_c40,560505.0,5941215.0,100,99,0.99,0.5891764760017395,35.94017791748047
r46_c41,560805.0,5941215.0,100,100,1.0,0.6005178093910217,36.852996826171875
r46_c42,561105.0,5941215.0,100,100,1.0,0.7766342759132385,33.464447021484375
r46_c43,561405.0,5941215.0,100,100,1.0,0.8559794425964355,31.36642074584961
r46_c44,561705.0,5941215.0,100,100,1.0,0.8426491618156433,30.6279354095459
r46_c45,562005.0,5941215.0,100,100,1.0,0.8763838410377502,30.095443725585938
r46_c46,562305.0,5941215.0,100,100,1.0,0.875557005405426,30.425586700439453
r46_c47,562605.0,5941215.0,100,100,1.0,0.8754259347915649,30.797327041625977
r46_c48,562905.0,5941215.0,100,100,1.0,0.6421406269073486,36.87833023071289
r46_c49,563205.0,5941215.0,100,100,1.0,0.6307287216186523,38.52642822265625
r46_c50,563505.0,5941215.0,100,100,1.0,0.6349759101867676,40.187286376953125
r46_c51,563805.0,5941215.0,100,100,1.0,0.6227114200592041,39.181495666503906
r46_c52,564105.0,5941215.0,100,100,1.0,0.7349708080291748,36.215538024902344
r46_c53,564405.0,5941215.0,100,100,1.0,0.7230314016342163,36.127220153808594
r46_c54,564705.0,5941215.0,100,98,0.98,0.6774657368659973,37.8714485168457
r46_c62,567105.0,5941215.0,100,100,1.0,0.6683786511421204,36.63529968261719
r46_c63,567405.0,5941215.0,100,100,1.0,0.691788911819458,36.089996337890625
r46_c64,567705.0,5941215.0,100,99,0.99,0.5817026495933533,39.91931915283203
r46_c65,568005.0,5941215.0,100,88,0.88,0.49562618136405945,41.111854553222656
r46_c66,568305.0,5941215.0,100,88,0.88,0.5425054430961609,38.23990249633789
r46_c67,568605.0,5941215.0,100,100,1.0,0.7058637738227844,34.29365158081055
r46_c68,568905.0,5941215.0,100,100,1.0,0.8454648852348328,31.1438045501709
r46_c69,569205.0,5941215.0,100,100,1.0,0.8132920265197754,32.7205696105957
r46_c70,569505.0,5941215.0,100,99,0.99,0.6258681416511536,37.97442626953125
r46_c71,569805.0,5941215.0,100,100,1.0,0.577755331993103,37.811588287353516
r46_c72,570105.0,5941215.0,100,100,1.0,0.6295759081840515,40.026397705078125
r46_c73,570405.0,5941215.0,100,99,0.99,0.681063175201416,38.924739837646484
r46_c74,570705.0,5941215.0,100,100,1.0,0.733344554901123,36.19878387451172
r46_c75,571005.0,5941215.0,100,100,1.0,0.6237986087799072,37.76862335205078
r46_c76,571305.0,5941215.0,100,100,1.0,0.4909684360027313,41.752567291259766
r46_c77,571605.0,5941215.0,100,98,0.98,0.5754556059837341,41.093666076660156
r46_c78,571905.0,5941215.0,100,94,0.94,0.6966806650161743,35.815956115722656
r46_c79,572205.0,5941215.0,100,84,0.84,0.7369593381881714,35.013973236083984
r46_c80,572505.0,5941215.0,100,99,0.99,0.7281840443611145,36.27260208129883
r46_c81,572805.0,5941215.0,100,100,1.0,0.7318779230117798,36.445980072021484
r46_c82,573105.0,5941215.0,100,100,1.0,0.6692214012145996,37.70268630981445
r46_c83,573405.0,5941215.0,100,100,1.0,0.676801860332489,37.650184631347656
r46_c84,573705.0,5941215.0,100,100,1.0,0.6790466904640198,37.321990966796875
r46_c85,574005.0,5941215.0,100,81,0.81,0.5373336672782898,39.98176574707031
r46_c86,574305.0,5941215.0,100,92,0.92,0.6550754308700562,37.187599182128906
r46_c87,574605.0,5941215.0,100,100,1.0,0.7264407873153687,35.89625930786133
r46_c88,574905.0,5941215.0,100,100,1.0,0.6390001177787781,38.480220794677734
r46_c89,575205.0,5941215.0,100,100,1.0,0.6273025274276733,38.141563415527344
r46_c90,575505.0,5941215.0,100,100,1.0,0.6772254705429077,36.62967300415039
r46_c91,575805.0,5941215.0,100,100,1.0,0.6679306626319885,38.546875
r46_c92,576105.0,5941215.0,100,100,1.0,0.6374945640563965,38.74863815307617
r46_c93,576405.0,5941215.0,100,99,0.99,0.558641254901886,40.348331451416016
r46_c94,576705.0,5941215.0,100,100,1.0,0.6562921404838562,38.39476776123047
r46_c95,577005.0,5941215.0,100,100,1.0,0.7998422980308533,33.55351638793945
r46_c96,577305.0,5941215.0,100,100,1.0,0.680894136428833,36.533626556396484
r46_c97,577605.0,5941215.0,100,100,1.0,0.6714683771133423,36.30262756347656
r46_c98,577905.0,5941215.0,100,100,1.0,0.7056643962860107,34.822933197021484
r46_c99,578205.0,5941215.0,100,100,1.0,0.6198195815086365,35.91892623901367
r46_c100,578505.0,5941215.0,100,100,1.0,0.8160435557365417,32.894004821777344
r47_c6,550305.0,5940915.0,100,100,1.0,0.722612738609314,32.914268493652344
r47_c7,550605.0,5940915.0,100,100,1.0,0.7828989624977112,31.069984436035156
r47_c8,550905.0,5940915.0,99,99,1.0,0.8619973659515381,28.928482055664062
r47_c31,557805.0,5940915.0,100,100,1.0,0.6857084035873413,37.6335563659668
r47_c32,558105.0,5940915.0,100,100,1.0,0.6708572506904602,37.210906982421875
r47_c33,558405.0,5940915.0,100,100,1.0,0.6907381415367126,37.174808502197266
r47_c34,558705.0,5940915.0,100,100,1.0,0.6386438012123108,38.826805114746094
r47_c35,559005.0,5940915.0,100,100,1.0,0.6602693200111389,37.830196380615234
r47_c36,559305.0,5940915.0,100,100,1.0,0.6365759372711182,39.060935974121094
r47_c37,559605.0,5940915.0,100,91,0.91,0.6374655365943909,39.34810256958008
r47_c38,559905.0,5940915.0,100,93,0.93,0.4653477966785431,40.89906311035156
r47_c39,560205.0,5940915.0,100,87,0.87,0.6363462805747986,37.51156234741211
r47_c40,560505.0,5940915.0,100,99,0.99,0.6813067197799683,35.673927307128906
r47_c41,560805.0,5940915.0,100,100,1.0,0.7258281111717224,33.58332061767578
r47_c42,561105.0,5940915.0,100,100,1.0,0.7577381134033203,33.29148483276367
r47_c43,561405.0,5940915.0,100,100,1.0,0.7846727967262268,32.52298355102539
r47_c44,561705.0,5940915.0,100,100,1.0,0.8905835747718811,29.291053771972656
r47_c45,562005.0,5940915.0,100,100,1.0,0.8700732588768005,30.54849624633789
r47_c46,562305.0,5940915.0,100,100,1.0,0.868635892868042,31.31908416748047
r47_c47,562605.0,5940915.0,100,100,1.0,0.848827064037323,32.067020416259766
r47_c48,562905.0,5940915.0,100,100,1.0,0.6038193702697754,38.60056686401367
r47_c49,563205.0,5940915.0,100,100,1.0,0.44602206349372864,41.276058197021484
r47_c50,563505.0,5940915.0,100,90,0.9,0.6319226026535034,39.42881393432617
r47_c51,563805.0,5940915.0,100,83,0.83,0.4240010678768158,40.5399284362793
r47_c52,564105.0,5940915.0,100,96,0.96,0.5872208476066589,38.49474334716797
r47_c53,564405.0,5940915.0,100,100,1.0,0.6327430009841919,37.155799865722656
r47_c54,564705.0,5940915.0,100,96,0.96,0.6625668406486511,37.631805419921875
r47_c61,566805.0,5940915.0,100,94,0.94,0.661864697933197,35.38885498046875
r47_c62,567105.0,5940915.0,100,100,1.0,0.7139683365821838,35.72122573852539
r47_c63,567405.0,5940915.0,100,100,1.0,0.6311911344528198,37.3701286315918
r47_c64,567705.0,5940915.0,100,100,1.0,0.5366852879524231,39.54298782348633
r47_c65,568005.0,5940915.0,100,100,1.0,0.5078817009925842,38.084346771240234
r47_c66,568305.0,5940915.0,100,91,0.91,0.660902738571167,37.91061782836914
r47_c67,568605.0,5940915.0,100,100,1.0,0.6860494017601013,36.11460876464844
r47_c68,568905.0,5940915.0,100,100,1.0,0.7453855872154236,35.98219299316406
r47_c69,569205.0,5940915.0,100,100,1.0,0.7256115078926086,37.081947326660156
r47_c70,569505.0,5940915.0,100,96,0.96,0.6632025241851807,38.27446365356445
r47_c71,569805.0,5940915.0,100,100,1.0,0.6578378081321716,38.230194091796875
r47_c72,570105.0,5940915.0,100,97,0.97,0.6419786214828491,38.74058151245117
r47_c73,570405.0,5940915.0,100,100,1.0,0.7177837491035461,36.417442321777344
r47_c74,570705.0,5940915.0,100,100,1.0,0.7474013566970825,35.42851257324219
r47_c75,571005.0,5940915.0,100,100,1.0,0.5848896503448486,39.591217041015625
r47_c76,571305.0,5940915.0,100,93,0.93,0.3488967716693878,42.54607009887695
r47_c77,571605.0,5940915.0,100,99,0.99,0.6023321747779846,39.23137283325195
r47_c78,571905.0,5940915.0,100,100,1.0,0.6309899091720581,38.632118225097656
r47_c79,572205.0,5940915.0,100,100,1.0,0.6463005542755127,38.70563888549805
r47_c80,572505.0,5940915.0,100,100,1.0,0.6462422013282776,38.41514205932617
r47_c81,572805.0,5940915.0,100,100,1.0,0.6668037176132202,37.84259033203125
r47_c82,573105.0,5940915.0,100,100,1.0,0.6463966965675354,38.760704040527344
r47_c83,573405.0,5940915.0,100,85,0.85,0.6262391805648804,40.137786865234375
r47_c84,573705.0,5940915.0,100,100,1.0,0.6727745532989502,39.574424743652344
r47_c85,574005.0,5940915.0,100,99,0.99,0.4833683371543884,39.45035171508789
r47_c86,574305.0,5940915.0,100,97,0.97,0.6068632006645203,38.77757263183594
r47_c87,574605.0,5940915.0,100,100,1.0,0.6730455160140991,37.551204681396484
r47_c88,574905.0,5940915.0,100,100,1.0,0.6554538607597351,37.725460052490234
r47_c89,575205.0,5940915.0,100,100,1.0,0.6427062153816223,38.443992614746094
r47_c90,575505.0,5940915.0,100,100,1.0,0.6662787795066833,37.933345794677734
r47_c91,575805.0,5940915.0,100,100,1.0,0.6778096556663513,37.95146179199219
r47_c92,576105.0,5940915.0,100,99,0.99,0.6706595420837402,37.78430938720703
r47_c93,576405.0,5940915.0,100,100,1.0,0.699083685874939,37.638370513916016
r47_c94,576705.0,5940915.0,100,90,0.9,0.6583146452903748,38.756065368652344
r47_c95,577005.0,5940915.0,100,100,1.0,0.7300131916999817,35.18910217285156
r47_c96,577305.0,5940915.0,100,98,0.98,0.7075192928314209,35.559814453125
r47_c97,577605.0,5940915.0,100,99,0.99,0.6609197854995728,35.837894439697266
r47_c98,577905.0,5940915.0,100,100,1.0,0.6159316301345825,37.61946105957031
r47_c99,578205.0,5940915.0,100,71,0.71,0.473783940076828,39.880455017089844
r48_c6,550305.0,5940615.0,95,95,1.0,0.5977779030799866,34.164947509765625
r48_c7,550605.0,5940615.0,100,100,1.0,0.5562244653701782,35.28716278076172
r48_c8,550905.0,5940615.0,100,100,1.0,0.6724499464035034,33.9084358215332
r48_c9,551205.0,5940615.0,100,100,1.0,0.8415552377700806,29.90460968017578
r48_c10,551505.0,5940615.0,100,100,1.0,0.8840084075927734,28.573427200317383
r48_c31,557805.0,5940615.0,100,100,1.0,0.5002983212471008,39.076866149902344
r48_c32,558105.0,5940615.0,100,100,1.0,0.6875158548355103,37.490806579589844
r48_c33,558405.0,5940615.0,100,100,1.0,0.6706113219261169,37.64496612548828
r48_c34,558705.0,5940615.0,100,99,0.99,0.6661784648895264,37.78385543823242
r48_c35,559005.0,5940615.0,100,99,0.99,0.6415086388587952,38.218326568603516
r48_c36,559305.0,5940615.0,100,99,0.99,0.6356586813926697,37.97004699707031
r48_c37,559605.0,5940615.0,100,99,0.99,0.5949253439903259,39.50946807861328
r48_c38,559905.0,5940615.0,100,100,1.0,0.5640015006065369,40.709312438964844
r48_c39,560205.0,5940615.0,100,100,1.0,0.6706046462059021,36.99812698364258
r48_c40,560505.0,5940615.0,100,99,0.99,0.6290464997291565,37.48570251464844
r48_c41,560805.0,5940615.0,100,100,1.0,0.6686420440673828,35.1801872253418
r48_c42,561105.0,5940615.0,100,100,1.0,0.7113609910011292,35.099002838134766
r48_c43,561405.0,5940615.0,100,100,1.0,0.8277031183242798,30.735841751098633
r48_c46,562305.0,5940615.0,100,100,1.0,0.7389680743217468,35.38947677612305
r48_c47,562605.0,5940615.0,100,100,1.0,0.7145909070968628,36.204288482666016
r48_c48,562905.0,5940615.0,100,94,0.94,0.4633442163467407,40.055328369140625
r48_c49,563205.0,5940615.0,100,100,1.0,0.4862556457519531,41.013450622558594
r48_c50,563505.0,5940615.0,100,96,0.96,0.6405941843986511,38.90519332885742
r48_c51,563805.0,5940615.0,100,100,1.0,0.7069277763366699,36.378028869628906
r48_c52,564105.0,5940615.0,100,100,1.0,0.47923335433006287,37.96611404418945
r48_c53,564405.0,5940615.0,100,100,1.0,0.6689810752868652,36.266361236572266
r48_c54,564705.0,5940615.0,100,100,1.0,0.700171709060669,37.0714225769043
r48_c55,565005.0,5940615.0,100,100,1.0,0.6550576686859131,37.15890884399414
r48_c60,566505.0,5940615.0,100,91,0.91,0.709408700466156,37.005367279052734
r48_c61,566805.0,5940615.0,100,100,1.0,0.6706445813179016,37.34947204589844
r48_c62,567105.0,5940615.0,100,100,1.0,0.6708934903144836,37.11017990112305
r48_c63,567405.0,5940615.0,100,100,1.0,0.6575310230255127,37.036930084228516
r48_c64,567705.0,5940615.0,100,100,1.0,0.5953676104545593,36.940467834472656
r48_c65,568005.0,5940615.0,100,100,1.0,0.48161184787750244,38.642303466796875
r48_c66,568305.0,5940615.0,100,97,0.97,0.5196197032928467,38.753971099853516
r48_c67,568605.0,5940615.0,100,100,1.0,0.535099983215332,40.015071868896484
r48_c68,568905.0,5940615.0,100,100,1.0,0.567793071269989,40.409244537353516
r48_c69,569205.0,5940615.0,100,95,0.95,0.476546049118042,42.2296142578125
r48_c70,569505.0,5940615.0,100,100,1.0,0.44852524995803833,43.21482467651367
r48_c71,569805.0,5940615.0,100,100,1.0,0.558722734451294,39.800086975097656
r48_c72,570105.0,5940615.0,100,100,1.0,0.579800009727478,39.80637741088867
r48_c73,570405.0,5940615.0,100,100,1.0,0.738118588924408,36.020851135253906
r48_c74,570705.0,5940615.0,100,98,0.98,0.6698427200317383,37.045257568359375
r48_c75,571005.0,5940615.0,100,99,0.99,0.6544605493545532,38.43434524536133
r48_c76,571305.0,5940615.0,100,100,1.0,0.6574860215187073,40.82033157348633
r48_c77,571605.0,5940615.0,100,100,1.0,0.6623989343643188,39.262943267822266
r48_c78,571905.0,5940615.0,100,100,1.0,0.6166896224021912,37.98751449584961
r48_c79,572205.0,5940615.0,100,100,1.0,0.7051467299461365,36.86543655395508
r48_c80,572505.0,5940615.0,100,100,1.0,0.724846363067627,35.96596145629883
r48_c81,572805.0,5940615.0,100,100,1.0,0.6329913139343262,39.28013610839844
r48_c82,573105.0,5940615.0,100,100,1.0,0.7419016361236572,38.307857513427734
r48_c83,573405.0,5940615.0,100,100,1.0,0.7063992023468018,38.808860778808594
r48_c84,573705.0,5940615.0,100,100,1.0,0.7238489389419556,39.30323791503906
r48_c85,574005.0,5940615.0,100,99,0.99,0.6449916958808899,40.310768127441406
r48_c86,574305.0,5940615.0,100,94,0.94,0.6149095892906189,39.947654724121094
r48_c87,574605.0,5940615.0,100,100,1.0,0.7040745615959167,37.450679779052734
r48_c88,574905.0,5940615.0,100,100,1.0,0.6614453196525574,37.604705810546875
r48_c89,575205.0,5940615.0,100,100,1.0,0.6133078932762146,38.849266052246094
r48_c90,575505.0,5940615.0,100,100,1.0,0.7020386457443237,38.0678825378418
r48_c91,575805.0,5940615.0,100,100,1.0,0.6614455580711365,38.48722839355469
r48_c92,576105.0,5940615.0,100,98,0.98,0.643846333026886,38.38983154296875
r48_c93,576405.0,5940615.0,100,100,1.0,0.6882467865943909,37.67747116088867
r48_c94,576705.0,5940615.0,100,100,1.0,0.7400986552238464,35.8867301940918
r48_c95,577005.0,5940615.0,100,100,1.0,0.7134397625923157,36.45097351074219
r48_c96,577305.0,5940615.0,100,100,1.0,0.6943476796150208,36.740657806396484
r48_c97,577605.0,5940615.0,100,94,0.94,0.6259680986404419,38.14719772338867
r48_c98,577905.0,5940615.0,100,100,1.0,0.5792844891548157,38.83224105834961
r48_c101,578805.0,5940615.0,98,90,0.9183673469387755,0.517905056476593,39.64850997924805
r49_c6,550305.0,5940315.0,92,92,1.0,0.7706429958343506,31.80069351196289
r49_c7,550605.0,5940315.0,100,100,1.0,0.8082008957862854,30.83513641357422
r49_c8,550905.0,5940315.0,100,100,1.0,0.6317119002342224,34.2376594543457
r49_c9,551205.0,5940315.0,100,100,1.0,0.7843359112739563,32.004024505615234
r49_c10,551505.0,5940315.0,100,100,1.0,0.8798210620880127,28.4882869720459
r49_c11,551805.0,5940315.0,100,100,1.0,0.8658325672149658,28.333486557006836
r49_c12,552105.0,5940315.0,98,98,1.0,0.8551201224327087,28.55741310119629
r49_c30,557505.0,5940315.0,92,92,1.0,0.6955935955047607,37.036407470703125
r49_c31,557805.0,5940315.0,100,99,0.99,0.6282222867012024,38.183414459228516
r49_c32,558105.0,5940315.0,100,98,0.98,0.38813716173171997,41.80447006225586
r49_c33,558405.0,5940315.0,100,94,0.94,0.482978492975235,41.96519470214844
r49_c34,558705.0,5940315.0,100,100,1.0,0.7247150540351868,37.01996994018555
r49_c35,559005.0,5940315.0,100,100,1.0,0.6699400544166565,37.159263610839844
r49_c36,559305.0,5940315.0,100,99,0.99,0.6575788855552673,38.2492561340332
r49_c37,559605.0,5940315.0,100,100,1.0,0.5126277804374695,40.57963562011719
r49_c38,559905.0,5940315.0,100,97,0.97,0.4308992326259613,41.85640335083008
r49_c39,560205.0,5940315.0,100,100,1.0,0.6972683072090149,36.419151306152344
r49_c40,560505.0,5940315.0,100,100,1.0,0.623848557472229,38.63569641113281
r49_c41,560805.0,5940315.0,100,95,0.95,0.6033684015274048,36.479209899902344
r49_c42,561105.0,5940315.0,100,100,1.0,0.7683573961257935,33.136409759521484
r49_c43,561405.0,5940315.0,100,100,1.0,0.8144577741622925,32.310794830322266
r49_c44,561705.0,5940315.0,100,83,0.83,0.8468192219734192,31.15326499938965
r49_c45,562005.0,5940315.0,100,70,0.7,0.7942851781845093,33.20924377441406
r49_c46,562305.0,5940315.0,100,100,1.0,0.7322316765785217,35.76907730102539
r49_c47,562605.0,5940315.0,100,100,1.0,0.6066904067993164,38.631229400634766
r49_c48,562905.0,5940315.0,100,100,1.0,0.5586068034172058,38.01674270629883
r49_c49,563205.0,5940315.0,100,100,1.0,0.6742846965789795,36.8288688659668
r49_c50,563505.0,5940315.0,100,98,0.98,0.6328839063644409,37.81793975830078
r49_c51,563805.0,5940315.0,100,100,1.0,0.7486408352851868,35.177818298339844
r49_c52,564105.0,5940315.0,100,100,1.0,0.681386411190033,37.08567428588867
r49_c53,564405.0,5940315.0,100,100,1.0,0.7256812453269958,35.62083053588867
r49_c54,564705.0,5940315.0,100,100,1.0,0.6103082299232483,39.06856155395508
r49_c55,565005.0,5940315.0,100,100,1.0,0.6711074113845825,37.50707244873047
r49_c56,565305.0,5940315.0,100,100,1.0,0.8617363572120667,30.979101181030273
r49_c57,565605.0,5940315.0,100,100,1.0,0.7703153491020203,33.553958892822266
r49_c58,565905.0,5940315.0,100,97,0.97,0.6808415651321411,34.916690826416016
r49_c59,566205.0,5940315.0,100,100,1.0,0.6378620862960815,39.19013977050781
r49_c60,566505.0,5940315.0,100,100,1.0,0.514422595500946,42.014488220214844
r49_c61,566805.0,5940315.0,100,100,1.0,0.4821232855319977,40.996700286865234
r49_c62,567105.0,5940315.0,100,100,1.0,0.6328402161598206,36.867557525634766
r49_c63,567405.0,5940315.0,100,100,1.0,0.4550624489784241,39.22449493408203
r49_c64,567705.0,5940315.0,100,100,1.0,0.5662677884101868,37.403167724609375
r49_c65,568005.0,5940315.0,100,100,1.0,0.5752447247505188,37.97633743286133
r49_c66,568305.0,5940315.0,100,100,1.0,0.571387529373169,37.818050384521484
r49_c67,568605.0,5940315.0,100,100,1.0,0.42520472407341003,40.92198181152344
r49_c68,568905.0,5940315.0,100,100,1.0,0.5432994961738586,39.637420654296875
r49_c69,569205.0,5940315.0,100,99,0.99,0.6705507040023804,38.36670684814453
r49_c70,569505.0,5940315.0,100,100,1.0,0.4866946339607239,42.08591842651367
r49_c71,569805.0,5940315.0,100,83,0.83,0.40630796551704407,43.362022399902344
r49_c72,570105.0,5940315.0,100,98,0.98,0.5529496073722839,40.643802642822266
r49_c73,570405.0,5940315.0,100,100,1.0,0.7062958478927612,37.76133728027344
r49_c74,570705.0,5940315.0,100,100,1.0,0.6053005456924438,39.774375915527344
r49_c75,571005.0,5940315.0,100,100,1.0,0.6247744560241699,39.526710510253906
r49_c76,571305.0,5940315.0,100,97,0.97,0.554262638092041,42.628517150878906
r49_c77,571605.0,5940315.0,100,100,1.0,0.590106725692749,40.52522277832031
r49_c78,571905.0,5940315.0,100,100,1.0,0.6685253381729126,37.714725494384766
r49_c79,572205.0,5940315.0,100,100,1.0,0.7106642723083496,36.48224639892578
r49_c80,572505.0,5940315.0,100,100,1.0,0.7842832803726196,34.085018157958984
r49_c81,572805.0,5940315.0,100,100,1.0,0.7625927925109863,34.761199951171875
r49_c82,573105.0,5940315.0,100,100,1.0,0.7321163415908813,35.5517578125
r49_c83,573405.0,5940315.0,100,100,1.0,0.7595347762107849,35.52339172363281
r49_c84,573705.0,5940315.0,100,100,1.0,0.7164397239685059,37.95549011230469
r49_c85,574005.0,5940315.0,100,99,0.99,0.43655988574028015,40.9496955871582
r49_c86,574305.0,5940315.0,100,96,0.96,0.7184522151947021,36.9372673034668
r49_c87,574605.0,5940315.0,100,100,1.0,0.7052192091941833,37.434486389160156
r49_c88,574905.0,5940315.0,100,100,1.0,0.6633970737457275,37.9338264465332
r49_c89,575205.0,5940315.0,100,77,0.77,0.6099608540534973,38.21004867553711
r49_c90,575505.0,5940315.0,100,100,1.0,0.685616672039032,37.18366622924805
r49_c91,575805.0,5940315.0,100,99,0.99,0.6669195294380188,37.8601188659668
r49_c92,576105.0,5940315.0,100,100,1.0,0.6094681620597839,39.40312194824219
r49_c93,576405.0,5940315.0,100,96,0.96,0.5449507832527161,40.50877380371094
r49_c94,576705.0,5940315.0,100,95,0.95,0.5661598443984985,39.537113189697266
r49_c95,577005.0,5940315.0,100,100,1.0,0.6054743528366089,39.15028381347656
r49_c96,577305.0,5940315.0,100,100,1.0,0.6589025259017944,37.778358459472656
r49_c97,577605.0,5940315.0,100,100,1.0,0.6441234350204468,37.786197662353516
r49_c98,577905.0,5940315.0,100,100,1.0,0.6874964237213135,37.87770080566406
r49_c99,578205.0,5940315.0,100,100,1.0,0.7199733257293701,36.33317947387695
r49_c100,578505.0,5940315.0,100,94,0.94,0.5150886178016663,38.09127426147461
r49_c101,578805.0,5940315.0,100,88,0.88,0.4897262454032898,41.045127868652344
r50_c6,550305.0,5940015.0,100,100,1.0,0.8030148148536682,31.426958084106445
r50_c7,550605.0,5940015.0,100,100,1.0,0.8284705281257629,29.712495803833008
r50_c8,550905.0,5940015.0,100,100,1.0,0.7632620930671692,31.35210418701172
r50_c9,551205.0,5940015.0,100,100,1.0,0.6772242188453674,33.78398895263672
r50_c10,551505.0,5940015.0,100,100,1.0,0.7781190276145935,31.089466094970703
r50_c11,551805.0,5940015.0,100,100,1.0,0.6984747052192688,31.79894256591797
r50_c12,552105.0,5940015.0,100,100,1.0,0.7191779613494873,32.07009506225586
r50_c13,552405.0,5940015.0,99,99,1.0,0.8248635530471802,29.595869064331055
r50_c29,557205.0,5940015.0,100,100,1.0,0.7226564884185791,38.658809661865234
r50_c30,557505.0,5940015.0,100,100,1.0,0.6680811047554016,39.659976959228516
r50_c31,557805.0,5940015.0,100,100,1.0,0.6604169607162476,38.52400588989258
r50_c32,558105.0,5940015.0,100,100,1.0,0.692087709903717,37.791934967041016
r50_c34,558705.0,5940015.0,100,100,1.0,0.3589799404144287,42.562049865722656
r50_c35,559005.0,5940015.0,100,100,1.0,0.6627112030982971,38.60245132446289
r50_c36,559305.0,5940015.0,100,100,1.0,0.6450868844985962,38.163543701171875
r50_c37,559605.0,5940015.0,100,100,1.0,0.5927338600158691,39.48716354370117
r50_c38,559905.0,5940015.0,100,100,1.0,0.6458171606063843,37.335044860839844
r50_c39,560205.0,5940015.0,100,100,1.0,0.638192355632782,36.5274658203125
r50_c40,560505.0,5940015.0,100,100,1.0,0.8271325826644897,32.2512092590332
r50_c41,560805.0,5940015.0,100,96,0.96,0.6255603432655334,34.543582916259766
r50_c42,561105.0,5940015.0,100,100,1.0,0.7524750232696533,33.99276351928711
r50_c43,561405.0,5940015.0,100,100,1.0,0.6338028907775879,36.95671081542969
r50_c44,561705.0,5940015.0,100,100,1.0,0.7850649356842041,33.97581100463867
r50_c45,562005.0,5940015.0,100,100,1.0,0.7551763653755188,33.7036018371582
r50_c46,562305.0,5940015.0,100,100,1.0,0.6872321963310242,36.58366394042969
r50_c47,562605.0,5940015.0,100,100,1.0,0.7097862362861633,35.699073791503906
r50_c48,562905.0,5940015.0,100,100,1.0,0.6426645517349243,37.70738220214844
r50_c49,563205.0,5940015.0,100,100,1.0,0.5674340724945068,39.29865646362305
r50_c50,563505.0,5940015.0,100,98,0.98,0.6361735463142395,36.87669372558594
r50_c51,563805.0,5940015.0,100,100,1.0,0.5976336002349854,39.49034118652344
r50_c52,564105.0,5940015.0,100,100,1.0,0.6212702393531799,38.83320236206055
r50_c53,564405.0,5940015.0,100,100,1.0,0.6905835866928101,36.99460983276367
r50_c54,564705.0,5940015.0,100,100,1.0,0.5336229205131531,42.15629959106445
r50_c55,565005.0,5940015.0,100,100,1.0,0.5415265560150146,40.52361297607422
r50_c56,565305.0,5940015.0,100,100,1.0,0.7424526810646057,34.98468017578125
r50_c57,565605.0,5940015.0,100,100,1.0,0.6286787986755371,36.84743118286133
r50_c58,565905.0,5940015.0,100,94,0.94,0.7025128602981567,35.952579498291016
r50_c59,566205.0,5940015.0,100,100,1.0,0.6152150630950928,40.62434005737305
r50_c60,566505.0,5940015.0,100,98,0.98,0.5516669154167175,40.18115234375
r50_c61,566805.0,5940015.0,100,100,1.0,0.523371696472168,39.338104248046875
r50_c62,567105.0,5940015.0,100,91,0.91,0.6191808581352234,38.5191764831543
r50_c63,567405.0,5940015.0,100,99,0.99,0.4231824278831482,39.68388366699219
r50_c64,567705.0,5940015.0,100,100,1.0,0.5540761351585388,39.3682861328125
r50_c65,568005.0,5940015.0,100,100,1.0,0.5546965003013611,38.94438552856445
r50_c66,568305.0,5940015.0,100,100,1.0,0.5828877091407776,37.639583587646484
r50_c67,568605.0,5940015.0,100,100,1.0,0.5943002104759216,38.493038177490234
r50_c68,568905.0,5940015.0,100,100,1.0,0.4703810214996338,40.846580505371094
r50_c69,569205.0,5940015.0,100,100,1.0,0.6177817583084106,39.90628433227539
r50_c70,569505.0,5940015.0,100,100,1.0,0.6345123052597046,38.760841369628906
r50_c71,569805.0,5940015.0,100,100,1.0,0.648987889289856,38.5999870300293
r50_c72,570105.0,5940015.0,100,93,0.93,0.6869601607322693,35.355995178222656
r50_c73,570405.0,5940015.0,100,95,0.95,0.5884655714035034,40.11483383178711
r50_c74,570705.0,5940015.0,100,100,1.0,0.40371599793434143,40.6707878112793
r50_c75,571005.0,5940015.0,100,91,0.91,0.33930617570877075,44.016326904296875
r50_c76,571305.0,5940015.0,100,100,1.0,0.5892319679260254,39.78839874267578
r50_c77,571605.0,5940015.0,100,100,1.0,0.6466668844223022,39.28388977050781
r50_c78,571905.0,5940015.0,100,100,1.0,0.5979816317558289,38.562461853027344
r50_c79,572205.0,5940015.0,100,100,1.0,0.6829217672348022,37.28309631347656
r50_c80,572505.0,5940015.0,100,100,1.0,0.6921893358230591,35.90617370605469
r50_c81,572805.0,5940015.0,100,100,1.0,0.7764567732810974,33.72671127319336
r50_c82,573105.0,5940015.0,100,100,1.0,0.7623854875564575,34.4918327331543
r50_c83,573405.0,5940015.0,100,100,1.0,0.689098060131073,38.004600524902344
r50_c84,573705.0,5940015.0,100,94,0.94,0.527756929397583,41.70346450805664
r50_c85,574005.0,5940015.0,100,100,1.0,0.5359154343605042,39.3020133972168
r50_c86,574305.0,5940015.0,100,100,1.0,0.7033366560935974,36.05683898925781
r50_c87,574605.0,5940015.0,100,100,1.0,0.7071805000305176,37.504783630371094
r50_c88,574905.0,5940015.0,100,100,1.0,0.6035289764404297,39.4678840637207
r50_c89,575205.0,5940015.0,100,100,1.0,0.63252192735672,39.387664794921875
r50_c90,575505.0,5940015.0,100,100,1.0,0.6582219004631042,37.88579177856445
r50_c91,575805.0,5940015.0,100,88,0.88,0.5134721398353577,40.61709976196289
r50_c92,576105.0,5940015.0,100,98,0.98,0.5602664351463318,39.85197448730469
r50_c94,576705.0,5940015.0,100,97,0.97,0.5538266897201538,39.71548843383789
r50_c95,577005.0,5940015.0,100,100,1.0,0.751181423664093,35.502498626708984
r50_c96,577305.0,5940015.0,100,100,1.0,0.7506839632987976,33.97642517089844
r50_c97,577605.0,5940015.0,100,100,1.0,0.6649023294448853,36.28212356567383
r50_c98,577905.0,5940015.0,100,100,1.0,0.6720395088195801,37.7777214050293
r50_c99,578205.0,5940015.0,100,100,1.0,0.6030185222625732,39.537071228027344
r50_c100,578505.0,5940015.0,100,79,0.79,0.5614991784095764,38.69902801513672
r50_c101,578805.0,5940015.0,100,97,0.97,0.5232534408569336,39.32624816894531
r51_c7,550605.0,5939715.0,100,98,0.98,0.8268388509750366,29.565345764160156
r51_c8,550905.0,5939715.0,100,100,1.0,0.7439538836479187,31.744699478149414
r51_c9,551205.0,5939715.0,100,100,1.0,0.5747286081314087,35.498226165771484
r51_c10,551505.0,5939715.0,100,100,1.0,0.5111331939697266,36.545650482177734
r51_c11,551805.0,5939715.0,100,100,1.0,0.49513936042785645,35.34591293334961
r51_c12,552105.0,5939715.0,100,100,1.0,0.5608514547348022,34.906673431396484
r51_c29,557205.0,5939715.0,100,100,1.0,0.7562936544418335,36.01356506347656
r51_c30,557505.0,5939715.0,100,100,1.0,0.6625915765762329,38.13639831542969
r51_c31,557805.0,5939715.0,100,100,1.0,0.6182928085327148,38.665645599365234
r51_c32,558105.0,5939715.0,100,100,1.0,0.6243983507156372,38.90234375
r51_c33,558405.0,5939715.0,100,100,1.0,0.6666135191917419,37.45683670043945
r51_c34,558705.0,5939715.0,100,100,1.0,0.5672818422317505,39.680084228515625
r51_c35,559005.0,5939715.0,100,99,0.99,0.4382122755050659,41.226558685302734
r51_c36,559305.0,5939715.0,100,100,1.0,0.6075485944747925,39.5433235168457
r51_c37,559605.0,5939715.0,100,100,1.0,0.6119115352630615,39.95430374145508
r51_c38,559905.0,5939715.0,100,100,1.0,0.6619044542312622,37.176483154296875
r51_c39,560205.0,5939715.0,100,100,1.0,0.553613543510437,39.30436706542969
r51_c40,560505.0,5939715.0,100,93,0.93,0.7729886770248413,34.563514709472656
r51_c41,560805.0,5939715.0,100,97,0.97,0.6617172956466675,36.48063278198242
r51_c42,561105.0,5939715.0,100,100,1.0,0.667799174785614,38.167198181152344
r51_c43,561405.0,5939715.0,100,100,1.0,0.6735630035400391,37.625755310058594
r51_c44,561705.0,5939715.0,100,100,1.0,0.7700599431991577,34.57373046875
r51_c45,562005.0,5939715.0,100,100,1.0,0.7874118089675903,32.579925537109375
r51_c46,562305.0,5939715.0,100,100,1.0,0.7600545287132263,33.62122344970703
r51_c47,562605.0,5939715.0,100,98,0.98,0.7694783210754395,34.75550079345703
r51_c48,562905.0,5939715.0,100,100,1.0,0.6509481072425842,37.12135696411133
r51_c49,563205.0,5939715.0,100,100,1.0,0.6888960003852844,36.815303802490234
r51_c50,563505.0,5939715.0,100,96,0.96,0.628577709197998,37.54731369018555
r51_c51,563805.0,5939715.0,100,95,0.95,0.546551525592804,39.9256591796875
r51_c52,564105.0,5939715.0,100,94,0.94,0.4396507143974304,42.32019805908203
r51_c53,564405.0,5939715.0,100,75,0.75,0.3376898765563965,44.43891906738281
r51_c54,564705.0,5939715.0,100,100,1.0,0.3702511489391327,42.82527160644531
r51_c55,565005.0,5939715.0,100,100,1.0,0.6632375121116638,38.046234130859375
r51_c56,565305.0,5939715.0,100,100,1.0,0.5924014449119568,36.658782958984375
r51_c57,565605.0,5939715.0,100,100,1.0,0.5191565752029419,38.45225524902344
r51_c58,565905.0,5939715.0,100,100,1.0,0.577836811542511,38.606239318847656
r51_c59,566205.0,5939715.0,100,99,0.99,0.508538007736206,41.08721160888672
r51_c60,566505.0,5939715.0,100,94,0.94,0.5423492193222046,38.62175750732422
r51_c61,566805.0,5939715.0,100,99,0.99,0.5956224799156189,38.766517639160156
r51_c62,567105.0,5939715.0,100,100,1.0,0.6289193630218506,38.58860397338867
r51_c63,567405.0,5939715.0,100,100,1.0,0.4046347439289093,39.123817443847656
r51_c64,567705.0,5939715.0,100,99,0.99,0.5320181250572205,38.22266387939453
r51_c65,568005.0,5939715.0,100,95,0.95,0.5704349279403687,37.32683563232422
r51_c66,568305.0,5939715.0,100,100,1.0,0.6903253793716431,35.840911865234375
r51_c67,568605.0,5939715.0,100,100,1.0,0.615119218826294,37.661983489990234
r51_c68,568905.0,5939715.0,100,100,1.0,0.5011910796165466,40.15108108520508
r51_c69,569205.0,5939715.0,100,100,1.0,0.6315199136734009,39.088016510009766
r51_c70,569505.0,5939715.0,100,100,1.0,0.5989534258842468,40.139366149902344
r51_c71,569805.0,5939715.0,100,100,1.0,0.7261337041854858,36.338138580322266
r51_c72,570105.0,5939715.0,100,100,1.0,0.6748286485671997,37.847408294677734
r51_c73,570405.0,5939715.0,100,92,0.92,0.5456214547157288,40.045448303222656
r51_c74,570705.0,5939715.0,100,96,0.96,0.44912323355674744,40.81928253173828
r51_c75,571005.0,5939715.0,100,71,0.71,0.2519318461418152,43.783729553222656
r51_c76,571305.0,5939715.0,100,100,1.0,0.3807326853275299,42.895267486572266
r51_c77,571605.0,5939715.0,100,100,1.0,0.5983530879020691,40.036136627197266
r51_c78,571905.0,5939715.0,100,100,1.0,0.6970508694648743,36.8776741027832
r51_c79,572205.0,5939715.0,100,100,1.0,0.6970992088317871,37.07014083862305
r51_c80,572505.0,5939715.0,100,100,1.0,0.6837296485900879,38.294410705566406
r51_c81,572805.0,5939715.0,100,100,1.0,0.6198633313179016,38.55999755859375
r51_c82,573105.0,5939715.0,100,100,1.0,0.7047955393791199,35.69342803955078
r51_c83,573405.0,5939715.0,100,84,0.84,0.6546615958213806,38.53006362915039
r51_c84,573705.0,5939715.0,100,83,0.83,0.5420352816581726,41.058189392089844
r51_c85,574005.0,5939715.0,100,100,1.0,0.5609502196311951,40.14202117919922
r51_c86,574305.0,5939715.0,100,100,1.0,0.7305837869644165,35.8144416809082
r51_c87,574605.0,5939715.0,100,99,0.99,0.5803391933441162,38.55483627319336
r51_c88,574905.0,5939715.0,100,100,1.0,0.6144827008247375,39.281131744384766
r51_c89,575205.0,5939715.0,100,100,1.0,0.5486591458320618,40.26299285888672
r51_c90,575505.0,5939715.0,100,100,1.0,0.5921437740325928,40.047821044921875
r51_c91,575805.0,5939715.0,100,100,1.0,0.5180160999298096,40.000587463378906
r51_c92,576105.0,5939715.0,100,99,0.99,0.6048007011413574,41.32999038696289
r51_c93,576405.0,5939715.0,100,99,0.99,0.7014070153236389,37.17979049682617
r51_c94,576705.0,5939715.0,100,94,0.94,0.7172778248786926,36.20212173461914
r51_c95,577005.0,5939715.0,100,100,1.0,0.7274008393287659,35.66594696044922
r51_c96,577305.0,5939715.0,100,100,1.0,0.8353871703147888,32.2774658203125
r51_c97,577605.0,5939715.0,100,100,1.0,0.83241868019104,31.655858993530273
r51_c98,577905.0,5939715.0,100,100,1.0,0.7336916327476501,36.48833465576172
r51_c99,578205.0,5939715.0,100,100,1.0,0.7320975661277771,38.057071685791016
r51_c100,578505.0,5939715.0,100,98,0.98,0.6117554306983948,37.450294494628906
r51_c101,578805.0,5939715.0,100,92,0.92,0.5314716696739197,37.739173889160156
r51_c102,579105.0,5939715.0,80,80,1.0,0.6459850668907166,34.97259521484375
r52_c8,550905.0,5939415.0,100,94,0.94,0.8303412795066833,29.66433334350586
r52_c9,551205.0,5939415.0,100,100,1.0,0.7556294202804565,32.96229553222656
r52_c10,551505.0,5939415.0,100,100,1.0,0.49914002418518066,37.38328170776367
r52_c11,551805.0,5939415.0,100,100,1.0,0.660309374332428,33.67680740356445
r52_c12,552105.0,5939415.0,100,100,1.0,0.7124179005622864,33.99485397338867
r52_c28,556905.0,5939415.0,99,99,1.0,0.637612521648407,38.44273376464844
r52_c29,557205.0,5939415.0,100,100,1.0,0.6787330508232117,38.26030731201172
r52_c30,557505.0,5939415.0,100,100,1.0,0.6472246646881104,38.395320892333984
r52_c31,557805.0,5939415.0,100,100,1.0,0.6965318918228149,37.687923431396484
r52_c32,558105.0,5939415.0,100,100,1.0,0.5909709334373474,39.23993682861328
r52_c33,558405.0,5939415.0,100,100,1.0,0.7058247327804565,37.77143096923828
r52_c34,558705.0,5939415.0,100,100,1.0,0.638502299785614,38.1027717590332
r52_c35,559005.0,5939415.0,100,100,1.0,0.6037340760231018,38.49665832519531
r52_c36,559305.0,5939415.0,100,100,1.0,0.5554705262184143,39.739654541015625
r52_c37,559605.0,5939415.0,100,100,1.0,0.6360199451446533,38.549129486083984
r52_c38,559905.0,5939415.0,100,100,1.0,0.612625777721405,39.06145095825195
r52_c39,560205.0,5939415.0,100,100,1.0,0.6660587787628174,39.31196212768555
r52_c40,560505.0,5939415.0,100,96,0.96,0.5313853025436401,40.12492370605469
r52_c41,560805.0,5939415.0,100,83,0.83,0.5766926407814026,39.698402404785156
r52_c42,561105.0,5939415.0,100,100,1.0,0.5717106461524963,40.20652389526367
r52_c43,561405.0,5939415.0,100,100,1.0,0.5701571702957153,38.795188903808594
r52_c44,561705.0,5939415.0,100,100,1.0,0.6285653114318848,39.895965576171875
r52_c45,562005.0,5939415.0,100,100,1.0,0.7666593790054321,34.02092742919922
r52_c46,562305.0,5939415.0,100,100,1.0,0.8184507489204407,32.293087005615234
r52_c47,562605.0,5939415.0,100,99,0.99,0.6849613189697266,37.63439178466797
r52_c48,562905.0,5939415.0,100,100,1.0,0.6113569736480713,37.61782455444336
r52_c49,563205.0,5939415.0,100,100,1.0,0.6930291056632996,37.881591796875
r52_c50,563505.0,5939415.0,100,94,0.94,0.5952618718147278,38.850440979003906
r52_c51,563805.0,5939415.0,100,100,1.0,0.5023525357246399,40.840126037597656
r52_c52,564105.0,5939415.0,100,100,1.0,0.5522754192352295,40.368465423583984
r52_c53,564405.0,5939415.0,100,79,0.79,0.30222463607788086,45.210777282714844
r52_c54,564705.0,5939415.0,100,98,0.98,0.41275328397750854,43.284996032714844
r52_c55,565005.0,5939415.0,100,100,1.0,0.6051679849624634,39.42390060424805
r52_c56,565305.0,5939415.0,100,97,0.97,0.7015233039855957,35.40229797363281
r52_c57,565605.0,5939415.0,100,100,1.0,0.6493216753005981,35.90839385986328
r52_c58,565905.0,5939415.0,100,100,1.0,0.5873696804046631,39.58649826049805
r52_c59,566205.0,5939415.0,100,100,1.0,0.5482117533683777,40.37440872192383
r52_c60,566505.0,5939415.0,100,100,1.0,0.599438488483429,38.323768615722656
r52_c61,566805.0,5939415.0,100,100,1.0,0.7215984463691711,35.2015495300293
r52_c62,567105.0,5939415.0,100,100,1.0,0.7443975806236267,34.08781814575195
r52_c63,567405.0,5939415.0,100,100,1.0,0.7868890166282654,33.702335357666016
r52_c64,567705.0,5939415.0,100,100,1.0,0.8370938301086426,31.92325210571289
r52_c65,568005.0,5939415.0,100,100,1.0,0.8102542161941528,32.88676452636719
r52_c66,568305.0,5939415.0,100,100,1.0,0.6870906352996826,34.960723876953125
r52_c67,568605.0,5939415.0,100,94,0.94,0.569844126701355,38.802001953125
r52_c68,568905.0,5939415.0,100,100,1.0,0.4986288547515869,40.508914947509766
r52_c69,569205.0,5939415.0,100,100,1.0,0.6234191656112671,39.29415512084961
r52_c70,569505.0,5939415.0,100,100,1.0,0.62226802110672,41.16162109375
r52_c71,569805.0,5939415.0,100,100,1.0,0.6368250846862793,38.085304260253906
r52_c72,570105.0,5939415.0,100,100,1.0,0.6738580465316772,39.2721061706543
r52_c73,570405.0,5939415.0,100,98,0.98,0.6362498998641968,39.9636116027832
r52_c74,570705.0,5939415.0,100,97,0.97,0.31312546133995056,45.130367279052734
r52_c75,571005.0,5939415.0,100,86,0.86,0.30704787373542786,42.05099868774414
r52_c76,571305.0,5939415.0,100,100,1.0,0.5338406562805176,40.211647033691406
r52_c77,571605.0,5939415.0,100,100,1.0,0.7547775506973267,34.610233306884766
r52_c78,571905.0,5939415.0,100,100,1.0,0.718829333782196,36.582698822021484
r52_c79,572205.0,5939415.0,100,99,0.99,0.6685866713523865,37.79044723510742
r52_c80,572505.0,5939415.0,100,100,1.0,0.7236238718032837,36.586769104003906
r52_c81,572805.0,5939415.0,100,100,1.0,0.640581488609314,37.30048751831055
r52_c82,573105.0,5939415.0,100,100,1.0,0.6659983992576599,37.673667907714844
r52_c83,573405.0,5939415.0,100,100,1.0,0.6926597356796265,36.12619400024414
r52_c84,573705.0,5939415.0,100,100,1.0,0.638521671295166,37.487693786621094
r52_c85,574005.0,5939415.0,100,95,0.95,0.6829454302787781,36.289520263671875
r52_c86,574305.0,5939415.0,100,100,1.0,0.6939886212348938,37.020355224609375
r52_c87,574605.0,5939415.0,100,100,1.0,0.6817049980163574,37.72453689575195
r52_c88,574905.0,5939415.0,100,100,1.0,0.6335573196411133,38.047027587890625
r52_c89,575205.0,5939415.0,100,100,1.0,0.6786375641822815,37.011531829833984
r52_c90,575505.0,5939415.0,100,99,0.99,0.6129323244094849,38.3721923828125
r52_c91,575805.0,5939415.0,100,100,1.0,0.7593579292297363,35.488868713378906
r52_c92,576105.0,5939415.0,100,100,1.0,0.7697322964668274,35.6500358581543
r52_c93,576405.0,5939415.0,100,98,0.98,0.5787949562072754,39.479827880859375
r52_c94,576705.0,5939415.0,100,100,1.0,0.6716532111167908,37.27455139160156
r52_c95,577005.0,5939415.0,100,100,1.0,0.7229320406913757,36.70924377441406
r52_c96,577305.0,5939415.0,100,100,1.0,0.7071784734725952,36.61513900756836
r52_c97,577605.0,5939415.0,100,100,1.0,0.7602351903915405,34.298614501953125
r52_c98,577905.0,5939415.0,100,100,1.0,0.7368708848953247,36.05625915527344
r52_c99,578205.0,5939415.0,100,100,1.0,0.7316243052482605,36.61292266845703
r52_c100,578505.0,5939415.0,100,100,1.0,0.7873603701591492,34.136051177978516
r52_c101,578805.0,5939415.0,100,100,1.0,0.5078483819961548,34.66057586669922
r53_c9,551205.0,5939115.0,100,100,1.0,0.7657110095024109,32.652008056640625
r53_c10,551505.0,5939115.0,100,100,1.0,0.6695036292076111,34.02099609375
r53_c11,551805.0,5939115.0,100,100,1.0,0.6469974517822266,35.17994689941406
r53_c12,552105.0,5939115.0,100,100,1.0,0.8303050994873047,31.885717391967773
r53_c13,552405.0,5939115.0,99,99,1.0,0.6124078035354614,35.110538482666016
r53_c28,556905.0,5939115.0,100,99,0.99,0.5321322083473206,40.8211555480957
r53_c29,557205.0,5939115.0,100,100,1.0,0.559736430644989,39.950645446777344
r53_c30,557505.0,5939115.0,100,100,1.0,0.6241800785064697,38.7697868347168
r53_c31,557805.0,5939115.0,100,100,1.0,0.678063154220581,37.84262466430664
r53_c32,558105.0,5939115.0,100,100,1.0,0.6267362833023071,38.62968826293945
r53_c33,558405.0,5939115.0,100,100,1.0,0.6188960075378418,39.205284118652344
r53_c34,558705.0,5939115.0,100,100,1.0,0.6924377679824829,37.99274826049805
r53_c35,559005.0,5939115.0,100,100,1.0,0.6651829481124878,38.83415603637695
r53_c36,559305.0,5939115.0,100,86,0.86,0.5938210487365723,40.91374588012695
r53_c37,559605.0,5939115.0,100,82,0.82,0.44040897488594055,45.24020004272461
r53_c38,559905.0,5939115.0,100,95,0.95,0.45498302578926086,42.48135757446289
r53_c39,560205.0,5939115.0,100,92,0.92,0.36721566319465637,43.173973083496094
r53_c40,560505.0,5939115.0,100,98,0.98,0.4389302432537079,43.53046417236328
r53_c41,560805.0,5939115.0,100,100,1.0,0.5041341781616211,42.260169982910156
r53_c42,561105.0,5939115.0,100,98,0.98,0.5596975684165955,41.007720947265625
r53_c43,561405.0,5939115.0,100,100,1.0,0.60260409116745,38.84010314941406
r53_c44,561705.0,5939115.0,100,100,1.0,0.5811066031455994,38.972755432128906
r53_c45,562005.0,5939115.0,100,100,1.0,0.6874942183494568,34.53742599487305
r53_c46,562305.0,5939115.0,100,100,1.0,0.6742344498634338,34.91898727416992
r53_c47,562605.0,5939115.0,100,100,1.0,0.406523197889328,40.83708572387695
r53_c48,562905.0,5939115.0,100,100,1.0,0.6533039212226868,36.83289337158203
r53_c49,563205.0,5939115.0,100,100,1.0,0.625937819480896,38.502784729003906
r53_c50,563505.0,5939115.0,100,100,1.0,0.6959341168403625,36.87945556640625
r53_c51,563805.0,5939115.0,100,100,1.0,0.6671569347381592,37.4338264465332
r53_c52,564105.0,5939115.0,100,100,1.0,0.6242639422416687,39.0533561706543
r53_c53,564405.0,5939115.0,100,95,0.95,0.5217677354812622,41.40019226074219
r53_c54,564705.0,5939115.0,100,99,0.99,0.4639950394630432,41.117149353027344
r53_c55,565005.0,5939115.0,100,96,0.96,0.5310179591178894,41.23030090332031
r53_c56,565305.0,5939115.0,100,99,0.99,0.568458616733551,40.01381301879883
r53_c57,565605.0,5939115.0,100,85,0.85,0.7319270372390747,32.759193420410156
r53_c58,565905.0,5939115.0,100,100,1.0,0.5851631760597229,38.90678787231445
r53_c59,566205.0,5939115.0,100,98,0.98,0.4667862355709076,42.247039794921875
r53_c60,566505.0,5939115.0,100,100,1.0,0.748097836971283,34.50898742675781
r53_c61,566805.0,5939115.0,100,100,1.0,0.8283100128173828,31.385498046875
r53_c62,567105.0,5939115.0,100,100,1.0,0.8418554663658142,31.292251586914062
r53_c63,567405.0,5939115.0,100,100,1.0,0.8145188093185425,33.66535186767578
r53_c64,567705.0,5939115.0,100,99,0.99,0.7250668406486511,33.56552505493164
r53_c65,568005.0,5939115.0,100,100,1.0,0.7448345422744751,33.51902770996094
r53_c66,568305.0,5939115.0,100,100,1.0,0.5993123054504395,35.66561508178711
r53_c67,568605.0,5939115.0,100,99,0.99,0.5728093385696411,38.89726257324219
r53_c68,568905.0,5939115.0,100,100,1.0,0.5507609844207764,40.09912109375
r53_c69,569205.0,5939115.0,100,100,1.0,0.5647303462028503,40.033607482910156
r53_c70,569505.0,5939115.0,100,95,0.95,0.5375745296478271,40.84499740600586
r53_c71,569805.0,5939115.0,100,100,1.0,0.6095010638237,38.342037200927734
r53_c72,570105.0,5939115.0,100,91,0.91,0.5131162405014038,41.58281326293945
r53_c73,570405.0,5939115.0,100,92,0.92,0.5500310063362122,40.08051681518555
r53_c74,570705.0,5939115.0,100,100,1.0,0.6617847681045532,38.390296936035156
r53_c75,571005.0,5939115.0,100,99,0.99,0.6260066628456116,37.77680969238281
r53_c76,571305.0,5939115.0,100,99,0.99,0.485920250415802,38.32081985473633
r53_c77,571605.0,5939115.0,100,98,0.98,0.6375508308410645,38.01765823364258
r53_c78,571905.0,5939115.0,100,100,1.0,0.6431336402893066,39.03626251220703
r53_c79,572205.0,5939115.0,100,100,1.0,0.6585251092910767,37.908729553222656
r53_c80,572505.0,5939115.0,100,100,1.0,0.5993605256080627,39.64839553833008
r53_c81,572805.0,5939115.0,100,100,1.0,0.6237328052520752,37.25485610961914
r53_c82,573105.0,5939115.0,100,100,1.0,0.679007887840271,36.998512268066406
r53_c83,573405.0,5939115.0,100,96,0.96,0.7388153076171875,35.18254089355469
r53_c84,573705.0,5939115.0,100,100,1.0,0.648020327091217,37.697601318359375
r53_c85,574005.0,5939115.0,100,87,0.87,0.6799890398979187,35.43063735961914
r53_c86,574305.0,5939115.0,100,100,1.0,0.6116088628768921,37.7473258972168
r53_c87,574605.0,5939115.0,100,100,1.0,0.7226399779319763,36.02067947387695
r53_c88,574905.0,5939115.0,100,100,1.0,0.7968318462371826,34.077945709228516
r53_c89,575205.0,5939115.0,100,100,1.0,0.7244939208030701,35.25999450683594
r53_c90,575505.0,5939115.0,100,100,1.0,0.6818364858627319,37.644615173339844
r53_c91,575805.0,5939115.0,100,100,1.0,0.6612439155578613,38.60443115234375
r53_c92,576105.0,5939115.0,100,100,1.0,0.563320517539978,40.09872055053711
r53_c93,576405.0,5939115.0,100,100,1.0,0.6073795557022095,38.60186004638672
r53_c94,576705.0,5939115.0,100,100,1.0,0.6600172519683838,37.72272491455078
r53_c95,577005.0,5939115.0,100,100,1.0,0.585832953453064,38.23237991333008
r53_c96,577305.0,5939115.0,100,99,0.99,0.6567026972770691,37.80162811279297
r53_c97,577605.0,5939115.0,100,100,1.0,0.7524696588516235,35.43266677856445
r53_c98,577905.0,5939115.0,100,100,1.0,0.758259654045105,35.63909912109375
r53_c99,578205.0,5939115.0,100,100,1.0,0.7685447931289673,35.64658737182617
r53_c100,578505.0,5939115.0,100,100,1.0,0.7926257252693176,34.31528854370117
r53_c101,578805.0,5939115.0,85,85,1.0,0.811430811882019,32.55331039428711
r54_c9,551205.0,5938815.0,100,100,1.0,0.7810031175613403,33.40851974487305
r54_c10,551505.0,5938815.0,100,100,1.0,0.5953376889228821,36.6025276184082
r54_c11,551805.0,5938815.0,100,100,1.0,0.5501197576522827,37.138755798339844
r54_c12,552105.0,5938815.0,100,100,1.0,0.6478403210639954,34.841156005859375
r54_c13,552405.0,5938815.0,100,100,1.0,0.5486359596252441,35.8603630065918
r54_c14,552705.0,5938815.0,93,93,1.0,0.7055401802062988,33.67027282714844
r54_c25,556005.0,5938815.0,89,89,1.0,0.7190259695053101,35.8658447265625
r54_c26,556305.0,5938815.0,100,100,1.0,0.6146100163459778,38.95720291137695
r54_c27,556605.0,5938815.0,100,100,1.0,0.6062423586845398,38.755123138427734
r54_c28,556905.0,5938815.0,100,100,1.0,0.6825780272483826,36.805076599121094
r54_c29,557205.0,5938815.0,100,100,1.0,0.7069884538650513,36.92204284667969
r54_c30,557505.0,5938815.0,100,99,0.99,0.6260058879852295,38.304012298583984
r54_c31,557805.0,5938815.0,100,100,1.0,0.7182287573814392,37.10398864746094
r54_c32,558105.0,5938815.0,100,100,1.0,0.617944061756134,39.072113037109375
r54_c33,558405.0,5938815.0,100,100,1.0,0.6042383313179016,39.20756912231445
r54_c34,558705.0,5938815.0,100,77,0.77,0.6818515062332153,37.893287658691406
r54_c39,560205.0,5938815.0,100,83,0.83,0.19500769674777985,45.6090202331543
r54_c40,560505.0,5938815.0,100,100,1.0,0.25766217708587646,47.25666427612305
r54_c41,560805.0,5938815.0,100,100,1.0,0.5541371703147888,40.54467010498047
r54_c42,561105.0,5938815.0,100,73,0.73,0.37923845648765564,43.158477783203125
r54_c43,561405.0,5938815.0,100,100,1.0,0.5784478187561035,40.42452621459961
r54_c44,561705.0,5938815.0,100,100,1.0,0.5855056643486023,39.14191436767578
r54_c45,562005.0,5938815.0,100,97,0.97,0.6333360075950623,37.30694580078125
r54_c46,562305.0,5938815.0,100,100,1.0,0.5629956722259521,37.780277252197266
r54_c47,562605.0,5938815.0,100,100,1.0,0.5727064609527588,39.87125015258789
r54_c48,562905.0,5938815.0,100,100,1.0,0.6867668628692627,37.9039421081543
r54_c49,563205.0,5938815.0,100,99,0.99,0.6663544178009033,36.67709732055664
r54_c50,563505.0,5938815.0,100,100,1.0,0.7007737755775452,36.86971664428711
r54_c51,563805.0,5938815.0,100,100,1.0,0.6866034865379333,37.386695861816406
r54_c52,564105.0,5938815.0,100,100,1.0,0.6046671271324158,39.00153732299805
r54_c53,564405.0,5938815.0,100,96,0.96,0.49304142594337463,40.834983825683594
r54_c54,564705.0,5938815.0,100,100,1.0,0.4875684380531311,42.1200065612793
r54_c55,565005.0,5938815.0,100,100,1.0,0.511718213558197,41.30299377441406
r54_c56,565305.0,5938815.0,100,95,0.95,0.4119662642478943,42.469886779785156
r54_c57,565605.0,5938815.0,100,95,0.95,0.5550047755241394,37.9523811340332
r54_c58,565905.0,5938815.0,100,100,1.0,0.5636255145072937,39.27580261230469
r54_c59,566205.0,5938815.0,100,100,1.0,0.40909361839294434,41.94035339355469
r54_c60,566505.0,5938815.0,100,100,1.0,0.7458207011222839,35.4887580871582
r54_c61,566805.0,5938815.0,100,100,1.0,0.7664538025856018,34.1331787109375
r54_c62,567105.0,5938815.0,100,100,1.0,0.8141812086105347,32.819156646728516
r54_c63,567405.0,5938815.0,100,99,0.99,0.8044115900993347,34.40694808959961
r54_c64,567705.0,5938815.0,100,84,0.84,0.7376801371574402,34.06327438354492
r54_c66,568305.0,5938815.0,100,100,1.0,0.7316200733184814,34.00661087036133
r54_c67,568605.0,5938815.0,100,100,1.0,0.5148720741271973,39.18037033081055
r54_c68,568905.0,5938815.0,100,100,1.0,0.5927995443344116,38.52530288696289
r54_c69,569205.0,5938815.0,100,100,1.0,0.5652276873588562,40.129241943359375
r54_c70,569505.0,5938815.0,100,95,0.95,0.5600482225418091,39.31123733520508
r54_c71,569805.0,5938815.0,100,100,1.0,0.5917307138442993,38.81306457519531
r54_c72,570105.0,5938815.0,100,92,0.92,0.5702068209648132,40.0684814453125
r54_c73,570405.0,5938815.0,100,100,1.0,0.7490612268447876,37.00660705566406
r54_c74,570705.0,5938815.0,100,100,1.0,0.7065271139144897,36.898902893066406
r54_c75,571005.0,5938815.0,100,100,1.0,0.6040375232696533,38.3986701965332
r54_c76,571305.0,5938815.0,100,100,1.0,0.57464200258255,38.508384704589844
r54_c77,571605.0,5938815.0,100,100,1.0,0.6725343465805054,37.991580963134766
r54_c78,571905.0,5938815.0,100,100,1.0,0.6277778148651123,39.084251403808594
r54_c79,572205.0,5938815.0,100,99,0.99,0.6333852410316467,39.256080627441406
r54_c80,572505.0,5938815.0,100,85,0.85,0.5138620138168335,42.43520736694336
r54_c81,572805.0,5938815.0,100,91,0.91,0.4672737419605255,39.954891204833984
r54_c82,573105.0,5938815.0,100,100,1.0,0.6533364653587341,37.585693359375
r54_c83,573405.0,5938815.0,100,100,1.0,0.587354302406311,38.17236328125
r54_c84,573705.0,5938815.0,100,97,0.97,0.7701708078384399,34.586734771728516
r54_c85,574005.0,5938815.0,100,100,1.0,0.8278688192367554,33.338321685791016
r54_c86,574305.0,5938815.0,100,100,1.0,0.7633638978004456,34.76292037963867
r54_c87,574605.0,5938815.0,100,100,1.0,0.6869924664497375,37.255615234375
r54_c88,574905.0,5938815.0,100,100,1.0,0.6082587242126465,39.08028030395508
r54_c89,575205.0,5938815.0,100,93,0.93,0.5064597725868225,41.20308303833008
r54_c90,575505.0,5938815.0,100,99,0.99,0.554472029209137,40.24827194213867
r54_c91,575805.0,5938815.0,100,100,1.0,0.5721909403800964,39.880855560302734
r54_c92,576105.0,5938815.0,100,100,1.0,0.6051815152168274,40.52180099487305
r54_c93,576405.0,5938815.0,100,100,1.0,0.6821920871734619,36.3960075378418
r54_c94,576705.0,5938815.0,100,100,1.0,0.6515690684318542,38.18336868286133
r54_c95,577005.0,5938815.0,100,100,1.0,0.6362764835357666,38.26885223388672
r54_c96,577305.0,5938815.0,100,100,1.0,0.8054106831550598,32.85091018676758
r54_c97,577605.0,5938815.0,100,100,1.0,0.7967270016670227,33.481937408447266
r54_c98,577905.0,5938815.0,100,100,1.0,0.6360101699829102,37.915740966796875
r54_c99,578205.0,5938815.0,100,100,1.0,0.68045973777771,38.18083572387695
r54_c100,578505.0,5938815.0,100,100,1.0,0.6657791137695312,36.75486755371094
r54_c101,578805.0,5938815.0,100,100,1.0,0.7065203785896301,35.48162841796875
r55_c9,551205.0,5938515.0,100,100,1.0,0.7863845825195312,33.64826583862305
r55_c10,551505.0,5938515.0,100,100,1.0,0.5799179077148438,37.563507080078125
r55_c11,551805.0,5938515.0,100,100,1.0,0.6774302124977112,35.797821044921875
r55_c12,552105.0,5938515.0,100,100,1.0,0.6913632154464722,33.811920166015625
r55_c13,552405.0,5938515.0,100,100,1.0,0.6979390978813171,34.1403923034668
r55_c14,552705.0,5938515.0,100,100,1.0,0.6345046758651733,37.06536102294922
r55_c15,553005.0,5938515.0,98,98,1.0,0.6399308443069458,36.133758544921875
r55_c24,555705.0,5938515.0,96,96,1.0,0.7361879348754883,33.75070571899414
r55_c25,556005.0,5938515.0,100,100,1.0,0.722357988357544,36.585479736328125
r55_c26,556305.0,5938515.0,100,96,0.96,0.6387282609939575,37.303531646728516
r55_c27,556605.0,5938515.0,100,99,0.99,0.6803225874900818,36.75771713256836
r55_c28,556905.0,5938515.0,100,100,1.0,0.7603555917739868,35.15434265136719
r55_c29,557205.0,5938515.0,100,100,1.0,0.7339240908622742,35.609256744384766
r55_c30,557505.0,5938515.0,100,100,1.0,0.6194252967834473,38.81422805786133
r55_c31,557805.0,5938515.0,100,99,0.99,0.4500334858894348,41.267539978027344
r55_c32,558105.0,5938515.0,100,100,1.0,0.530586838722229,41.689395904541016
r55_c33,558405.0,5938515.0,100,94,0.94,0.5599256157875061,39.98602294921875
r55_c40,560505.0,5938515.0,100,94,0.94,0.5068534016609192,42.2402458190918
r55_c41,560805.0,5938515.0,100,89,0.89,0.5529190897941589,39.8619270324707
r55_c42,561105.0,5938515.0,100,97,0.97,0.4890845715999603,41.01225662231445
r55_c43,561405.0,5938515.0,100,100,1.0,0.535344123840332,40.678829193115234
r55_c44,561705.0,5938515.0,100,100,1.0,0.5465107560157776,40.35704803466797
r55_c45,562005.0,5938515.0,100,100,1.0,0.6235058307647705,38.564781188964844
r55_c46,562305.0,5938515.0,100,100,1.0,0.6580019593238831,37.84245300292969
r55_c47,562605.0,5938515.0,100,100,1.0,0.596666693687439,39.09217834472656
r55_c48,562905.0,5938515.0,100,100,1.0,0.6572415828704834,38.04460144042969
r55_c49,563205.0,5938515.0,100,100,1.0,0.597009539604187,38.16880798339844
r55_c50,563505.0,5938515.0,100,100,1.0,0.6243654489517212,38.459747314453125
r55_c51,563805.0,5938515.0,100,97,0.97,0.6053045392036438,39.61957931518555
r55_c52,564105.0,5938515.0,100,100,1.0,0.6525107026100159,39.73521423339844
r55_c53,564405.0,5938515.0,100,99,0.99,0.3734411299228668,41.61737823486328
r55_c54,564705.0,5938515.0,100,100,1.0,0.38208264112472534,42.284889221191406
r55_c55,565005.0,5938515.0,100,99,0.99,0.5887900590896606,38.45515823364258
r55_c56,565305.0,5938515.0,100,100,1.0,0.45516449213027954,42.66230392456055
r55_c57,565605.0,5938515.0,100,99,0.99,0.4996979534626007,41.19790267944336
r55_c58,565905.0,5938515.0,100,100,1.0,0.675555944442749,36.68001174926758
r55_c59,566205.0,5938515.0,100,100,1.0,0.6017723679542542,38.9027214050293
r55_c60,566505.0,5938515.0,100,100,1.0,0.5952907800674438,39.21479034423828
r55_c61,566805.0,5938515.0,100,100,1.0,0.5397308468818665,40.05449295043945
r55_c62,567105.0,5938515.0,100,100,1.0,0.6156026124954224,40.34434127807617
r55_c63,567405.0,5938515.0,100,100,1.0,0.6615908741950989,38.0737190246582
r55_c64,567705.0,5938515.0,100,98,0.98,0.7024048566818237,35.46756362915039
r55_c65,568005.0,5938515.0,100,97,0.97,0.6952444911003113,33.951011657714844
r55_c66,568305.0,5938515.0,100,100,1.0,0.7121328115463257,33.969669342041016
r55_c67,568605.0,5938515.0,100,97,0.97,0.4074360132217407,41.34246826171875
r55_c68,568905.0,5938515.0,100,100,1.0,0.626716136932373,38.455169677734375
r55_c69,569205.0,5938515.0,100,100,1.0,0.5128840804100037,40.684776306152344
r55_c70,569505.0,5938515.0,100,100,1.0,0.5205023288726807,41.536434173583984
r55_c71,569805.0,5938515.0,100,95,0.95,0.46143922209739685,42.78628158569336
r55_c72,570105.0,5938515.0,100,79,0.79,0.503936767578125,42.32541275024414
r55_c73,570405.0,5938515.0,100,98,0.98,0.6916429996490479,37.819156646728516
r55_c74,570705.0,5938515.0,100,100,1.0,0.7019849419593811,36.14276885986328
r55_c75,571005.0,5938515.0,100,100,1.0,0.6463382244110107,39.134422302246094
r55_c76,571305.0,5938515.0,100,100,1.0,0.6349551677703857,38.553165435791016
r55_c77,571605.0,5938515.0,100,100,1.0,0.61195969581604,38.511497497558594
r55_c78,571905.0,5938515.0,100,100,1.0,0.6507370471954346,39.68031692504883
r55_c79,572205.0,5938515.0,100,97,0.97,0.213258758187294,45.43165588378906
r55_c80,572505.0,5938515.0,100,86,0.86,0.23728212714195251,45.30470275878906
r55_c81,572805.0,5938515.0,100,97,0.97,0.5013164281845093,39.67887496948242
r55_c82,573105.0,5938515.0,100,89,0.89,0.4984194338321686,39.83182144165039
r55_c83,573405.0,5938515.0,100,100,1.0,0.6832632422447205,37.01088333129883
r55_c84,573705.0,5938515.0,100,94,0.94,0.7503150105476379,34.22933578491211
r55_c85,574005.0,5938515.0,100,81,0.81,0.639389157295227,36.55087661743164
r55_c86,574305.0,5938515.0,100,100,1.0,0.6579456329345703,38.7899284362793
r55_c87,574605.0,5938515.0,100,100,1.0,0.6295425891876221,38.8450927734375
r55_c88,574905.0,5938515.0,100,100,1.0,0.5642185807228088,40.05424880981445
r55_c89,575205.0,5938515.0,100,100,1.0,0.6538906693458557,38.89765930175781
r55_c90,575505.0,5938515.0,100,100,1.0,0.6920106410980225,37.55244064331055
r55_c91,575805.0,5938515.0,100,100,1.0,0.6499997973442078,37.99787139892578
r55_c92,576105.0,5938515.0,100,100,1.0,0.6421607732772827,39.357139587402344
r55_c93,576405.0,5938515.0,100,99,0.99,0.647149920463562,38.55970001220703
r55_c94,576705.0,5938515.0,100,97,0.97,0.6824662685394287,38.490142822265625
r55_c95,577005.0,5938515.0,100,95,0.95,0.6249215006828308,38.27323532104492
r55_c96,577305.0,5938515.0,100,100,1.0,0.8004643321037292,32.94607162475586
r55_c97,577605.0,5938515.0,100,100,1.0,0.8268737196922302,33.28664016723633
r55_c98,577905.0,5938515.0,100,100,1.0,0.6279155015945435,37.77406311035156
r55_c99,578205.0,5938515.0,100,95,0.95,0.5875674486160278,36.480655670166016
r55_c100,578505.0,5938515.0,100,100,1.0,0.6285254955291748,35.59475326538086
r55_c101,578805.0,5938515.0,100,100,1.0,0.5940789580345154,35.83074188232422
r56_c9,551205.0,5938215.0,100,100,1.0,0.7774381041526794,32.200836181640625
r56_c10,551505.0,5938215.0,100,100,1.0,0.7496086359024048,32.731239318847656
r56_c11,551805.0,5938215.0,100,100,1.0,0.6107099652290344,35.34832000732422
r56_c12,552105.0,5938215.0,100,100,1.0,0.6964296698570251,33.84176254272461
r56_c13,552405.0,5938215.0,100,96,0.96,0.6257043480873108,35.816654205322266
r56_c14,552705.0,5938215.0,100,100,1.0,0.6829770803451538,35.958946228027344
r56_c15,553005.0,5938215.0,100,100,1.0,0.7122254371643066,35.27360534667969
r56_c16,553305.0,5938215.0,100,99,0.99,0.6435874104499817,35.84123611450195
r56_c24,555705.0,5938215.0,100,100,1.0,0.6918449997901917,35.406494140625
r56_c25,556005.0,5938215.0,100,100,1.0,0.6375560760498047,37.9022331237793
r56_c26,556305.0,5938215.0,100,100,1.0,0.6134565472602844,39.284278869628906
r56_c27,556605.0,5938215.0,100,94,0.94,0.6110839247703552,38.86724090576172
r56_c28,556905.0,5938215.0,100,98,0.98,0.7026757001876831,36.941566467285156
r56_c29,557205.0,5938215.0,100,100,1.0,0.6529723405838013,38.773555755615234
r56_c30,557505.0,5938215.0,100,100,1.0,0.5852523446083069,39.275352478027344
r56_c31,557805.0,5938215.0,100,93,0.93,0.5313826203346252,40.983848571777344
r56_c32,558105.0,5938215.0,100,89,0.89,0.4702981114387512,41.14917755126953
r56_c41,560805.0,5938215.0,100,94,0.94,0.40415215492248535,42.27805709838867
r56_c42,561105.0,5938215.0,100,100,1.0,0.6257169246673584,39.31691360473633
r56_c43,561405.0,5938215.0,100,100,1.0,0.571696400642395,40.654319763183594
r56_c44,561705.0,5938215.0,100,100,1.0,0.5432283282279968,40.880733489990234
r56_c45,562005.0,5938215.0,100,100,1.0,0.7446838617324829,36.71751403808594
r56_c46,562305.0,5938215.0,100,100,1.0,0.6648555994033813,39.32652282714844
r56_c47,562605.0,5938215.0,100,99,0.99,0.5154334902763367,41.10799026489258
r56_c48,562905.0,5938215.0,100,100,1.0,0.658387303352356,38.49054718017578
r56_c49,563205.0,5938215.0,100,100,1.0,0.6793888211250305,37.84754943847656
r56_c50,563505.0,5938215.0,100,100,1.0,0.6433387994766235,37.845603942871094
r56_c51,563805.0,5938215.0,100,100,1.0,0.571807324886322,38.664485931396484
r56_c52,564105.0,5938215.0,100,100,1.0,0.45511794090270996,42.664730072021484
r56_c53,564405.0,5938215.0,100,100,1.0,0.48357051610946655,41.22636413574219
r56_c54,564705.0,5938215.0,100,100,1.0,0.7080985307693481,36.461402893066406
r56_c55,565005.0,5938215.0,100,100,1.0,0.5514175295829773,39.73542022705078
r56_c56,565305.0,5938215.0,100,100,1.0,0.5487846732139587,41.19194412231445
r56_c57,565605.0,5938215.0,100,100,1.0,0.5824923515319824,38.30057144165039
r56_c58,565905.0,5938215.0,100,100,1.0,0.653564989566803,37.157615661621094
r56_c59,566205.0,5938215.0,100,100,1.0,0.623120903968811,37.872493743896484
r56_c60,566505.0,5938215.0,100,100,1.0,0.5355651378631592,42.085540771484375
r56_c61,566805.0,5938215.0,100,100,1.0,0.5315375924110413,42.4605712890625
r56_c62,567105.0,5938215.0,100,100,1.0,0.5829219818115234,40.3865852355957
r56_c63,567405.0,5938215.0,100,100,1.0,0.6241515874862671,38.9514274597168
r56_c64,567705.0,5938215.0,100,95,0.95,0.5065675377845764,40.836570739746094
r56_c65,568005.0,5938215.0,100,100,1.0,0.5242373943328857,40.679710388183594
r56_c66,568305.0,5938215.0,100,93,0.93,0.4838786721229553,39.880455017089844
r56_c67,568605.0,5938215.0,100,99,0.99,0.39708179235458374,43.12431335449219
r56_c68,568905.0,5938215.0,100,100,1.0,0.5290639400482178,40.52067565917969
r56_c69,569205.0,5938215.0,100,100,1.0,0.3531385064125061,42.793212890625
r56_c70,569505.0,5938215.0,100,99,0.99,0.48218151926994324,42.56061553955078
r56_c71,569805.0,5938215.0,100,100,1.0,0.4800717234611511,42.4377326965332
r56_c72,570105.0,5938215.0,100,100,1.0,0.6163316369056702,38.778717041015625
r56_c73,570405.0,5938215.0,100,100,1.0,0.677245020866394,37.60810852050781
r56_c74,570705.0,5938215.0,100,100,1.0,0.6224526762962341,39.074851989746094
r56_c75,571005.0,5938215.0,100,100,1.0,0.543178915977478,39.81563949584961
r56_c76,571305.0,5938215.0,100,100,1.0,0.6486830711364746,38.22086715698242
r56_c77,571605.0,5938215.0,100,100,1.0,0.6169992089271545,38.14601516723633
r56_c78,571905.0,5938215.0,100,99,0.99,0.6183592081069946,39.99406814575195
r56_c79,572205.0,5938215.0,100,99,0.99,0.33116355538368225,44.035858154296875
r56_c80,572505.0,5938215.0,100,79,0.79,0.22379030287265778,45.50995635986328
r56_c81,572805.0,5938215.0,100,93,0.93,0.22867950797080994,45.399051666259766
r56_c82,573105.0,5938215.0,100,100,1.0,0.4708569347858429,42.314727783203125
r56_c83,573405.0,5938215.0,100,100,1.0,0.7243166565895081,35.664276123046875
r56_c84,573705.0,5938215.0,100,100,1.0,0.7535980343818665,35.068695068359375
r56_c85,574005.0,5938215.0,100,100,1.0,0.6165366172790527,39.05714416503906
r56_c86,574305.0,5938215.0,100,100,1.0,0.5556790828704834,41.1233024597168
r56_c87,574605.0,5938215.0,100,88,0.88,0.47730037569999695,41.834102630615234
r56_c88,574905.0,5938215.0,100,96,0.96,0.5933002233505249,39.053585052490234
r56_c89,575205.0,5938215.0,100,100,1.0,0.7304598093032837,36.769126892089844
r56_c90,575505.0,5938215.0,100,100,1.0,0.6432971954345703,38.3855094909668
r56_c91,575805.0,5938215.0,100,100,1.0,0.7004269361495972,36.99808883666992
r56_c92,576105.0,5938215.0,100,91,0.91,0.618455171585083,39.51490020751953
r56_c93,576405.0,5938215.0,100,95,0.95,0.5966276526451111,38.628570556640625
r56_c94,576705.0,5938215.0,100,99,0.99,0.6139096617698669,40.25203323364258
r56_c95,577005.0,5938215.0,100,97,0.97,0.6233289241790771,37.170501708984375
r56_c96,577305.0,5938215.0,100,98,0.98,0.7567563056945801,35.67316436767578
r56_c97,577605.0,5938215.0,100,100,1.0,0.6668515205383301,39.32658767700195
r56_c98,577905.0,5938215.0,100,100,1.0,0.6474980115890503,37.414031982421875
r56_c99,578205.0,5938215.0,100,97,0.97,0.7043542265892029,34.72971725463867
r56_c100,578505.0,5938215.0,100,100,1.0,0.628012478351593,34.933162689208984
r56_c101,578805.0,5938215.0,100,100,1.0,0.5756440162658691,34.875572204589844
r56_c102,579105.0,5938215.0,100,100,1.0,0.5012860298156738,38.433048248291016
r57_c8,550905.0,5937915.0,100,100,1.0,0.8073816895484924,32.39655685424805
r57_c9,551205.0,5937915.0,100,100,1.0,0.7331634759902954,33.10978698730469
r57_c10,551505.0,5937915.0,100,100,1.0,0.7970273494720459,33.86219787597656
r57_c11,551805.0,5937915.0,100,100,1.0,0.7124342322349548,33.569576263427734
r57_c12,552105.0,5937915.0,100,100,1.0,0.6573564410209656,33.5447998046875
r57_c13,552405.0,5937915.0,100,100,1.0,0.7044227719306946,34.023536682128906
r57_c14,552705.0,5937915.0,100,100,1.0,0.6438135504722595,35.071258544921875
r57_c15,553005.0,5937915.0,100,100,1.0,0.559420108795166,36.0192756652832
r57_c16,553305.0,5937915.0,100,100,1.0,0.6734039187431335,35.835792541503906
r57_c17,553605.0,5937915.0,100,100,1.0,0.7138050198554993,34.094112396240234
r57_c23,555405.0,5937915.0,82,82,1.0,0.7197616100311279,34.74170684814453
r57_c24,555705.0,5937915.0,100,100,1.0,0.7208189964294434,35.27756881713867
r57_c25,556005.0,5937915.0,100,99,0.99,0.6799154281616211,37.659664154052734
r57_c26,556305.0,5937915.0,100,98,0.98,0.5349491834640503,40.03498077392578
r57_c27,556605.0,5937915.0,100,92,0.92,0.5832660794258118,39.227943420410156
r57_c28,556905.0,5937915.0,100,100,1.0,0.6008747816085815,39.941246032714844
r57_c29,557205.0,5937915.0,100,100,1.0,0.6124056577682495,39.578590393066406
r57_c30,557505.0,5937915.0,100,98,0.98,0.5849031805992126,40.489463806152344
r57_c31,557805.0,5937915.0,100,89,0.89,0.44702112674713135,41.94534683227539
r57_c32,558105.0,5937915.0,100,97,0.97,0.5256102085113525,40.68909454345703
r57_c41,560805.0,5937915.0,100,100,1.0,0.244471937417984,44.270442962646484
r57_c42,561105.0,5937915.0,100,100,1.0,0.42457184195518494,42.705474853515625
r57_c43,561405.0,5937915.0,100,92,0.92,0.4892975389957428,42.28317642211914
r57_c44,561705.0,5937915.0,100,93,0.93,0.45306047797203064,41.56863021850586
r57_c45,562005.0,5937915.0,100,100,1.0,0.6931166052818298,37.29536437988281
r57_c46,562305.0,5937915.0,100,100,1.0,0.6596463918685913,38.87763214111328
r57_c47,562605.0,5937915.0,100,100,1.0,0.6785385608673096,38.39730453491211
r57_c48,562905.0,5937915.0,100,98,0.98,0.6675198674201965,38.46223831176758
r57_c49,563205.0,5937915.0,100,92,0.92,0.5939894318580627,38.898258209228516
r57_c50,563505.0,5937915.0,100,97,0.97,0.647447943687439,38.250953674316406
r57_c51,563805.0,5937915.0,100,100,1.0,0.556253969669342,40.08042907714844
r57_c52,564105.0,5937915.0,100,100,1.0,0.43992167711257935,43.42093276977539
r57_c53,564405.0,5937915.0,100,100,1.0,0.5189772844314575,40.402339935302734
r57_c54,564705.0,5937915.0,100,100,1.0,0.5780628323554993,40.32020568847656
r57_c55,565005.0,5937915.0,100,100,1.0,0.4761331081390381,41.413604736328125
r57_c56,565305.0,5937915.0,100,100,1.0,0.6002861261367798,39.52788162231445
r57_c57,565605.0,5937915.0,100,99,0.99,0.631318986415863,37.659183502197266
r57_c58,565905.0,5937915.0,100,100,1.0,0.6130369901657104,36.947235107421875
r57_c59,566205.0,5937915.0,100,95,0.95,0.6791946291923523,37.086280822753906
r57_c60,566505.0,5937915.0,100,98,0.98,0.545738935470581,39.674034118652344
r57_c61,566805.0,5937915.0,100,100,1.0,0.49101874232292175,41.13872146606445
r57_c62,567105.0,5937915.0,100,100,1.0,0.5522531867027283,39.743587493896484
r57_c63,567405.0,5937915.0,100,100,1.0,0.45492905378341675,42.501930236816406
r57_c64,567705.0,5937915.0,100,100,1.0,0.5685772895812988,42.79324722290039
r57_c65,568005.0,5937915.0,100,96,0.96,0.5516636967658997,40.5245475769043
r57_c66,568305.0,5937915.0,100,100,1.0,0.4802030920982361,40.29799270629883
r57_c67,568605.0,5937915.0,100,100,1.0,0.6492018103599548,38.027366638183594
r57_c68,568905.0,5937915.0,100,97,0.97,0.5385279059410095,39.029170989990234
r57_c69,569205.0,5937915.0,100,88,0.88,0.3615536391735077,41.97269058227539
r57_c70,569505.0,5937915.0,100,98,0.98,0.41627517342567444,42.51283645629883
r57_c71,569805.0,5937915.0,100,99,0.99,0.5904729962348938,40.0518913269043
r57_c72,570105.0,5937915.0,100,100,1.0,0.5981759428977966,39.12691116333008
r57_c73,570405.0,5937915.0,100,100,1.0,0.6191157698631287,38.56047821044922
r57_c74,570705.0,5937915.0,100,100,1.0,0.6300287842750549,40.294776916503906
r57_c75,571005.0,5937915.0,100,100,1.0,0.6958898305892944,37.85554504394531
r57_c76,571305.0,5937915.0,100,99,0.99,0.6103701591491699,39.18309783935547
r57_c77,571605.0,5937915.0,100,100,1.0,0.6391651034355164,38.78510665893555
r57_c78,571905.0,5937915.0,100,98,0.98,0.621437132358551,38.96015167236328
r57_c79,572205.0,5937915.0,100,98,0.98,0.4862096309661865,40.11669921875
r57_c80,572505.0,5937915.0,100,90,0.9,0.3244892656803131,43.93991470336914
r57_c81,572805.0,5937915.0,100,94,0.94,0.4411851465702057,44.83662796020508
r57_c82,573105.0,5937915.0,100,100,1.0,0.679120659828186,37.13471221923828
r57_c83,573405.0,5937915.0,100,100,1.0,0.8034157752990723,33.53721618652344
r57_c84,573705.0,5937915.0,100,100,1.0,0.750943660736084,35.39498519897461
r57_c85,574005.0,5937915.0,100,100,1.0,0.5922849178314209,40.35086441040039
r57_c86,574305.0,5937915.0,100,100,1.0,0.46009770035743713,42.849849700927734
r57_c87,574605.0,5937915.0,100,97,0.97,0.4013168215751648,43.900550842285156
r57_c88,574905.0,5937915.0,100,98,0.98,0.6171295046806335,39.4020881652832
r57_c89,575205.0,5937915.0,100,100,1.0,0.6245654821395874,40.123802185058594
r57_c90,575505.0,5937915.0,100,92,0.92,0.5915016531944275,40.98570251464844
r57_c91,575805.0,5937915.0,100,100,1.0,0.6505669355392456,37.66899108886719
r57_c92,576105.0,5937915.0,100,100,1.0,0.6472246050834656,38.46186447143555
r57_c93,576405.0,5937915.0,100,100,1.0,0.7066615223884583,37.49446105957031
r57_c94,576705.0,5937915.0,95,95,1.0,0.6927878856658936,36.97409439086914
r57_c96,577305.0,5937915.0,100,100,1.0,0.7632585167884827,31.74089813232422
r57_c97,577605.0,5937915.0,100,100,1.0,0.7997567653656006,33.136070251464844
r57_c98,577905.0,5937915.0,90,90,1.0,0.7186270952224731,34.1779670715332
r58_c2,549105.0,5937615.0,100,100,1.0,0.7351588606834412,34.63849639892578
r58_c3,549405.0,5937615.0,100,100,1.0,0.725639820098877,34.46076202392578
r58_c4,549705.0,5937615.0,100,97,0.97,0.7390511631965637,33.80690002441406
r58_c5,550005.0,5937615.0,100,83,0.83,0.8446872234344482,31.180274963378906
r58_c6,550305.0,5937615.0,100,96,0.96,0.731719434261322,34.325538635253906
r58_c7,550605.0,5937615.0,100,100,1.0,0.7389564514160156,34.917274475097656
r58_c8,550905.0,5937615.0,100,100,1.0,0.7932342290878296,32.700340270996094
r58_c9,551205.0,5937615.0,100,94,0.94,0.6454771161079407,35.274818420410156
r58_c10,551505.0,5937615.0,100,100,1.0,0.5662624835968018,38.50010681152344
r58_c11,551805.0,5937615.0,100,100,1.0,0.5733588337898254,37.075035095214844
r58_c12,552105.0,5937615.0,100,100,1.0,0.6158353686332703,35.4556770324707
r58_c13,552405.0,5937615.0,100,100,1.0,0.6849210262298584,34.957942962646484
r58_c14,552705.0,5937615.0,100,100,1.0,0.5336093902587891,38.0411491394043
r58_c15,553005.0,5937615.0,100,100,1.0,0.6381101012229919,36.8983268737793
r58_c16,553305.0,5937615.0,100,100,1.0,0.7416509389877319,34.839744567871094
r58_c17,553605.0,5937615.0,100,100,1.0,0.731757640838623,34.524410247802734
r58_c18,553905.0,5937615.0,100,100,1.0,0.7069803476333618,35.17926025390625
r58_c19,554205.0,5937615.0,91,91,1.0,0.6539512276649475,36.751834869384766
r58_c21,554805.0,5937615.0,82,82,1.0,0.6898691058158875,37.295101165771484
r58_c22,555105.0,5937615.0,100,100,1.0,0.7103816866874695,35.72080993652344
r58_c23,555405.0,5937615.0,100,100,1.0,0.6671259999275208,35.24666213989258
r58_c24,555705.0,5937615.0,100,100,1.0,0.6890493631362915,35.54439926147461
r58_c25,556005.0,5937615.0,100,100,1.0,0.7244194149971008,37.363285064697266
r58_c26,556305.0,5937615.0,100,99,0.99,0.6180891394615173,39.01399230957031
r58_c27,556605.0,5937615.0,100,100,1.0,0.5471046566963196,41.08745193481445
r58_c28,556905.0,5937615.0,100,100,1.0,0.6118589043617249,39.31302261352539
r58_c29,557205.0,5937615.0,100,100,1.0,0.5859181880950928,39.590389251708984
r58_c30,557505.0,5937615.0,100,74,0.74,0.31635043025016785,41.04965591430664
r58_c31,557805.0,5937615.0,100,90,0.9,0.4201783835887909,42.77763748168945
r58_c32,558105.0,5937615.0,100,100,1.0,0.6661314368247986,38.69651412963867
r58_c33,558405.0,5937615.0,100,77,0.77,0.6361414790153503,36.09428405761719
r58_c40,560505.0,5937615.0,100,72,0.72,0.3958151638507843,41.45991134643555
r58_c41,560805.0,5937615.0,100,98,0.98,0.35616469383239746,44.01728439331055
r58_c42,561105.0,5937615.0,100,100,1.0,0.4237115979194641,41.647457122802734
r58_c43,561405.0,5937615.0,100,98,0.98,0.482527494430542,42.378170013427734
r58_c44,561705.0,5937615.0,100,100,1.0,0.331215500831604,44.425209045410156
r58_c45,562005.0,5937615.0,100,100,1.0,0.564548909664154,40.689937591552734
r58_c46,562305.0,5937615.0,100,100,1.0,0.5462061166763306,41.240543365478516
r58_c47,562605.0,5937615.0,100,100,1.0,0.5630723834037781,40.09796905517578
r58_c48,562905.0,5937615.0,100,93,0.93,0.5930467844009399,40.11166763305664
r58_c49,563205.0,5937615.0,100,79,0.79,0.40886402130126953,42.8106803894043
r58_c50,563505.0,5937615.0,100,94,0.94,0.19799980521202087,42.80679702758789
r58_c51,563805.0,5937615.0,100,100,1.0,0.4793236553668976,41.141517639160156
r58_c52,564105.0,5937615.0,100,99,0.99,0.4030176103115082,43.40949630737305
r58_c53,564405.0,5937615.0,100,100,1.0,0.454997181892395,42.57829284667969
r58_c54,564705.0,5937615.0,100,100,1.0,0.5005089640617371,42.14686584472656
r58_c55,565005.0,5937615.0,100,95,0.95,0.4473460018634796,41.98651123046875
r58_c56,565305.0,5937615.0,100,99,0.99,0.5288934707641602,40.38154602050781
r58_c57,565605.0,5937615.0,100,100,1.0,0.6074923872947693,38.69572830200195
r58_c58,565905.0,5937615.0,100,99,0.99,0.5986682772636414,37.496803283691406
r58_c59,566205.0,5937615.0,100,99,0.99,0.6752768754959106,36.9937744140625
r58_c60,566505.0,5937615.0,100,100,1.0,0.6867334842681885,36.51215744018555
r58_c61,566805.0,5937615.0,100,100,1.0,0.47819939255714417,41.397151947021484
r58_c62,567105.0,5937615.0,100,100,1.0,0.5108018517494202,41.9522819519043
r58_c63,567405.0,5937615.0,100,100,1.0,0.3253515362739563,42.760231018066406
r58_c64,567705.0,5937615.0,100,97,0.97,0.4651661813259125,42.14964294433594
r58_c65,568005.0,5937615.0,100,100,1.0,0.5562052130699158,38.383792877197266
r58_c66,568305.0,5937615.0,100,100,1.0,0.6163045167922974,39.944427490234375
r58_c67,568605.0,5937615.0,100,100,1.0,0.5733955502510071,40.586708068847656
r58_c68,568905.0,5937615.0,100,100,1.0,0.5489271283149719,40.45497512817383
r58_c69,569205.0,5937615.0,100,99,0.99,0.43621933460235596,41.25700759887695
r58_c70,569505.0,5937615.0,100,93,0.93,0.4668135344982147,39.580291748046875
r58_c71,569805.0,5937615.0,100,100,1.0,0.5503560900688171,39.29148483276367
r58_c72,570105.0,5937615.0,100,100,1.0,0.5425045490264893,42.01304626464844
r58_c73,570405.0,5937615.0,100,96,0.96,0.5298678874969482,40.39986801147461
r58_c74,570705.0,5937615.0,100,95,0.95,0.5441336035728455,42.097503662109375
r58_c75,571005.0,5937615.0,100,100,1.0,0.6833580732345581,38.55172348022461
r58_c76,571305.0,5937615.0,100,87,0.87,0.4209979176521301,44.57376480102539
r58_c77,571605.0,5937615.0,100,100,1.0,0.5465567111968994,41.935874938964844
r58_c78,571905.0,5937615.0,100,100,1.0,0.5384420156478882,41.3537483215332
r58_c79,572205.0,5937615.0,100,98,0.98,0.5241417288780212,39.20297622680664
r58_c80,572505.0,5937615.0,100,99,0.99,0.5457651615142822,39.98460006713867
r58_c81,572805.0,5937615.0,100,100,1.0,0.6808893084526062,36.874671936035156
r58_c82,573105.0,5937615.0,100,96,0.96,0.6437167525291443,39.17136764526367
r58_c83,573405.0,5937615.0,100,97,0.97,0.5540743470191956,40.66266632080078
r58_c84,573705.0,5937615.0,100,97,0.97,0.5293713808059692,39.19108581542969
r58_c85,574005.0,5937615.0,100,87,0.87,0.4022071957588196,41.23588562011719
r58_c86,574305.0,5937615.0,100,98,0.98,0.41729700565338135,43.55829620361328
r58_c87,574605.0,5937615.0,100,96,0.96,0.5169084072113037,40.393768310546875
r58_c88,574905.0,5937615.0,100,96,0.96,0.39787301421165466,42.47623825073242
r58_c89,575205.0,5937615.0,100,72,0.72,0.3374702036380768,42.81425476074219
r58_c90,575505.0,5937615.0,100,92,0.92,0.6073513031005859,40.127586364746094
r58_c91,575805.0,5937615.0,100,100,1.0,0.6745218634605408,37.99150466918945
r58_c92,576105.0,5937615.0,100,100,1.0,0.7164158821105957,36.765220642089844
r58_c93,576405.0,5937615.0,100,100,1.0,0.6800696849822998,36.30293655395508
r59_c1,548805.0,5937315.0,86,86,1.0,0.7684762477874756,33.87309646606445
r59_c2,549105.0,5937315.0,98,98,1.0,0.7445900440216064,32.986602783203125
r59_c3,549405.0,5937315.0,100,100,1.0,0.7184526920318604,35.015411376953125
r59_c4,549705.0,5937315.0,100,100,1.0,0.6770803928375244,36.211002349853516
r59_c5,550005.0,5937315.0,100,93,0.93,0.5394814014434814,38.07533645629883
r59_c6,550305.0,5937315.0,100,99,0.99,0.5943708419799805,37.91704559326172
r59_c7,550605.0,5937315.0,100,100,1.0,0.6053565740585327,37.31126403808594
r59_c8,550905.0,5937315.0,100,100,1.0,0.7240807414054871,34.679412841796875
r59_c9,551205.0,5937315.0,100,94,0.94,0.6837671399116516,34.049495697021484
r59_c10,551505.0,5937315.0,100,98,0.98,0.6202188730239868,35.07107162475586
r59_c11,551805.0,5937315.0,100,100,1.0,0.698100745677948,34.387306213378906
r59_c12,552105.0,5937315.0,100,100,1.0,0.6694948077201843,35.399009704589844
r59_c13,552405.0,5937315.0,100,100,1.0,0.6133905649185181,37.136871337890625
r59_c14,552705.0,5937315.0,100,100,1.0,0.6261443495750427,38.326725006103516
r59_c15,553005.0,5937315.0,100,100,1.0,0.70538729429245,36.365074157714844
r59_c16,553305.0,5937315.0,100,100,1.0,0.6582832932472229,36.239532470703125
r59_c17,553605.0,5937315.0,100,98,0.98,0.6623853445053101,37.252540588378906
r59_c18,553905.0,5937315.0,100,100,1.0,0.6737167835235596,36.927825927734375
r59_c19,554205.0,5937315.0,100,100,1.0,0.6608970165252686,36.878849029541016
r59_c20,554505.0,5937315.0,100,100,1.0,0.6485070586204529,37.672245025634766
r59_c21,554805.0,5937315.0,100,100,1.0,0.6743001341819763,37.23207092285156
r59_c22,555105.0,5937315.0,100,100,1.0,0.7560946941375732,34.213809967041016
r59_c23,555405.0,5937315.0,100,100,1.0,0.7963573932647705,33.80864334106445
r59_c24,555705.0,5937315.0,100,100,1.0,0.7574858069419861,35.079322814941406
r59_c25,556005.0,5937315.0,100,100,1.0,0.653413712978363,38.29133605957031
r59_c26,556305.0,5937315.0,100,97,0.97,0.3710854947566986,44.168392181396484
r59_c27,556605.0,5937315.0,100,95,0.95,0.40716204047203064,42.51601028442383
r59_c28,556905.0,5937315.0,100,100,1.0,0.6344396471977234,38.631980895996094
r59_c29,557205.0,5937315.0,100,100,1.0,0.5941216349601746,39.88225173950195
r59_c30,557505.0,5937315.0,100,99,0.99,0.5788151025772095,39.79702377319336
r59_c31,557805.0,5937315.0,100,94,0.94,0.574604868888855,38.9426155090332
r59_c32,558105.0,5937315.0,100,100,1.0,0.7295858860015869,35.49745178222656
r59_c33,558405.0,5937315.0,100,98,0.98,0.5111867189407349,39.11947250366211
r59_c40,560505.0,5937315.0,100,95,0.95,0.31615501642227173,40.435977935791016
r59_c41,560805.0,5937315.0,100,100,1.0,0.2223665565252304,46.021602630615234
r59_c42,561105.0,5937315.0,100,97,0.97,0.20656181871891022,44.776519775390625
r59_c43,561405.0,5937315.0,100,100,1.0,0.5835830569267273,42.37788391113281
r59_c44,561705.0,5937315.0,100,100,1.0,0.42377325892448425,42.912540435791016
r59_c45,562005.0,5937315.0,100,100,1.0,0.43802955746650696,42.653141021728516
r59_c46,562305.0,5937315.0,100,100,1.0,0.5114067196846008,41.4428596496582
r59_c47,562605.0,5937315.0,100,100,1.0,0.49612849950790405,41.757347106933594
r59_c48,562905.0,5937315.0,100,100,1.0,0.5337156057357788,41.2862434387207
r59_c49,563205.0,5937315.0,100,100,1.0,0.4960705041885376,40.967411041259766
r59_c50,563505.0,5937315.0,100,95,0.95,0.49222418665885925,40.141456604003906
r59_c51,563805.0,5937315.0,100,100,1.0,0.5070585012435913,41.550113677978516
r59_c52,564105.0,5937315.0,100,99,0.99,0.5001782774925232,42.18888473510742
r59_c53,564405.0,5937315.0,100,94,0.94,0.4366574287414551,42.754432678222656
r59_c54,564705.0,5937315.0,100,93,0.93,0.4175836443901062,41.415035247802734
r59_c55,565005.0,5937315.0,100,100,1.0,0.5924814939498901,38.904056549072266
r59_c56,565305.0,5937315.0,100,94,0.94,0.5959492325782776,38.965450286865234
r59_c57,565605.0,5937315.0,100,100,1.0,0.6491808891296387,38.00057601928711
r59_c58,565905.0,5937315.0,100,97,0.97,0.6740964651107788,35.99580001831055
r59_c59,566205.0,5937315.0,100,72,0.72,0.5581803917884827,34.48918914794922
r59_c60,566505.0,5937315.0,100,96,0.96,0.6512824892997742,36.74435806274414
r59_c61,566805.0,5937315.0,100,99,0.99,0.5660322308540344,40.49917221069336
r59_c62,567105.0,5937315.0,100,100,1.0,0.462299644947052,41.459877014160156
r59_c63,567405.0,5937315.0,100,98,0.98,0.4746572971343994,41.16177749633789
r59_c64,567705.0,5937315.0,100,73,0.73,0.5440293550491333,40.814186096191406
r59_c65,568005.0,5937315.0,100,99,0.99,0.5220673084259033,40.771331787109375
r59_c66,568305.0,5937315.0,100,100,1.0,0.537789523601532,40.379512786865234
r59_c67,568605.0,5937315.0,100,100,1.0,0.48041483759880066,40.96063995361328
r59_c68,568905.0,5937315.0,100,100,1.0,0.3704465925693512,43.741127014160156
r59_c69,569205.0,5937315.0,100,97,0.97,0.47619935870170593,41.99485397338867
r59_c70,569505.0,5937315.0,100,99,0.99,0.5866157412528992,39.53984832763672
r59_c71,569805.0,5937315.0,100,100,1.0,0.6205040812492371,39.352806091308594
r59_c72,570105.0,5937315.0,100,100,1.0,0.5147827863693237,40.16266632080078
r59_c73,570405.0,5937315.0,100,100,1.0,0.5182666182518005,41.22211837768555
r59_c74,570705.0,5937315.0,100,100,1.0,0.5476406216621399,39.68278503417969
r59_c75,571005.0,5937315.0,100,99,0.99,0.5049418210983276,41.554718017578125
r59_c76,571305.0,5937315.0,100,84,0.84,0.3986701965332031,44.34248733520508
r59_c77,571605.0,5937315.0,100,100,1.0,0.5000216364860535,41.049278259277344
r59_c78,571905.0,5937315.0,100,99,0.99,0.6581329703330994,38.46794128417969
r59_c79,572205.0,5937315.0,100,100,1.0,0.7552568316459656,34.192989349365234
r59_c80,572505.0,5937315.0,100,100,1.0,0.6603021025657654,37.277313232421875
r59_c81,572805.0,5937315.0,100,100,1.0,0.5942077040672302,38.80427551269531
r59_c82,573105.0,5937315.0,100,87,0.87,0.4258151948451996,42.047264099121094
r59_c83,573405.0,5937315.0,100,100,1.0,0.5506957173347473,42.117095947265625
r59_c84,573705.0,5937315.0,100,92,0.92,0.3481205105781555,42.60880661010742
r59_c85,574005.0,5937315.0,100,71,0.71,0.22431205213069916,46.008094787597656
r59_c86,574305.0,5937315.0,100,94,0.94,0.48168331384658813,40.217159271240234
r59_c87,574605.0,5937315.0,100,100,1.0,0.5976009964942932,39.61640167236328
r59_c88,574905.0,5937315.0,100,100,1.0,0.497060090303421,40.661224365234375
r59_c89,575205.0,5937315.0,100,100,1.0,0.5147997140884399,40.764347076416016
r59_c90,575505.0,5937315.0,100,100,1.0,0.6052225232124329,39.85896682739258
r59_c91,575805.0,5937315.0,100,100,1.0,0.6740439534187317,37.8337287902832
r59_c92,576105.0,5937315.0,100,100,1.0,0.7304262518882751,34.138031005859375
r60_c3,549405.0,5937015.0,100,100,1.0,0.710401177406311,35.411373138427734
r60_c4,549705.0,5937015.0,100,91,0.91,0.6359115242958069,37.54594802856445
r60_c5,550005.0,5937015.0,100,96,0.96,0.7401157021522522,36.64099884033203
r60_c6,550305.0,5937015.0,100,100,1.0,0.6640264987945557,36.956844329833984
r60_c7,550605.0,5937015.0,100,100,1.0,0.6142566800117493,37.857601165771484
r60_c8,550905.0,5937015.0,100,100,1.0,0.6723355054855347,36.107086181640625
r60_c9,551205.0,5937015.0,100,100,1.0,0.7785369753837585,32.425498962402344
r60_c10,551505.0,5937015.0,100,100,1.0,0.7499996423721313,31.892728805541992
r60_c11,551805.0,5937015.0,100,95,0.95,0.8152063488960266,31.5893497467041
r60_c12,552105.0,5937015.0,100,89,0.89,0.6662954092025757,35.51063537597656
r60_c13,552405.0,5937015.0,100,99,0.99,0.6493719816207886,36.72092056274414
r60_c14,552705.0,5937015.0,100,94,0.94,0.5679396390914917,38.345123291015625
r60_c15,553005.0,5937015.0,100,99,0.99,0.6203295588493347,37.3674430847168
r60_c16,553305.0,5937015.0,100,100,1.0,0.6187717914581299,37.262176513671875
r60_c17,553605.0,5937015.0,100,89,0.89,0.651228666305542,37.22598648071289
r60_c18,553905.0,5937015.0,100,100,1.0,0.6364295482635498,37.757694244384766
r60_c19,554205.0,5937015.0,100,100,1.0,0.710938036441803,36.17314910888672
r60_c20,554505.0,5937015.0,100,100,1.0,0.6500007510185242,37.272335052490234
r60_c21,554805.0,5937015.0,100,100,1.0,0.6532650589942932,38.06712341308594
r60_c22,555105.0,5937015.0,100,100,1.0,0.7420777678489685,35.4487419128418
r60_c23,555405.0,5937015.0,100,100,1.0,0.7313880324363708,34.87461853027344
r60_c24,555705.0,5937015.0,100,99,0.99,0.6823919415473938,36.09440994262695
r60_c25,556005.0,5937015.0,100,100,1.0,0.7157173752784729,36.712554931640625
r60_c26,556305.0,5937015.0,100,96,0.96,0.5466756224632263,40.38935852050781
r60_c27,556605.0,5937015.0,100,99,0.99,0.6399579048156738,38.63055419921875
r60_c28,556905.0,5937015.0,100,100,1.0,0.5590949654579163,40.35887145996094
r60_c29,557205.0,5937015.0,100,100,1.0,0.6587519645690918,38.212589263916016
r60_c30,557505.0,5937015.0,100,92,0.92,0.59947270154953,38.68614959716797
r60_c31,557805.0,5937015.0,100,96,0.96,0.667046844959259,35.603633880615234
r60_c32,558105.0,5937015.0,100,97,0.97,0.437513530254364,39.401100158691406
r60_c33,558405.0,5937015.0,100,100,1.0,0.25795888900756836,41.002479553222656
r60_c34,558705.0,5937015.0,100,88,0.88,0.6853869557380676,35.98948669433594
r60_c39,560205.0,5937015.0,100,100,1.0,0.7856197953224182,34.11109924316406
r60_c40,560505.0,5937015.0,100,100,1.0,0.2559080421924591,44.70668411254883
r60_c41,560805.0,5937015.0,100,98,0.98,0.20670853555202484,47.12687683105469
r60_c42,561105.0,5937015.0,100,100,1.0,0.2749319076538086,43.83112335205078
r60_c43,561405.0,5937015.0,100,100,1.0,0.43894287943840027,42.2089729309082
r60_c44,561705.0,5937015.0,100,100,1.0,0.6552398204803467,38.671630859375
r60_c45,562005.0,5937015.0,100,100,1.0,0.48111674189567566,41.743499755859375
r60_c46,562305.0,5937015.0,100,97,0.97,0.5284877419471741,41.33440399169922
r60_c47,562605.0,5937015.0,100,100,1.0,0.4464758634567261,42.67628479003906
r60_c48,562905.0,5937015.0,100,98,0.98,0.5230829119682312,41.38555145263672
r60_c49,563205.0,5937015.0,100,100,1.0,0.5516179800033569,41.04954528808594
r60_c50,563505.0,5937015.0,100,100,1.0,0.6517027020454407,38.163089752197266
r60_c51,563805.0,5937015.0,100,100,1.0,0.5219476222991943,40.1411018371582
r60_c52,564105.0,5937015.0,100,97,0.97,0.49100178480148315,41.38732147216797
r60_c53,564405.0,5937015.0,100,99,0.99,0.6029751300811768,39.07095718383789
r60_c54,564705.0,5937015.0,100,100,1.0,0.4729006886482239,40.42436218261719
r60_c55,565005.0,5937015.0,100,100,1.0,0.7416584491729736,35.54505920410156
r60_c56,565305.0,5937015.0,100,100,1.0,0.6090776324272156,38.1784782409668
r60_c57,565605.0,5937015.0,100,100,1.0,0.5473607182502747,39.263492584228516
r60_c58,565905.0,5937015.0,100,100,1.0,0.619928240776062,37.87742233276367
r60_c61,566805.0,5937015.0,100,79,0.79,0.6629561185836792,35.289039611816406
r60_c62,567105.0,5937015.0,100,98,0.98,0.5978903770446777,38.06633758544922
r60_c63,567405.0,5937015.0,100,100,1.0,0.46197280287742615,41.967628479003906
r60_c64,567705.0,5937015.0,100,100,1.0,0.5404734015464783,41.63566589355469
r60_c65,568005.0,5937015.0,100,100,1.0,0.5844056010246277,40.65195846557617
r60_c66,568305.0,5937015.0,100,100,1.0,0.6180257201194763,39.771812438964844
r60_c67,568605.0,5937015.0,100,100,1.0,0.5340783596038818,41.117557525634766
r60_c68,568905.0,5937015.0,100,99,0.99,0.45945316553115845,42.31510543823242
r60_c69,569205.0,5937015.0,100,100,1.0,0.569042444229126,40.95326232910156
r60_c70,569505.0,5937015.0,100,100,1.0,0.6086819171905518,38.91939163208008
r60_c71,569805.0,5937015.0,100,100,1.0,0.5872947573661804,38.85018539428711
r60_c72,570105.0,5937015.0,100,100,1.0,0.5568768978118896,39.956459045410156
r60_c73,570405.0,5937015.0,100,100,1.0,0.5034382343292236,41.563385009765625
r60_c74,570705.0,5937015.0,100,99,0.99,0.5988197326660156,39.45322799682617
r60_c75,571005.0,5937015.0,100,96,0.96,0.46649134159088135,41.548458099365234
r60_c76,571305.0,5937015.0,100,91,0.91,0.49219515919685364,41.5130615234375
r60_c77,571605.0,5937015.0,100,76,0.76,0.44303879141807556,42.8524284362793
r60_c78,571905.0,5937015.0,100,99,0.99,0.46167585253715515,41.380123138427734
r60_c79,572205.0,5937015.0,100,100,1.0,0.6550239324569702,38.87910461425781
r60_c80,572505.0,5937015.0,100,100,1.0,0.6140015721321106,39.64552307128906
r60_c81,572805.0,5937015.0,100,100,1.0,0.5785088539123535,40.25519943237305
r60_c82,573105.0,5937015.0,100,96,0.96,0.5695271492004395,40.21186447143555
r60_c83,573405.0,5937015.0,100,89,0.89,0.3384510278701782,46.51896667480469
r60_c84,573705.0,5937015.0,100,88,0.88,0.40329647064208984,42.676025390625
r60_c85,574005.0,5937015.0,100,92,0.92,0.5982919335365295,37.46918487548828
r60_c86,574305.0,5937015.0,100,95,0.95,0.7252499461174011,35.48625564575195
r60_c87,574605.0,5937015.0,100,100,1.0,0.6654632091522217,37.256744384765625
r60_c88,574905.0,5937015.0,100,100,1.0,0.6442613005638123,39.150352478027344
r60_c89,575205.0,5937015.0,100,99,0.99,0.6096343994140625,39.68622970581055
r61_c2,549105.0,5936715.0,89,89,1.0,0.8201049566268921,31.420377731323242
r61_c3,549405.0,5936715.0,100,100,1.0,0.6845455765724182,35.92561340332031
r61_c4,549705.0,5936715.0,100,100,1.0,0.7203715443611145,35.3665657043457
r61_c5,550005.0,5936715.0,100,100,1.0,0.7219796180725098,35.34027862548828
r61_c6,550305.0,5936715.0,100,100,1.0,0.6838918924331665,36.4044189453125
r61_c7,550605.0,5936715.0,100,100,1.0,0.7125805020332336,36.05226135253906
r61_c8,550905.0,5936715.0,100,100,1.0,0.6908230781555176,35.74699401855469
r61_c9,551205.0,5936715.0,100,100,1.0,0.7562547326087952,33.075096130371094
r61_c10,551505.0,5936715.0,100,100,1.0,0.8653346300125122,29.734941482543945
r61_c11,551805.0,5936715.0,100,100,1.0,0.8579258918762207,29.09402847290039
r61_c12,552105.0,5936715.0,100,100,1.0,0.8608351349830627,29.7355899810791
r61_c13,552405.0,5936715.0,100,100,1.0,0.7957329750061035,32.40544128417969
r61_c14,552705.0,5936715.0,100,100,1.0,0.6675441265106201,36.048194885253906
r61_c15,553005.0,5936715.0,100,100,1.0,0.6979885697364807,34.35151672363281
r61_c16,553305.0,5936715.0,100,99,0.99,0.6673373579978943,36.270729064941406
r61_c17,553605.0,5936715.0,100,100,1.0,0.6264901161193848,37.732601165771484
r61_c18,553905.0,5936715.0,100,100,1.0,0.6276081204414368,37.102901458740234
r61_c19,554205.0,5936715.0,100,100,1.0,0.630804717540741,37.22300720214844
r61_c20,554505.0,5936715.0,100,95,0.95,0.5691244006156921,38.78112030029297
r61_c21,554805.0,5936715.0,100,100,1.0,0.6732036471366882,36.843841552734375
r61_c22,555105.0,5936715.0,100,100,1.0,0.6963757276535034,37.09223175048828
r61_c23,555405.0,5936715.0,100,100,1.0,0.6066532731056213,37.13481903076172
r61_c24,555705.0,5936715.0,100,100,1.0,0.6070360541343689,37.36638641357422
r61_c25,556005.0,5936715.0,100,100,1.0,0.6479061245918274,38.30939483642578
r61_c26,556305.0,5936715.0,100,100,1.0,0.7008411288261414,38.13408660888672
r61_c27,556605.0,5936715.0,100,100,1.0,0.7186691761016846,36.196388244628906
r61_c28,556905.0,5936715.0,100,100,1.0,0.6576973795890808,37.43509292602539
r61_c29,557205.0,5936715.0,100,100,1.0,0.644924521446228,37.41899871826172
r61_c30,557505.0,5936715.0,100,94,0.94,0.7149932384490967,35.537353515625
r61_c31,557805.0,5936715.0,100,97,0.97,0.761264443397522,32.788536071777344
r61_c32,558105.0,5936715.0,100,92,0.92,0.47220930457115173,39.558860778808594
r61_c33,558405.0,5936715.0,100,100,1.0,0.34382855892181396,41.766780853271484
r61_c34,558705.0,5936715.0,100,99,0.99,0.44882437586784363,41.81645584106445
r61_c35,559005.0,5936715.0,100,99,0.99,0.4861127734184265,40.6600227355957
r61_c36,559305.0,5936715.0,100,100,1.0,0.6597509980201721,35.79560089111328
r61_c37,559605.0,5936715.0,100,100,1.0,0.7511972784996033,35.619747161865234
r61_c38,559905.0,5936715.0,100,100,1.0,0.6104746460914612,36.94960021972656
r61_c39,560205.0,5936715.0,100,100,1.0,0.5398501753807068,38.055355072021484
r61_c40,560505.0,5936715.0,100,96,0.96,0.23043794929981232,47.51621627807617
r61_c41,560805.0,5936715.0,100,100,1.0,0.21678465604782104,48.18547821044922
r61_c42,561105.0,5936715.0,100,100,1.0,0.1878005415201187,47.748756408691406
r61_c43,561405.0,5936715.0,100,100,1.0,0.33417877554893494,45.916629791259766
r61_c44,561705.0,5936715.0,100,100,1.0,0.626283586025238,38.91130065917969
r61_c45,562005.0,5936715.0,100,94,0.94,0.5382468104362488,40.697471618652344
r61_c46,562305.0,5936715.0,100,100,1.0,0.4988768696784973,42.89903259277344
r61_c47,562605.0,5936715.0,100,100,1.0,0.6249626874923706,40.0731201171875
r61_c48,562905.0,5936715.0,100,100,1.0,0.5462036728858948,40.3301887512207
r61_c49,563205.0,5936715.0,100,100,1.0,0.4750945270061493,42.00819778442383
r61_c50,563505.0,5936715.0,100,99,0.99,0.5092478394508362,41.271400451660156
r61_c51,563805.0,5936715.0,100,98,0.98,0.5619875192642212,39.51142883300781
r61_c52,564105.0,5936715.0,100,99,0.99,0.639593780040741,37.532470703125
r61_c53,564405.0,5936715.0,100,100,1.0,0.6442615389823914,38.31242752075195
r61_c54,564705.0,5936715.0,100,98,0.98,0.5046470165252686,39.94206237792969
r61_c55,565005.0,5936715.0,100,98,0.98,0.5861084461212158,37.55311965942383
r61_c56,565305.0,5936715.0,100,100,1.0,0.6032402515411377,38.56987762451172
r61_c57,565605.0,5936715.0,100,100,1.0,0.5578982830047607,38.678199768066406
r61_c58,565905.0,5936715.0,100,100,1.0,0.5328183174133301,39.042274475097656
r61_c59,566205.0,5936715.0,100,96,0.96,0.7042133212089539,34.60350799560547
r61_c61,566805.0,5936715.0,100,95,0.95,0.6108118891716003,36.01655960083008
r61_c62,567105.0,5936715.0,100,100,1.0,0.6340264081954956,38.1883544921875
r61_c63,567405.0,5936715.0,100,100,1.0,0.5419856309890747,41.83644104003906
r61_c64,567705.0,5936715.0,100,94,0.94,0.3650694787502289,44.303955078125
r61_c65,568005.0,5936715.0,100,100,1.0,0.5024537444114685,42.845069885253906
r61_c66,568305.0,5936715.0,100,100,1.0,0.5347626209259033,40.602630615234375
r61_c67,568605.0,5936715.0,100,93,0.93,0.3453165292739868,43.94246292114258
r61_c68,568905.0,5936715.0,100,100,1.0,0.5055616497993469,42.6132926940918
r61_c69,569205.0,5936715.0,100,100,1.0,0.4759400188922882,42.541439056396484
r61_c70,569505.0,5936715.0,100,100,1.0,0.6528377532958984,38.50052261352539
r61_c71,569805.0,5936715.0,100,100,1.0,0.7309301495552063,36.98346710205078
r61_c72,570105.0,5936715.0,100,97,0.97,0.5612068772315979,39.9805793762207
r61_c73,570405.0,5936715.0,100,100,1.0,0.5365248918533325,40.23017501831055
r61_c74,570705.0,5936715.0,100,94,0.94,0.4935840964317322,40.79430389404297
r61_c75,571005.0,5936715.0,100,82,0.82,0.39604121446609497,42.85003662109375
r61_c76,571305.0,5936715.0,100,97,0.97,0.4703461527824402,42.61714172363281
r61_c77,571605.0,5936715.0,100,85,0.85,0.3577355444431305,47.631202697753906
r61_c78,571905.0,5936715.0,100,91,0.91,0.19745157659053802,45.21200180053711
r61_c79,572205.0,5936715.0,100,99,0.99,0.3003697991371155,45.22481155395508
r61_c80,572505.0,5936715.0,100,93,0.93,0.3737717568874359,42.561397552490234
r61_c81,572805.0,5936715.0,100,98,0.98,0.4718143045902252,40.18310546875
r61_c82,573105.0,5936715.0,100,75,0.75,0.29788702726364136,43.15420150756836
r61_c83,573405.0,5936715.0,100,93,0.93,0.3710508942604065,43.61128234863281
r61_c84,573705.0,5936715.0,100,99,0.99,0.5836225748062134,40.34038543701172
r61_c85,574005.0,5936715.0,100,99,0.99,0.6809284687042236,37.21855926513672
r61_c86,574305.0,5936715.0,100,100,1.0,0.684802770614624,37.40279769897461
r61_c87,574605.0,5936715.0,100,100,1.0,0.6264417171478271,38.135284423828125
r61_c88,574905.0,5936715.0,100,100,1.0,0.6101828813552856,39.353515625
r62_c2,549105.0,5936415.0,100,100,1.0,0.7587129473686218,34.13666534423828
r62_c3,549405.0,5936415.0,100,100,1.0,0.694871723651886,35.13718032836914
r62_c4,549705.0,5936415.0,100,100,1.0,0.7260889410972595,34.402313232421875
r62_c5,550005.0,5936415.0,100,100,1.0,0.7198001146316528,34.9088249206543
r62_c6,550305.0,5936415.0,100,100,1.0,0.7133426070213318,34.94981384277344
r62_c7,550605.0,5936415.0,100,100,1.0,0.7818753719329834,33.687469482421875
r62_c8,550905.0,5936415.0,100,100,1.0,0.7909760475158691,32.58915710449219
r62_c9,551205.0,5936415.0,100,100,1.0,0.7837315201759338,33.04487991333008
r62_c10,551505.0,5936415.0,100,100,1.0,0.834583580493927,29.564006805419922
r62_c11,551805.0,5936415.0,100,100,1.0,0.8656709790229797,29.043546676635742
r62_c12,552105.0,5936415.0,100,100,1.0,0.8875586986541748,28.5669002532959
r62_c13,552405.0,5936415.0,100,93,0.93,0.8769756555557251,29.473690032958984
r62_c14,552705.0,5936415.0,100,100,1.0,0.7907799482345581,31.2062931060791
r62_c15,553005.0,5936415.0,100,94,0.94,0.8258179426193237,31.253002166748047
r62_c16,553305.0,5936415.0,100,100,1.0,0.7512237429618835,33.94084548950195
r62_c17,553605.0,5936415.0,100,100,1.0,0.6697922348976135,35.96098709106445
r62_c18,553905.0,5936415.0,100,99,0.99,0.7119853496551514,35.76120376586914
r62_c19,554205.0,5936415.0,100,100,1.0,0.661682665348053,36.77968215942383
r62_c20,554505.0,5936415.0,100,100,1.0,0.5898414850234985,38.99220275878906
r62_c21,554805.0,5936415.0,100,100,1.0,0.5027226209640503,40.45073318481445
r62_c22,555105.0,5936415.0,100,100,1.0,0.616502046585083,39.310665130615234
r62_c23,555405.0,5936415.0,100,99,0.99,0.6855022311210632,36.48527908325195
r62_c24,555705.0,5936415.0,100,100,1.0,0.6732033491134644,37.081459045410156
r62_c25,556005.0,5936415.0,100,98,0.98,0.5440099239349365,39.70855712890625
r62_c26,556305.0,5936415.0,100,93,0.93,0.5962081551551819,40.629146575927734
r62_c27,556605.0,5936415.0,100,100,1.0,0.6336025595664978,38.399044036865234
r62_c28,556905.0,5936415.0,100,100,1.0,0.7404272556304932,37.260772705078125
r62_c29,557205.0,5936415.0,100,100,1.0,0.6961992383003235,38.3011474609375
r62_c30,557505.0,5936415.0,100,100,1.0,0.6542412042617798,37.849971771240234
r62_c31,557805.0,5936415.0,100,100,1.0,0.6955248117446899,36.6648063659668
r62_c32,558105.0,5936415.0,100,100,1.0,0.559310257434845,40.86996078491211
r62_c33,558405.0,5936415.0,100,98,0.98,0.4908778965473175,38.32175064086914
r62_c34,558705.0,5936415.0,100,100,1.0,0.4742335379123688,38.903785705566406
r62_c35,559005.0,5936415.0,100,91,0.91,0.5000132918357849,40.35157775878906
r62_c36,559305.0,5936415.0,100,100,1.0,0.5362130403518677,39.92145919799805
r62_c37,559605.0,5936415.0,100,100,1.0,0.6720657348632812,37.389625549316406
r62_c38,559905.0,5936415.0,100,100,1.0,0.503487229347229,37.399478912353516
r62_c39,560205.0,5936415.0,100,100,1.0,0.7212151288986206,35.97709655761719
r62_c40,560505.0,5936415.0,100,100,1.0,0.5913273096084595,39.017364501953125
r62_c41,560805.0,5936415.0,100,90,0.9,0.270302414894104,46.29827117919922
r62_c42,561105.0,5936415.0,100,94,0.94,0.21107365190982819,48.421504974365234
r62_c43,561405.0,5936415.0,100,85,0.85,0.34946727752685547,46.20114517211914
r62_c44,561705.0,5936415.0,100,100,1.0,0.534527063369751,39.56004333496094
r62_c45,562005.0,5936415.0,100,100,1.0,0.45433497428894043,41.92417907714844
r62_c46,562305.0,5936415.0,100,100,1.0,0.4689252972602844,42.6108283996582
r62_c47,562605.0,5936415.0,100,100,1.0,0.6058876514434814,40.0672721862793
r62_c48,562905.0,5936415.0,100,100,1.0,0.5854694247245789,41.417972564697266
r62_c49,563205.0,5936415.0,100,100,1.0,0.6319726705551147,39.568275451660156
r62_c50,563505.0,5936415.0,100,100,1.0,0.45273053646087646,42.24882888793945
r62_c51,563805.0,5936415.0,100,72,0.72,0.6316101551055908,39.18536376953125
r62_c56,565305.0,5936415.0,100,97,0.97,0.545799195766449,40.43439483642578
r62_c57,565605.0,5936415.0,100,100,1.0,0.40360236167907715,39.38179016113281
r62_c58,565905.0,5936415.0,100,97,0.97,0.5458624362945557,40.75851058959961
r62_c59,566205.0,5936415.0,100,100,1.0,0.705596923828125,35.67576217651367
r62_c62,567105.0,5936415.0,100,98,0.98,0.6689921021461487,36.892181396484375
r62_c63,567405.0,5936415.0,100,100,1.0,0.5127359628677368,40.478363037109375
r62_c64,567705.0,5936415.0,100,100,1.0,0.5874511003494263,39.85655212402344
r62_c65,568005.0,5936415.0,100,100,1.0,0.4375152289867401,42.194236755371094
r62_c66,568305.0,5936415.0,100,99,0.99,0.4165796935558319,41.14528274536133
r62_c67,568605.0,5936415.0,100,100,1.0,0.531450629234314,41.15848159790039
r62_c68,568905.0,5936415.0,100,95,0.95,0.6015053391456604,40.233646392822266
r62_c69,569205.0,5936415.0,100,100,1.0,0.6738119721412659,38.743167877197266
r62_c70,569505.0,5936415.0,100,100,1.0,0.5982069969177246,40.316444396972656
r62_c71,569805.0,5936415.0,100,100,1.0,0.5282285809516907,41.0656852722168
r62_c72,570105.0,5936415.0,100,100,1.0,0.44174468517303467,43.08640670776367
r62_c73,570405.0,5936415.0,100,98,0.98,0.27436888217926025,45.045310974121094
r62_c74,570705.0,5936415.0,100,81,0.81,0.33431077003479004,42.925140380859375
r62_c75,571005.0,5936415.0,100,95,0.95,0.55690997838974,39.7757568359375
r62_c76,571305.0,5936415.0,100,100,1.0,0.6029390096664429,38.321964263916016
r62_c77,571605.0,5936415.0,100,100,1.0,0.45427536964416504,41.33802795410156
r62_c78,571905.0,5936415.0,100,100,1.0,0.4636440575122833,40.9807014465332
r62_c79,572205.0,5936415.0,100,100,1.0,0.6509115695953369,38.82560729980469
r62_c80,572505.0,5936415.0,100,100,1.0,0.6713286638259888,38.19843673706055
r62_c81,572805.0,5936415.0,100,94,0.94,0.6258821487426758,37.987762451171875
r62_c82,573105.0,5936415.0,100,100,1.0,0.4576202630996704,41.249942779541016
r62_c83,573405.0,5936415.0,100,100,1.0,0.5993524193763733,39.41025924682617
r62_c84,573705.0,5936415.0,100,100,1.0,0.5650770664215088,40.137474060058594
r62_c85,574005.0,5936415.0,100,92,0.92,0.6044226884841919,38.4875373840332
r62_c86,574305.0,5936415.0,100,100,1.0,0.6176258325576782,38.63286590576172
r62_c87,574605.0,5936415.0,100,96,0.96,0.5605869293212891,39.33671569824219
r62_c88,574905.0,5936415.0,100,89,0.89,0.6013337969779968,39.01591110229492
r63_c2,549105.0,5936115.0,100,100,1.0,0.6378248929977417,36.15800857543945
r63_c3,549405.0,5936115.0,100,100,1.0,0.7664146423339844,32.74720764160156
r63_c4,549705.0,5936115.0,100,100,1.0,0.7429471611976624,33.0438232421875
r63_c5,550005.0,5936115.0,100,100,1.0,0.7398096323013306,33.87234878540039
r63_c6,550305.0,5936115.0,100,100,1.0,0.785641610622406,32.75355911254883
r63_c7,550605.0,5936115.0,100,95,0.95,0.7868802547454834,32.43727493286133
r63_c11,551805.0,5936115.0,100,71,0.71,0.8423376083374023,28.766828536987305
r63_c16,553305.0,5936115.0,100,100,1.0,0.6670951843261719,37.46079635620117
r63_c17,553605.0,5936115.0,100,100,1.0,0.7052481174468994,35.62485885620117
r63_c18,553905.0,5936115.0,100,100,1.0,0.7271484136581421,34.95698165893555
r63_c19,554205.0,5936115.0,100,100,1.0,0.7205463647842407,35.370216369628906
r63_c20,554505.0,5936115.0,100,100,1.0,0.6750381588935852,36.88380432128906
r63_c21,554805.0,5936115.0,100,98,0.98,0.695612370967865,37.27968215942383
r63_c22,555105.0,5936115.0,100,95,0.95,0.7199239730834961,35.93638610839844
r63_c23,555405.0,5936115.0,100,100,1.0,0.6586741805076599,36.43872833251953
r63_c24,555705.0,5936115.0,100,100,1.0,0.6908368468284607,36.65235900878906
r63_c25,556005.0,5936115.0,100,100,1.0,0.678820013999939,37.3442497253418
r63_c26,556305.0,5936115.0,100,99,0.99,0.6228904128074646,39.43827819824219
r63_c27,556605.0,5936115.0,100,100,1.0,0.6544565558433533,37.2401237487793
r63_c28,556905.0,5936115.0,100,100,1.0,0.4952874481678009,38.8873405456543
r63_c29,557205.0,5936115.0,100,93,0.93,0.4233689308166504,40.416751861572266
r63_c30,557505.0,5936115.0,100,95,0.95,0.6242650151252747,37.5237922668457
r63_c31,557805.0,5936115.0,100,100,1.0,0.5490362048149109,39.64426040649414
r63_c32,558105.0,5936115.0,100,99,0.99,0.5480726957321167,39.93995666503906
r63_c33,558405.0,5936115.0,100,99,0.99,0.6316211223602295,37.9963264465332
r63_c34,558705.0,5936115.0,100,100,1.0,0.6272163391113281,37.74070739746094
r63_c35,559005.0,5936115.0,100,99,0.99,0.5188919901847839,40.3037223815918
r63_c36,559305.0,5936115.0,100,98,0.98,0.4493315815925598,42.291534423828125
r63_c37,559605.0,5936115.0,100,96,0.96,0.5396015644073486,38.38703536987305
r63_c38,559905.0,5936115.0,100,100,1.0,0.677899181842804,36.3313102722168
r63_c39,560205.0,5936115.0,100,100,1.0,0.6975435018539429,37.04444885253906
r63_c40,560505.0,5936115.0,100,100,1.0,0.7422134876251221,36.879188537597656
r63_c41,560805.0,5936115.0,100,100,1.0,0.6186901926994324,38.91960144042969
r63_c42,561105.0,5936115.0,100,100,1.0,0.5456960201263428,40.6052360534668
r63_c43,561405.0,5936115.0,100,99,0.99,0.6737580895423889,40.40854263305664
r63_c44,561705.0,5936115.0,100,100,1.0,0.6691753268241882,37.90865707397461
r63_c45,562005.0,5936115.0,100,98,0.98,0.20442131161689758,43.743492126464844
r63_c46,562305.0,5936115.0,100,92,0.92,0.22044172883033752,46.569923400878906
r63_c47,562605.0,5936115.0,100,100,1.0,0.5399525761604309,41.024147033691406
r63_c48,562905.0,5936115.0,100,98,0.98,0.5489276647567749,40.704978942871094
r63_c49,563205.0,5936115.0,100,94,0.94,0.5576707124710083,40.931644439697266
r63_c57,565605.0,5936115.0,100,99,0.99,0.5267274975776672,41.09563064575195
r63_c58,565905.0,5936115.0,100,98,0.98,0.5370036363601685,40.197574615478516
r63_c59,566205.0,5936115.0,100,100,1.0,0.6521540284156799,36.406707763671875
r63_c62,567105.0,5936115.0,100,88,0.88,0.6743788719177246,36.214691162109375
r63_c63,567405.0,5936115.0,100,100,1.0,0.5472862124443054,40.41758728027344
r63_c64,567705.0,5936115.0,100,100,1.0,0.6209527850151062,40.9742431640625
r63_c65,568005.0,5936115.0,100,100,1.0,0.4335390031337738,42.072731018066406
r63_c66,568305.0,5936115.0,100,100,1.0,0.4814389944076538,42.24171829223633
r63_c67,568605.0,5936115.0,100,100,1.0,0.5702030658721924,40.1170768737793
r63_c68,568905.0,5936115.0,100,100,1.0,0.5825280547142029,40.13450241088867
r63_c69,569205.0,5936115.0,100,98,0.98,0.4932336211204529,42.23844528198242
r63_c70,569505.0,5936115.0,100,100,1.0,0.45022091269493103,42.56403732299805
r63_c71,569805.0,5936115.0,100,100,1.0,0.5549541711807251,40.512847900390625
r63_c72,570105.0,5936115.0,100,99,0.99,0.3279106318950653,46.27721405029297
r63_c73,570405.0,5936115.0,100,100,1.0,0.4697261154651642,41.84259796142578
r63_c74,570705.0,5936115.0,100,100,1.0,0.6224851012229919,39.0354118347168
r63_c75,571005.0,5936115.0,100,100,1.0,0.6481909155845642,37.680274963378906
r63_c76,571305.0,5936115.0,100,100,1.0,0.6214844584465027,38.09477615356445
r63_c77,571605.0,5936115.0,100,100,1.0,0.7825962901115417,34.78512954711914
r63_c78,571905.0,5936115.0,100,100,1.0,0.6568969488143921,36.80100631713867
r63_c79,572205.0,5936115.0,100,100,1.0,0.6600021123886108,35.88621139526367
r63_c80,572505.0,5936115.0,100,100,1.0,0.7093856334686279,35.800418853759766
r63_c81,572805.0,5936115.0,100,100,1.0,0.675392746925354,37.20954132080078
r63_c82,573105.0,5936115.0,100,100,1.0,0.6644835472106934,37.467193603515625
r63_c83,573405.0,5936115.0,100,100,1.0,0.5375685691833496,39.906280517578125
r63_c84,573705.0,5936115.0,100,98,0.98,0.5419187545776367,39.79931640625
r63_c85,574005.0,5936115.0,100,100,1.0,0.6247386336326599,37.68707275390625
r63_c86,574305.0,5936115.0,100,100,1.0,0.6335051655769348,38.31037521362305
r63_c87,574605.0,5936115.0,100,100,1.0,0.6307111978530884,38.367652893066406
r63_c88,574905.0,5936115.0,100,73,0.73,0.7672978639602661,35.733551025390625
r64_c1,548805.0,5935815.0,96,96,1.0,0.7507343292236328,34.99625015258789
r64_c2,549105.0,5935815.0,100,100,1.0,0.7486919164657593,33.3372917175293
r64_c3,549405.0,5935815.0,100,100,1.0,0.8284893035888672,29.9329833984375
r64_c4,549705.0,5935815.0,100,100,1.0,0.8206814527511597,30.570575714111328
r64_c5,550005.0,5935815.0,100,100,1.0,0.8539022207260132,29.297578811645508
r64_c6,550305.0,5935815.0,100,91,0.91,0.8272103667259216,30.930419921875
r64_c17,553605.0,5935815.0,100,100,1.0,0.7523326873779297,34.0147819519043
r64_c18,553905.0,5935815.0,100,100,1.0,0.7387957572937012,34.25971603393555
r64_c19,554205.0,5935815.0,100,100,1.0,0.7067534923553467,36.079811096191406
r64_c20,554505.0,5935815.0,100,100,1.0,0.654660165309906,37.91409683227539
r64_c21,554805.0,5935815.0,100,100,1.0,0.6384752988815308,37.7967529296875
r64_c22,555105.0,5935815.0,100,100,1.0,0.661683976650238,36.826271057128906
r64_c23,555405.0,5935815.0,100,100,1.0,0.7657404541969299,33.760169982910156
r64_c24,555705.0,5935815.0,100,100,1.0,0.7590228915214539,34.17805862426758
r64_c25,556005.0,5935815.0,100,100,1.0,0.7587185502052307,34.79220199584961
r64_c26,556305.0,5935815.0,100,100,1.0,0.66802579164505,37.476322174072266
r64_c27,556605.0,5935815.0,100,100,1.0,0.5941917300224304,38.34575653076172
r64_c28,556905.0,5935815.0,100,100,1.0,0.7539856433868408,35.110897064208984
r64_c29,557205.0,5935815.0,100,100,1.0,0.7178279161453247,36.76949691772461
r64_c30,557505.0,5935815.0,100,98,0.98,0.6365184187889099,38.40141296386719
r64_c31,557805.0,5935815.0,100,100,1.0,0.6186015605926514,38.4639892578125
r64_c32,558105.0,5935815.0,100,100,1.0,0.6480268836021423,37.156524658203125
r64_c33,558405.0,5935815.0,100,100,1.0,0.6154622435569763,38.489383697509766
r64_c34,558705.0,5935815.0,100,95,0.95,0.6304724216461182,38.388954162597656
r64_c35,559005.0,5935815.0,100,100,1.0,0.6305286288261414,37.92131423950195
r64_c36,559305.0,5935815.0,100,100,1.0,0.634493887424469,38.07969284057617
r64_c37,559605.0,5935815.0,100,86,0.86,0.5957825779914856,35.913578033447266
r64_c38,559905.0,5935815.0,100,100,1.0,0.5829495787620544,39.416446685791016
r64_c39,560205.0,5935815.0,100,100,1.0,0.5906131863594055,40.186222076416016
r64_c40,560505.0,5935815.0,100,92,0.92,0.41393691301345825,44.012874603271484
r64_c41,560805.0,5935815.0,100,91,0.91,0.33438920974731445,44.31699752807617
r64_c42,561105.0,5935815.0,100,97,0.97,0.4319703280925751,43.06232452392578
r64_c43,561405.0,5935815.0,100,98,0.98,0.20056140422821045,47.33921432495117
r64_c44,561705.0,5935815.0,100,95,0.95,0.320680171251297,43.083831787109375
r64_c45,562005.0,5935815.0,100,100,1.0,0.2826588749885559,45.359561920166016
r64_c46,562305.0,5935815.0,100,100,1.0,0.5149109363555908,44.060001373291016
r64_c47,562605.0,5935815.0,100,100,1.0,0.5475872159004211,39.685821533203125
r64_c48,562905.0,5935815.0,100,99,0.99,0.557948887348175,40.42518615722656
r64_c49,563205.0,5935815.0,100,100,1.0,0.4599207639694214,43.17865753173828
r64_c58,565905.0,5935815.0,100,100,1.0,0.5536661148071289,39.9366340637207
r64_c59,566205.0,5935815.0,100,96,0.96,0.5755041241645813,37.45473861694336
r64_c63,567405.0,5935815.0,100,99,0.99,0.5440381169319153,38.48689651489258
r64_c64,567705.0,5935815.0,100,100,1.0,0.617382824420929,40.777164459228516
r64_c65,568005.0,5935815.0,100,89,0.89,0.6717946529388428,38.66899871826172
r64_c66,568305.0,5935815.0,100,98,0.98,0.5782954096794128,39.353851318359375
r64_c67,568605.0,5935815.0,100,100,1.0,0.5537342429161072,41.073055267333984
r64_c68,568905.0,5935815.0,100,100,1.0,0.4567292034626007,42.79417419433594
r64_c69,569205.0,5935815.0,100,99,0.99,0.5803577899932861,40.489986419677734
r64_c70,569505.0,5935815.0,100,100,1.0,0.5712707042694092,40.63243865966797
r64_c71,569805.0,5935815.0,100,100,1.0,0.7416226267814636,36.7332649230957
r64_c72,570105.0,5935815.0,100,100,1.0,0.39928069710731506,42.023921966552734
r64_c73,570405.0,5935815.0,100,100,1.0,0.4254659414291382,40.98200988769531
r64_c74,570705.0,5935815.0,100,100,1.0,0.6544708013534546,37.682186126708984
r64_c75,571005.0,5935815.0,100,100,1.0,0.6671838164329529,37.4609489440918
r64_c76,571305.0,5935815.0,100,100,1.0,0.5867512822151184,39.209075927734375
r64_c77,571605.0,5935815.0,100,100,1.0,0.716744065284729,36.16056823730469
r64_c78,571905.0,5935815.0,100,100,1.0,0.7040072679519653,36.021690368652344
r64_c79,572205.0,5935815.0,100,100,1.0,0.7632150053977966,34.51603698730469
r64_c80,572505.0,5935815.0,100,100,1.0,0.8118038177490234,33.05403137207031
r64_c81,572805.0,5935815.0,100,100,1.0,0.7024922370910645,36.11627960205078
r64_c82,573105.0,5935815.0,100,86,0.86,0.6221771240234375,37.99655532836914
r64_c83,573405.0,5935815.0,100,100,1.0,0.6289074420928955,38.133056640625
r64_c84,573705.0,5935815.0,100,100,1.0,0.6066769361495972,39.010520935058594
r64_c85,574005.0,5935815.0,100,100,1.0,0.5970962047576904,38.9498176574707
r64_c86,574305.0,5935815.0,100,94,0.94,0.6228890419006348,38.651241302490234
r64_c87,574605.0,5935815.0,100,100,1.0,0.7123039960861206,35.14398956298828
r64_c88,574905.0,5935815.0,100,91,0.91,0.6061540246009827,37.20387649536133
r65_c1,548805.0,5935515.0,94,90,0.9574468085106383,0.7514140009880066,31.747835159301758
r65_c2,549105.0,5935515.0,100,100,1.0,0.7585986256599426,32.534095764160156
r65_c3,549405.0,5935515.0,100,100,1.0,0.8088631629943848,30.834819793701172
r65_c4,549705.0,5935515.0,100,100,1.0,0.8484760522842407,29.2170467376709
r65_c5,550005.0,5935515.0,100,100,1.0,0.8726779818534851,29.21324920654297
r65_c17,553605.0,5935515.0,100,100,1.0,0.7763431072235107,33.69338607788086
r65_c18,553905.0,5935515.0,100,98,0.98,0.6805347800254822,36.25705337524414
r65_c19,554205.0,5935515.0,100,91,0.91,0.612183690071106,37.945106506347656
r65_c20,554505.0,5935515.0,100,100,1.0,0.5967236161231995,40.217262268066406
r65_c21,554805.0,5935515.0,100,100,1.0,0.6529778242111206,37.62944030761719
r65_c22,555105.0,5935515.0,100,100,1.0,0.7085961103439331,35.09736251831055
r65_c23,555405.0,5935515.0,100,100,1.0,0.762315034866333,33.879669189453125
r65_c24,555705.0,5935515.0,100,100,1.0,0.7462159991264343,34.149898529052734
r65_c25,556005.0,5935515.0,100,100,1.0,0.7453656196594238,34.216339111328125
r65_c26,556305.0,5935515.0,100,100,1.0,0.7063566446304321,36.056148529052734
r65_c27,556605.0,5935515.0,100,98,0.98,0.6633875370025635,38.46604537963867
r65_c28,556905.0,5935515.0,100,95,0.95,0.6368386149406433,37.78678894042969
r65_c29,557205.0,5935515.0,100,92,0.92,0.6637547612190247,38.4321403503418
r65_c30,557505.0,5935515.0,100,100,1.0,0.6685120463371277,38.04619216918945
r65_c31,557805.0,5935515.0,100,100,1.0,0.6423507928848267,38.0728645324707
r65_c32,558105.0,5935515.0,100,100,1.0,0.646740734577179,37.6513557434082
r65_c33,558405.0,5935515.0,100,100,1.0,0.6412011981010437,37.91016387939453
r65_c34,558705.0,5935515.0,100,100,1.0,0.7062869071960449,36.314613342285156
r65_c35,559005.0,5935515.0,100,100,1.0,0.6741106510162354,36.722084045410156
r65_c36,559305.0,5935515.0,100,100,1.0,0.6380134224891663,37.03303146362305
r65_c37,559605.0,5935515.0,100,100,1.0,0.4462016224861145,38.713497161865234
r65_c38,559905.0,5935515.0,100,100,1.0,0.6090540885925293,40.953155517578125
r65_c39,560205.0,5935515.0,100,100,1.0,0.5051455497741699,41.278282165527344
r65_c40,560505.0,5935515.0,100,99,0.99,0.49324020743370056,42.19133758544922
r65_c41,560805.0,5935515.0,100,91,0.91,0.4927102327346802,43.55448532104492
r65_c42,561105.0,5935515.0,100,89,0.89,0.209136962890625,48.02857971191406
r65_c43,561405.0,5935515.0,100,100,1.0,0.392074316740036,44.390254974365234
r65_c44,561705.0,5935515.0,100,100,1.0,0.495700478553772,42.47092819213867
r65_c45,562005.0,5935515.0,100,100,1.0,0.3303421437740326,44.76130676269531
r65_c46,562305.0,5935515.0,100,97,0.97,0.30934786796569824,46.02762222290039
r65_c47,562605.0,5935515.0,100,100,1.0,0.5673561096191406,40.271636962890625
r65_c48,562905.0,5935515.0,100,100,1.0,0.6159977912902832,39.30402374267578
r65_c49,563205.0,5935515.0,100,92,0.92,0.49650612473487854,42.6250114440918
r65_c58,565905.0,5935515.0,100,82,0.82,0.5975765585899353,38.46227264404297
r65_c63,567405.0,5935515.0,100,99,0.99,0.5054283738136292,38.86445617675781
r65_c64,567705.0,5935515.0,100,100,1.0,0.5219404101371765,40.91206741333008
r65_c65,568005.0,5935515.0,100,100,1.0,0.48184168338775635,42.290863037109375
r65_c66,568305.0,5935515.0,100,100,1.0,0.5113381743431091,41.437686920166016
r65_c67,568605.0,5935515.0,100,100,1.0,0.37765637040138245,43.567596435546875
r65_c68,568905.0,5935515.0,100,100,1.0,0.5292617678642273,41.011436462402344
r65_c69,569205.0,5935515.0,100,100,1.0,0.536960780620575,40.825050354003906
r65_c70,569505.0,5935515.0,100,100,1.0,0.5898189544677734,39.353111267089844
r65_c71,569805.0,5935515.0,100,100,1.0,0.6575077772140503,38.776527404785156
r65_c72,570105.0,5935515.0,100,100,1.0,0.45775988698005676,42.202308654785156
r65_c73,570405.0,5935515.0,100,100,1.0,0.5602675080299377,41.1939582824707
r65_c74,570705.0,5935515.0,100,100,1.0,0.6025850772857666,38.931026458740234
r65_c75,571005.0,5935515.0,100,100,1.0,0.6458664536476135,38.04371643066406
r65_c76,571305.0,5935515.0,100,100,1.0,0.5363718867301941,40.08333969116211
r65_c77,571605.0,5935515.0,100,100,1.0,0.6645700335502625,37.53828048706055
r65_c78,571905.0,5935515.0,100,100,1.0,0.667529821395874,36.79383850097656
r65_c79,572205.0,5935515.0,100,100,1.0,0.6605314612388611,37.79173278808594
r65_c80,572505.0,5935515.0,100,100,1.0,0.665546178817749,36.67170715332031
r65_c81,572805.0,5935515.0,100,100,1.0,0.6513785719871521,36.9451904296875
r65_c82,573105.0,5935515.0,100,100,1.0,0.6585971117019653,38.251625061035156
r65_c83,573405.0,5935515.0,100,100,1.0,0.6355604529380798,36.97026824951172
r65_c84,573705.0,5935515.0,100,100,1.0,0.6192510724067688,38.60371017456055
r65_c85,574005.0,5935515.0,100,100,1.0,0.5925335884094238,40.21588134765625
r65_c86,574305.0,5935515.0,100,100,1.0,0.5702246427536011,38.9349479675293
r65_c87,574605.0,5935515.0,100,100,1.0,0.7046482563018799,35.44245910644531
r65_c88,574905.0,5935515.0,100,100,1.0,0.6200711727142334,37.34123992919922
r66_c17,553605.0,5935215.0,100,100,1.0,0.6447272300720215,37.4064826965332
r66_c18,553905.0,5935215.0,100,92,0.92,0.52298504114151,37.968177795410156
r66_c19,554205.0,5935215.0,100,97,0.97,0.5691932439804077,39.09890365600586
r66_c20,554505.0,5935215.0,100,100,1.0,0.6135720610618591,38.57147979736328
r66_c21,554805.0,5935215.0,100,100,1.0,0.6228883266448975,37.72114562988281
r66_c22,555105.0,5935215.0,100,100,1.0,0.6910733580589294,35.065826416015625
r66_c23,555405.0,5935215.0,100,100,1.0,0.7579231262207031,34.20684051513672
r66_c24,555705.0,5935215.0,100,100,1.0,0.7655935883522034,33.920997619628906
r66_c25,556005.0,5935215.0,100,100,1.0,0.7324826121330261,34.27116775512695
r66_c26,556305.0,5935215.0,100,100,1.0,0.6819248199462891,35.318260192871094
r66_c27,556605.0,5935215.0,100,96,0.96,0.687393844127655,36.712100982666016
r66_c28,556905.0,5935215.0,100,100,1.0,0.7529097199440002,34.17146682739258
r66_c29,557205.0,5935215.0,100,96,0.96,0.6999278664588928,35.068965911865234
r66_c30,557505.0,5935215.0,100,99,0.99,0.7196059823036194,36.41511917114258
r66_c31,557805.0,5935215.0,100,100,1.0,0.6754578351974487,37.1440544128418
r66_c32,558105.0,5935215.0,100,100,1.0,0.6901436448097229,36.6060791015625
r66_c33,558405.0,5935215.0,100,100,1.0,0.6280429363250732,37.259300231933594
r66_c34,558705.0,5935215.0,100,100,1.0,0.7059927582740784,35.83531188964844
r66_c35,559005.0,5935215.0,100,100,1.0,0.6822138428688049,36.468162536621094
r66_c36,559305.0,5935215.0,100,100,1.0,0.700656533241272,36.586402893066406
r66_c37,559605.0,5935215.0,100,97,0.97,0.4415874779224396,40.273719787597656
r66_c38,559905.0,5935215.0,100,99,0.99,0.7020235657691956,37.20457458496094
r66_c39,560205.0,5935215.0,100,100,1.0,0.6514350175857544,37.92500305175781
r66_c40,560505.0,5935215.0,100,99,0.99,0.3979981243610382,42.89081573486328
r66_c41,560805.0,5935215.0,100,98,0.98,0.39886370301246643,42.676029205322266
r66_c42,561105.0,5935215.0,100,97,0.97,0.5018413066864014,43.340980529785156
r66_c43,561405.0,5935215.0,100,97,0.97,0.4216023087501526,42.42206573486328
r66_c44,561705.0,5935215.0,100,100,1.0,0.23888254165649414,42.63690948486328
r66_c45,562005.0,5935215.0,100,100,1.0,0.3748626708984375,42.40673828125
r66_c46,562305.0,5935215.0,100,100,1.0,0.361898273229599,43.00898742675781
r66_c47,562605.0,5935215.0,100,100,1.0,0.2879321873188019,43.596717834472656
r66_c48,562905.0,5935215.0,100,100,1.0,0.4360862970352173,41.55001449584961
r66_c49,563205.0,5935215.0,100,95,0.95,0.42107322812080383,41.809600830078125
r66_c63,567405.0,5935215.0,100,100,1.0,0.3689038157463074,43.18949890136719
r66_c64,567705.0,5935215.0,100,100,1.0,0.5135698318481445,42.106163024902344
r66_c65,568005.0,5935215.0,100,100,1.0,0.49621495604515076,42.05023956298828
r66_c66,568305.0,5935215.0,100,96,0.96,0.46257004141807556,42.52127456665039
r66_c67,568605.0,5935215.0,100,100,1.0,0.483947217464447,41.544654846191406
r66_c68,568905.0,5935215.0,100,100,1.0,0.5232181549072266,41.29927062988281
r66_c69,569205.0,5935215.0,100,100,1.0,0.6259345412254333,40.975135803222656
r66_c70,569505.0,5935215.0,100,100,1.0,0.5411732196807861,40.5667839050293
r66_c71,569805.0,5935215.0,100,100,1.0,0.5768324136734009,39.351016998291016
r66_c72,570105.0,5935215.0,100,99,0.99,0.6267915368080139,38.23837661743164
r66_c73,570405.0,5935215.0,100,100,1.0,0.5718739032745361,40.748897552490234
r66_c74,570705.0,5935215.0,100,100,1.0,0.7101094126701355,37.013710021972656
r66_c75,571005.0,5935215.0,100,100,1.0,0.6838029623031616,37.72942352294922
r66_c76,571305.0,5935215.0,100,100,1.0,0.6278514266014099,39.080936431884766
r66_c77,571605.0,5935215.0,100,100,1.0,0.5366321206092834,40.770469665527344
r66_c78,571905.0,5935215.0,100,100,1.0,0.7538110613822937,36.420684814453125
r66_c79,572205.0,5935215.0,100,100,1.0,0.6332984566688538,38.339603424072266
r66_c80,572505.0,5935215.0,100,100,1.0,0.6980087757110596,38.03475570678711
r66_c81,572805.0,5935215.0,100,100,1.0,0.6680171489715576,37.82554244995117
r66_c82,573105.0,5935215.0,100,100,1.0,0.6619221568107605,39.36668395996094
r66_c83,573405.0,5935215.0,100,100,1.0,0.5839712619781494,39.10157775878906
r66_c84,573705.0,5935215.0,100,100,1.0,0.607674241065979,37.5255012512207
r66_c85,574005.0,5935215.0,100,100,1.0,0.5611972808837891,40.24363708496094
r66_c86,574305.0,5935215.0,100,100,1.0,0.6743553876876831,36.5992431640625
r66_c87,574605.0,5935215.0,100,100,1.0,0.7117502689361572,34.90605926513672
r66_c88,574905.0,5935215.0,100,100,1.0,0.7409709095954895,33.9189338684082
r66_c89,575205.0,5935215.0,100,90,0.9,0.8274315595626831,30.819536209106445
r67_c17,553605.0,5934915.0,100,100,1.0,0.6758550405502319,36.77876281738281
r67_c18,553905.0,5934915.0,100,100,1.0,0.6072738766670227,37.793941497802734
r67_c19,554205.0,5934915.0,100,99,0.99,0.7156181931495667,34.91432571411133
r67_c20,554505.0,5934915.0,100,100,1.0,0.6494442224502563,35.48069763183594
r67_c21,554805.0,5934915.0,100,100,1.0,0.7359887957572937,34.53144073486328
r67_c22,555105.0,5934915.0,100,100,1.0,0.6672535538673401,36.357242584228516
r67_c23,555405.0,5934915.0,100,100,1.0,0.7482163906097412,34.70442581176758
r67_c24,555705.0,5934915.0,100,100,1.0,0.7597495913505554,34.00247573852539
r67_c25,556005.0,5934915.0,100,100,1.0,0.7117164731025696,35.351932525634766
r67_c26,556305.0,5934915.0,100,100,1.0,0.7342755794525146,34.750980377197266
r67_c27,556605.0,5934915.0,100,100,1.0,0.6838788390159607,35.739402770996094
r67_c28,556905.0,5934915.0,100,100,1.0,0.5641422867774963,37.05118179321289
r67_c29,557205.0,5934915.0,100,100,1.0,0.6729137301445007,35.526058197021484
r67_c30,557505.0,5934915.0,100,100,1.0,0.7228834629058838,35.77938461303711
r67_c31,557805.0,5934915.0,100,100,1.0,0.7253982424736023,36.12974548339844
r67_c32,558105.0,5934915.0,100,100,1.0,0.7253696322441101,36.306861877441406
r67_c33,558405.0,5934915.0,100,100,1.0,0.6520002484321594,37.274173736572266
r67_c34,558705.0,5934915.0,100,97,0.97,0.6176533102989197,37.968772888183594
r67_c35,559005.0,5934915.0,100,100,1.0,0.6883769035339355,36.50098419189453
r67_c36,559305.0,5934915.0,100,96,0.96,0.6915141940116882,36.911380767822266
r67_c37,559605.0,5934915.0,100,94,0.94,0.40250876545906067,41.21952819824219
r67_c38,559905.0,5934915.0,100,100,1.0,0.6517824530601501,37.75932312011719
r67_c39,560205.0,5934915.0,100,98,0.98,0.4830859899520874,39.89878463745117
r67_c40,560505.0,5934915.0,100,100,1.0,0.389801949262619,41.752498626708984
r67_c41,560805.0,5934915.0,100,100,1.0,0.377938836812973,41.095420837402344
r67_c42,561105.0,5934915.0,100,97,0.97,0.5080629587173462,40.82288360595703
r67_c43,561405.0,5934915.0,100,94,0.94,0.4320005178451538,43.42959976196289
r67_c44,561705.0,5934915.0,100,99,0.99,0.46725955605506897,42.098880767822266
r67_c45,562005.0,5934915.0,100,100,1.0,0.3356233239173889,43.553890228271484
r67_c46,562305.0,5934915.0,100,100,1.0,0.40230563282966614,43.4678840637207
r67_c47,562605.0,5934915.0,100,97,0.97,0.5388943552970886,41.89840316772461
r67_c48,562905.0,5934915.0,100,100,1.0,0.45754173398017883,41.35163116455078
r67_c49,563205.0,5934915.0,100,100,1.0,0.6376037001609802,38.85370635986328
r67_c61,566805.0,5934915.0,100,86,0.86,0.4708922505378723,39.7268180847168
r67_c62,567105.0,5934915.0,100,97,0.97,0.42013853788375854,42.53827667236328
r67_c63,567405.0,5934915.0,100,100,1.0,0.5032511353492737,41.64311599731445
r67_c64,567705.0,5934915.0,100,98,0.98,0.46951374411582947,41.542991638183594
r67_c65,568005.0,5934915.0,100,100,1.0,0.4938516914844513,42.517822265625
r67_c66,568305.0,5934915.0,100,100,1.0,0.5039387941360474,41.06417465209961
r67_c67,568605.0,5934915.0,100,100,1.0,0.5320245623588562,41.2779426574707
r67_c68,568905.0,5934915.0,100,100,1.0,0.534511387348175,40.16075134277344
r67_c69,569205.0,5934915.0,100,100,1.0,0.5324839353561401,41.176387786865234
r67_c70,569505.0,5934915.0,100,100,1.0,0.5057721734046936,41.203121185302734
r67_c71,569805.0,5934915.0,100,100,1.0,0.5832903385162354,38.40348815917969
r67_c72,570105.0,5934915.0,100,100,1.0,0.7820898294448853,34.350669860839844
r67_c73,570405.0,5934915.0,100,98,0.98,0.6376219391822815,39.50954818725586
r67_c74,570705.0,5934915.0,100,100,1.0,0.680661141872406,37.95924758911133
r67_c75,571005.0,5934915.0,100,100,1.0,0.6854515671730042,39.53248977661133
r67_c76,571305.0,5934915.0,100,100,1.0,0.651786744594574,40.657291412353516
r67_c77,571605.0,5934915.0,100,100,1.0,0.6201820969581604,40.28397750854492
r67_c78,571905.0,5934915.0,100,100,1.0,0.6891719698905945,35.09251022338867
r67_c79,572205.0,5934915.0,100,100,1.0,0.7057735919952393,36.66886901855469
r67_c80,572505.0,5934915.0,100,100,1.0,0.743516743183136,36.023651123046875
r67_c81,572805.0,5934915.0,100,100,1.0,0.5653824806213379,39.20521545410156
r67_c82,573105.0,5934915.0,100,100,1.0,0.4215635657310486,41.24164581298828
r67_c83,573405.0,5934915.0,100,100,1.0,0.5205622315406799,39.34418869018555
r67_c84,573705.0,5934915.0,100,98,0.98,0.6137112975120544,38.11342239379883
r67_c85,574005.0,5934915.0,100,100,1.0,0.5347347259521484,40.10725784301758
r67_c86,574305.0,5934915.0,100,100,1.0,0.7061235904693604,35.444908142089844
r67_c87,574605.0,5934915.0,100,100,1.0,0.7954728007316589,32.7790641784668
r67_c88,574905.0,5934915.0,100,100,1.0,0.805222749710083,31.719018936157227
r67_c89,575205.0,5934915.0,100,83,0.83,0.813518226146698,30.27429962158203
r67_c91,575805.0,5934915.0,100,90,0.9,0.7570409774780273,31.999094009399414
r67_c92,576105.0,5934915.0,100,100,1.0,0.7625390887260437,31.975170135498047
r67_c93,576405.0,5934915.0,100,94,0.94,0.6165500283241272,35.272823333740234
r67_c94,576705.0,5934915.0,97,97,1.0,0.6726411581039429,37.01369857788086
r68_c16,553305.0,5934615.0,100,83,0.83,0.5377686619758606,36.46329879760742
r68_c17,553605.0,5934615.0,100,100,1.0,0.6041643619537354,36.884822845458984
r68_c18,553905.0,5934615.0,100,99,0.99,0.7411903738975525,33.131988525390625
r68_c19,554205.0,5934615.0,100,100,1.0,0.8309669494628906,32.012115478515625
r68_c20,554505.0,5934615.0,100,100,1.0,0.8087282776832581,31.722238540649414
r68_c21,554805.0,5934615.0,100,100,1.0,0.7854984402656555,31.771699905395508
r68_c22,555105.0,5934615.0,100,100,1.0,0.7848114967346191,33.08531188964844
r68_c23,555405.0,5934615.0,100,100,1.0,0.7510283589363098,34.248470306396484
r68_c24,555705.0,5934615.0,100,99,0.99,0.7178781032562256,34.89734649658203
r68_c25,556005.0,5934615.0,100,98,0.98,0.6683712601661682,36.34515380859375
r68_c26,556305.0,5934615.0,100,100,1.0,0.6930964589118958,35.6123161315918
r68_c27,556605.0,5934615.0,100,100,1.0,0.7476460933685303,35.41339874267578
r68_c28,556905.0,5934615.0,100,100,1.0,0.7103285193443298,36.2548713684082
r68_c29,557205.0,5934615.0,100,100,1.0,0.6382555365562439,36.78775405883789
r68_c30,557505.0,5934615.0,100,100,1.0,0.7150422930717468,36.04534149169922
r68_c31,557805.0,5934615.0,100,92,0.92,0.7032169699668884,36.201656341552734
r68_c32,558105.0,5934615.0,100,100,1.0,0.65599524974823,36.480499267578125
r68_c33,558405.0,5934615.0,100,100,1.0,0.7071453332901001,35.88090133666992
r68_c34,558705.0,5934615.0,100,100,1.0,0.7164818644523621,35.857452392578125
r68_c35,559005.0,5934615.0,100,100,1.0,0.7222216725349426,35.29201126098633
r68_c36,559305.0,5934615.0,100,100,1.0,0.5507392287254333,38.2977294921875
r68_c37,559605.0,5934615.0,100,94,0.94,0.39165085554122925,39.4044075012207
r68_c38,559905.0,5934615.0,100,98,0.98,0.46308034658432007,40.354007720947266
r68_c40,560505.0,5934615.0,100,100,1.0,0.5921820402145386,39.2967529296875
r68_c41,560805.0,5934615.0,100,100,1.0,0.5651553869247437,39.54283905029297
r68_c42,561105.0,5934615.0,100,100,1.0,0.5490882992744446,40.536495208740234
r68_c43,561405.0,5934615.0,100,100,1.0,0.3546464443206787,44.725318908691406
r68_c44,561705.0,5934615.0,100,100,1.0,0.4625271260738373,43.85200500488281
r68_c45,562005.0,5934615.0,100,100,1.0,0.3410691022872925,44.52976989746094
r68_c46,562305.0,5934615.0,100,100,1.0,0.5465719103813171,42.00563430786133
r68_c47,562605.0,5934615.0,100,100,1.0,0.6119284629821777,40.12065887451172
r68_c48,562905.0,5934615.0,100,100,1.0,0.5468801856040955,40.758636474609375
r68_c49,563205.0,5934615.0,100,100,1.0,0.5926647782325745,39.497562408447266
r68_c59,566205.0,5934615.0,100,76,0.76,0.45376190543174744,37.65151596069336
r68_c60,566505.0,5934615.0,100,100,1.0,0.3189553916454315,43.154701232910156
r68_c61,566805.0,5934615.0,100,93,0.93,0.3347373604774475,44.697322845458984
r68_c62,567105.0,5934615.0,100,100,1.0,0.43092069029808044,43.09054183959961
r68_c63,567405.0,5934615.0,100,98,0.98,0.38190075755119324,42.83635711669922
r68_c64,567705.0,5934615.0,100,100,1.0,0.4237881898880005,42.21348190307617
r68_c65,568005.0,5934615.0,100,100,1.0,0.43931522965431213,42.779296875
r68_c66,568305.0,5934615.0,100,100,1.0,0.557599663734436,41.795902252197266
r68_c67,568605.0,5934615.0,100,100,1.0,0.5620023012161255,40.629058837890625
r68_c68,568905.0,5934615.0,100,100,1.0,0.5324876308441162,40.63859558105469
r68_c69,569205.0,5934615.0,100,100,1.0,0.6782190203666687,37.970008850097656
r68_c70,569505.0,5934615.0,100,100,1.0,0.6677854061126709,38.35566711425781
r68_c71,569805.0,5934615.0,100,100,1.0,0.6399955153465271,38.47868347167969
r68_c72,570105.0,5934615.0,100,100,1.0,0.7028722167015076,37.31385803222656
r68_c73,570405.0,5934615.0,100,100,1.0,0.6270740032196045,39.986366271972656
r68_c74,570705.0,5934615.0,100,100,1.0,0.6489091515541077,39.445125579833984
r68_c75,571005.0,5934615.0,100,100,1.0,0.5508173108100891,39.9530143737793
r68_c76,571305.0,5934615.0,100,100,1.0,0.6804338693618774,38.3661994934082
r68_c77,571605.0,5934615.0,100,100,1.0,0.5446682572364807,39.83576965332031
r68_c78,571905.0,5934615.0,100,100,1.0,0.6805725693702698,37.60581970214844
r68_c79,572205.0,5934615.0,100,100,1.0,0.5834078788757324,37.24063491821289
r68_c80,572505.0,5934615.0,100,100,1.0,0.6256188154220581,37.47357940673828
r68_c81,572805.0,5934615.0,100,99,0.99,0.6857255697250366,36.65873718261719
r68_c82,573105.0,5934615.0,100,100,1.0,0.6097012162208557,38.343162536621094
r68_c83,573405.0,5934615.0,100,100,1.0,0.666858434677124,37.79887390136719
r68_c84,573705.0,5934615.0,100,100,1.0,0.5407371520996094,40.093936920166016
r68_c85,574005.0,5934615.0,100,100,1.0,0.6232237815856934,38.22274398803711
r68_c86,574305.0,5934615.0,100,100,1.0,0.7981147170066833,32.90843200683594
r68_c87,574605.0,5934615.0,100,100,1.0,0.8022775053977966,32.730621337890625
r68_c88,574905.0,5934615.0,100,100,1.0,0.8263148665428162,31.306434631347656
r68_c89,575205.0,5934615.0,100,84,0.84,0.805435836315155,30.208850860595703
r68_c91,575805.0,5934615.0,100,100,1.0,0.7590625882148743,32.58030319213867
r68_c92,576105.0,5934615.0,100,100,1.0,0.7712810635566711,33.256011962890625
r68_c93,576405.0,5934615.0,100,100,1.0,0.6654601097106934,36.02101135253906
r69_c19,554205.0,5934315.0,100,90,0.9,0.7277858257293701,32.277244567871094
r69_c20,554505.0,5934315.0,100,95,0.95,0.6725759506225586,32.401615142822266
r69_c21,554805.0,5934315.0,100,100,1.0,0.833962082862854,30.895427703857422
r69_c22,555105.0,5934315.0,100,100,1.0,0.7845461964607239,32.23713302612305
r69_c23,555405.0,5934315.0,100,100,1.0,0.7452775835990906,33.20692825317383
r69_c24,555705.0,5934315.0,100,100,1.0,0.7413190603256226,33.287418365478516
r69_c25,556005.0,5934315.0,100,96,0.96,0.6272144317626953,37.11518096923828
r69_c26,556305.0,5934315.0,100,96,0.96,0.6823058128356934,36.78426742553711
r69_c27,556605.0,5934315.0,100,84,0.84,0.6934716105461121,36.20254898071289
r69_c31,557805.0,5934315.0,100,84,0.84,0.7458327412605286,34.29728317260742
r69_c32,558105.0,5934315.0,100,100,1.0,0.6859692931175232,36.16340637207031
r69_c33,558405.0,5934315.0,100,100,1.0,0.6617584824562073,35.79008865356445
r69_c34,558705.0,5934315.0,100,100,1.0,0.6921695470809937,35.948726654052734
r69_c35,559005.0,5934315.0,100,100,1.0,0.7160225510597229,35.82416534423828
r69_c36,559305.0,5934315.0,100,91,0.91,0.6286437511444092,37.947574615478516
r69_c37,559605.0,5934315.0,100,85,0.85,0.5519202351570129,38.408504486083984
r69_c38,559905.0,5934315.0,100,100,1.0,0.5613361597061157,38.52902603149414
r69_c39,560205.0,5934315.0,100,92,0.92,0.6145312190055847,38.686187744140625
r69_c40,560505.0,5934315.0,100,100,1.0,0.6233770847320557,38.3504753112793
r69_c41,560805.0,5934315.0,100,100,1.0,0.5365232825279236,39.62211227416992
r69_c42,561105.0,5934315.0,100,100,1.0,0.45064398646354675,40.92198181152344
r69_c43,561405.0,5934315.0,100,91,0.91,0.3868485391139984,44.02504348754883
r69_c44,561705.0,5934315.0,100,99,0.99,0.3739282488822937,44.310848236083984
r69_c45,562005.0,5934315.0,100,95,0.95,0.27090984582901,43.92832565307617
r69_c46,562305.0,5934315.0,100,100,1.0,0.5317666530609131,41.57001495361328
r69_c47,562605.0,5934315.0,100,100,1.0,0.5285607576370239,42.059303283691406
r69_c48,562905.0,5934315.0,100,95,0.95,0.4627566635608673,41.033599853515625
r69_c59,566205.0,5934315.0,100,91,0.91,0.22316612303256989,43.01811218261719
r69_c60,566505.0,5934315.0,100,91,0.91,0.1756264865398407,45.6815071105957
r69_c62,567105.0,5934315.0,100,91,0.91,0.26395168900489807,44.837215423583984
r69_c63,567405.0,5934315.0,100,98,0.98,0.3365853726863861,43.81272506713867
r69_c64,567705.0,5934315.0,100,100,1.0,0.299101322889328,43.06418991088867
r69_c65,568005.0,5934315.0,100,100,1.0,0.40964850783348083,42.03892135620117
r69_c66,568305.0,5934315.0,100,100,1.0,0.3652889132499695,41.81699752807617
r69_c67,568605.0,5934315.0,100,93,0.93,0.3792053163051605,42.31669616699219
r69_c68,568905.0,5934315.0,100,100,1.0,0.5071849822998047,42.03369140625
r69_c69,569205.0,5934315.0,100,99,0.99,0.5123640298843384,42.402809143066406
r69_c70,569505.0,5934315.0,100,98,0.98,0.500712513923645,41.65139389038086
r69_c71,569805.0,5934315.0,100,100,1.0,0.6203089356422424,40.5178337097168
r69_c72,570105.0,5934315.0,100,100,1.0,0.5400218963623047,40.780242919921875
r69_c73,570405.0,5934315.0,100,100,1.0,0.5118407607078552,41.140289306640625
r69_c74,570705.0,5934315.0,100,100,1.0,0.5585596561431885,40.5619010925293
r69_c75,571005.0,5934315.0,100,99,0.99,0.5996649861335754,39.60558319091797
r69_c76,571305.0,5934315.0,100,100,1.0,0.7357482314109802,36.44044494628906
r69_c77,571605.0,5934315.0,100,100,1.0,0.5903680324554443,39.75824737548828
r69_c78,571905.0,5934315.0,100,100,1.0,0.4717855751514435,41.133216857910156
r69_c79,572205.0,5934315.0,100,100,1.0,0.5660787224769592,39.37297058105469
r69_c80,572505.0,5934315.0,100,100,1.0,0.6182986497879028,39.34685134887695
r69_c81,572805.0,5934315.0,100,100,1.0,0.6064358353614807,40.091190338134766
r69_c82,573105.0,5934315.0,100,100,1.0,0.5813789367675781,39.454898834228516
r69_c83,573405.0,5934315.0,100,100,1.0,0.6280092597007751,38.223121643066406
r69_c84,573705.0,5934315.0,100,100,1.0,0.6677094101905823,37.263301849365234
r69_c85,574005.0,5934315.0,100,100,1.0,0.7657842040061951,34.24422836303711
r69_c86,574305.0,5934315.0,100,100,1.0,0.7550296783447266,33.3020133972168
r69_c87,574605.0,5934315.0,100,100,1.0,0.7743423581123352,33.21174240112305
r69_c88,574905.0,5934315.0,100,100,1.0,0.7070868611335754,33.28300857543945
r69_c89,575205.0,5934315.0,100,99,0.99,0.8019675612449646,31.724281311035156
r69_c90,575505.0,5934315.0,100,100,1.0,0.8385387659072876,31.29796600341797
r69_c91,575805.0,5934315.0,100,100,1.0,0.8025578260421753,31.146512985229492
r69_c92,576105.0,5934315.0,100,98,0.98,0.728851854801178,34.58466339111328
r69_c93,576405.0,5934315.0,86,86,1.0,0.7149863243103027,36.66987228393555
r70_c26,556305.0,5934015.0,100,76,0.76,0.6145002245903015,36.53390884399414
r70_c33,558405.0,5934015.0,100,95,0.95,0.7051409482955933,35.060935974121094
r70_c34,558705.0,5934015.0,100,94,0.94,0.6973778605461121,36.012664794921875
r70_c47,562605.0,5934015.0,100,77,0.77,0.36553117632865906,43.31891632080078
r70_c58,565905.0,5934015.0,100,94,0.94,0.13477489352226257,43.88018798828125
r70_c59,566205.0,5934015.0,100,98,0.98,0.2754717767238617,43.901275634765625
r70_c60,566505.0,5934015.0,100,100,1.0,0.177170068025589,44.567806243896484
r70_c61,566805.0,5934015.0,100,100,1.0,0.18983511626720428,44.86678695678711
r70_c62,567105.0,5934015.0,100,100,1.0,0.35335060954093933,42.569190979003906
r70_c63,567405.0,5934015.0,100,98,0.98,0.2893095314502716,43.450233459472656
r70_c64,567705.0,5934015.0,100,100,1.0,0.2603195309638977,44.82993698120117
r70_c65,568005.0,5934015.0,100,84,0.84,0.22151419520378113,45.095218658447266
r70_c66,568305.0,5934015.0,100,93,0.93,0.41588398814201355,42.589073181152344
r70_c67,568605.0,5934015.0,100,91,0.91,0.2962002456188202,44.444969177246094
r70_c68,568905.0,5934015.0,100,85,0.85,0.3407038748264313,44.44038391113281
r70_c69,569205.0,5934015.0,100,95,0.95,0.3165224492549896,44.83032989501953
r70_c70,569505.0,5934015.0,100,100,1.0,0.2664170265197754,43.65848159790039
r70_c71,569805.0,5934015.0,100,94,0.94,0.3181285560131073,43.259464263916016
r70_c72,570105.0,5934015.0,100,99,0.99,0.4530617296695709,41.030067443847656
r70_c73,570405.0,5934015.0,100,100,1.0,0.5144888162612915,39.03564453125
r70_c74,570705.0,5934015.0,100,100,1.0,0.5668838024139404,38.569732666015625
r70_c75,571005.0,5934015.0,100,100,1.0,0.6609429121017456,37.641815185546875
r70_c76,571305.0,5934015.0,100,100,1.0,0.5376073122024536,40.792137145996094
r70_c77,571605.0,5934015.0,100,100,1.0,0.5285898447036743,41.61505889892578
r70_c78,571905.0,5934015.0,100,100,1.0,0.5428487658500671,41.115074157714844
r70_c79,572205.0,5934015.0,100,100,1.0,0.6014320254325867,39.6014289855957
r70_c80,572505.0,5934015.0,100,100,1.0,0.6504538655281067,39.3430290222168
r70_c81,572805.0,5934015.0,100,98,0.98,0.47332093119621277,41.176631927490234
r70_c82,573105.0,5934015.0,100,100,1.0,0.6156125068664551,39.102813720703125
r70_c83,573405.0,5934015.0,100,100,1.0,0.5911662578582764,39.25196838378906
r70_c84,573705.0,5934015.0,100,100,1.0,0.6110855340957642,39.43247604370117
r70_c85,574005.0,5934015.0,100,100,1.0,0.636245608329773,38.11479568481445
r70_c86,574305.0,5934015.0,100,100,1.0,0.546664297580719,36.724552154541016
r70_c87,574605.0,5934015.0,100,100,1.0,0.6063350439071655,35.4895133972168
r70_c88,574905.0,5934015.0,100,100,1.0,0.6252020001411438,34.3104362487793
r70_c89,575205.0,5934015.0,100,100,1.0,0.7295230031013489,34.83541488647461
r70_c90,575505.0,5934015.0,100,100,1.0,0.7208607196807861,33.48273468017578
r70_c91,575805.0,5934015.0,100,100,1.0,0.7840113043785095,33.625221252441406
r70_c92,576105.0,5934015.0,95,95,1.0,0.7562527060508728,34.9503173828125
r71_c62,567105.0,5933715.0,100,92,0.92,0.305727481842041,42.84209060668945
r71_c63,567405.0,5933715.0,100,89,0.89,0.3199838101863861,42.46281433105469
r71_c64,567705.0,5933715.0,100,100,1.0,0.28098756074905396,43.60646438598633
r71_c65,568005.0,5933715.0,100,100,1.0,0.18922355771064758,43.95307540893555
r71_c66,568305.0,5933715.0,100,99,0.99,0.4012117087841034,40.16530990600586
r71_c67,568605.0,5933715.0,100,97,0.97,0.34034159779548645,44.02748107910156
r71_c68,568905.0,5933715.0,100,75,0.75,0.24973200261592865,44.98347473144531
r71_c69,569205.0,5933715.0,100,93,0.93,0.27847155928611755,45.85820388793945
r71_c70,569505.0,5933715.0,100,100,1.0,0.20121459662914276,46.3028678894043
r71_c71,569805.0,5933715.0,100,95,0.95,0.47762632369995117,42.44742965698242
r71_c72,570105.0,5933715.0,100,100,1.0,0.5694161653518677,39.947471618652344
r71_c73,570405.0,5933715.0,100,100,1.0,0.6232526302337646,38.224517822265625
r71_c74,570705.0,5933715.0,100,100,1.0,0.6966173648834229,37.941410064697266
r71_c75,571005.0,5933715.0,100,100,1.0,0.6983405947685242,37.3740234375
r71_c76,571305.0,5933715.0,100,100,1.0,0.585559070110321,38.198753356933594
r71_c77,571605.0,5933715.0,100,95,0.95,0.7380307912826538,36.078617095947266
r71_c78,571905.0,5933715.0,100,100,1.0,0.5814681053161621,39.498619079589844
r71_c79,572205.0,5933715.0,100,100,1.0,0.6794888973236084,38.80873107910156
r71_c80,572505.0,5933715.0,100,91,0.91,0.6171663999557495,40.60150146484375
r71_c81,572805.0,5933715.0,100,99,0.99,0.5649791955947876,39.602439880371094
r71_c82,573105.0,5933715.0,100,100,1.0,0.651019811630249,38.95805740356445
r71_c83,573405.0,5933715.0,100,100,1.0,0.5418246388435364,40.0894889831543
r71_c84,573705.0,5933715.0,100,100,1.0,0.5211686491966248,41.060455322265625
r71_c85,574005.0,5933715.0,100,100,1.0,0.542346715927124,42.2414436340332
r71_c86,574305.0,5933715.0,100,100,1.0,0.6776691675186157,36.575286865234375
r71_c87,574605.0,5933715.0,100,100,1.0,0.6768429279327393,35.92483139038086
r71_c88,574905.0,5933715.0,100,100,1.0,0.7445176839828491,35.22087097167969
r71_c89,575205.0,5933715.0,100,100,1.0,0.6523799300193787,37.58914566040039
r71_c90,575505.0,5933715.0,100,100,1.0,0.6016213893890381,37.61631393432617
r71_c91,575805.0,5933715.0,100,100,1.0,0.6995201110839844,37.10993576049805
r72_c63,567405.0,5933415.0,100,90,0.9,0.35033470392227173,42.769962310791016
r72_c64,567705.0,5933415.0,100,92,0.92,0.395904541015625,42.23421096801758
r72_c65,568005.0,5933415.0,100,89,0.89,0.2523411214351654,43.850135803222656
r72_c66,568305.0,5933415.0,100,99,0.99,0.33975836634635925,41.963497161865234
r72_c67,568605.0,5933415.0,100,100,1.0,0.36129966378211975,43.56633377075195
r72_c68,568905.0,5933415.0,100,86,0.86,0.23135967552661896,45.05070114135742
r72_c71,569805.0,5933415.0,100,91,0.91,0.5498830080032349,39.900508880615234
r72_c72,570105.0,5933415.0,100,92,0.92,0.6510316729545593,37.93741989135742
r72_c73,570405.0,5933415.0,100,97,0.97,0.631538450717926,37.50779724121094
r72_c74,570705.0,5933415.0,100,96,0.96,0.6816601753234863,37.821964263916016
r72_c75,571005.0,5933415.0,100,100,1.0,0.696698009967804,37.51084899902344
r72_c76,571305.0,5933415.0,100,100,1.0,0.7048254609107971,37.590965270996094
r72_c77,571605.0,5933415.0,100,100,1.0,0.6459082961082458,39.06682205200195
r72_c78,571905.0,5933415.0,100,100,1.0,0.47260409593582153,42.257816314697266
r72_c79,572205.0,5933415.0,100,100,1.0,0.6007080078125,41.39240264892578
r72_c80,572505.0,5933415.0,100,100,1.0,0.643848717212677,40.23383331298828
r72_c81,572805.0,5933415.0,100,94,0.94,0.5624726414680481,41.48627471923828
r72_c82,573105.0,5933415.0,100,100,1.0,0.5318305492401123,40.94645309448242
r72_c83,573405.0,5933415.0,100,100,1.0,0.5807668566703796,40.271427154541016
r72_c84,573705.0,5933415.0,100,99,0.99,0.5962612628936768,40.423561096191406
r72_c85,574005.0,5933415.0,100,100,1.0,0.6059114336967468,40.079063415527344
r72_c86,574305.0,5933415.0,100,100,1.0,0.6979546546936035,35.9288330078125
r72_c87,574605.0,5933415.0,100,89,0.89,0.6385335326194763,37.58272171020508
r72_c88,574905.0,5933415.0,100,100,1.0,0.7047157287597656,37.65162658691406
r72_c89,575205.0,5933415.0,100,100,1.0,0.6701118350028992,38.16624069213867
r72_c90,575505.0,5933415.0,100,100,1.0,0.6057950854301453,39.70536422729492
r72_c91,575805.0,5933415.0,100,99,0.99,0.6344308257102966,38.36357116699219
r72_c92,576105.0,5933415.0,99,96,0.9696969696969697,0.6272071003913879,38.255340576171875
r73_c64,567705.0,5933115.0,100,90,0.9,0.2044924646615982,46.383792877197266
r73_c65,568005.0,5933115.0,100,89,0.89,0.2974483370780945,43.75962448120117
r73_c66,568305.0,5933115.0,100,96,0.96,0.3271123468875885,41.43893814086914
r73_c67,568605.0,5933115.0,100,96,0.96,0.36896398663520813,41.32059097290039
r73_c68,568905.0,5933115.0,100,84,0.84,0.24979053437709808,42.1435546875
r73_c69,569205.0,5933115.0,100,98,0.98,0.32518723607063293,42.902835845947266
r73_c70,569505.0,5933115.0,100,93,0.93,0.30494850873947144,45.336639404296875
r73_c71,569805.0,5933115.0,100,93,0.93,0.4051528573036194,41.80784606933594
r73_c72,570105.0,5933115.0,100,100,1.0,0.6188889145851135,40.12065505981445
r73_c73,570405.0,5933115.0,100,100,1.0,0.6814491748809814,38.20555114746094
r73_c74,570705.0,5933115.0,100,96,0.96,0.6305161118507385,37.505226135253906
r73_c75,571005.0,5933115.0,100,100,1.0,0.6986708045005798,37.59109878540039
r73_c76,571305.0,5933115.0,100,100,1.0,0.6789498329162598,38.133880615234375
r73_c77,571605.0,5933115.0,100,100,1.0,0.630804717540741,39.31254577636719
r73_c78,571905.0,5933115.0,100,99,0.99,0.3147779703140259,45.80742645263672
r73_c79,572205.0,5933115.0,100,97,0.97,0.33726197481155396,46.97599411010742
r73_c80,572505.0,5933115.0,100,98,0.98,0.47378721833229065,44.14790344238281
r73_c81,572805.0,5933115.0,100,99,0.99,0.4927504062652588,42.39220428466797
r73_c82,573105.0,5933115.0,100,92,0.92,0.44444331526756287,44.027099609375
r73_c83,573405.0,5933115.0,100,86,0.86,0.4690549075603485,42.22205352783203
r73_c84,573705.0,5933115.0,100,99,0.99,0.5864679217338562,40.1385498046875
r73_c85,574005.0,5933115.0,100,98,0.98,0.6001225113868713,38.8491325378418
r73_c86,574305.0,5933115.0,100,100,1.0,0.663570761680603,39.3654899597168
r73_c87,574605.0,5933115.0,100,100,1.0,0.6152843832969666,39.61106872558594
r73_c88,574905.0,5933115.0,100,92,0.92,0.5305875539779663,40.2552375793457
r73_c89,575205.0,5933115.0,100,100,1.0,0.5737654566764832,42.18097686767578
r73_c90,575505.0,5933115.0,100,99,0.99,0.5970717668533325,39.63071823120117
r73_c91,575805.0,5933115.0,100,99,0.99,0.646630048751831,37.88200759887695
r73_c92,576105.0,5933115.0,100,100,1.0,0.7338907718658447,35.12379837036133
r74_c18,553905.0,5932815.0,100,88,0.88,0.2463843673467636,39.521080017089844
r74_c68,568905.0,5932815.0,100,99,0.99,0.4319838285446167,42.172969818115234
r74_c69,569205.0,5932815.0,100,89,0.89,0.2892548739910126,44.78414535522461
r74_c70,569505.0,5932815.0,100,81,0.81,0.2157989740371704,44.76213836669922
r74_c71,569805.0,5932815.0,100,88,0.88,0.34661367535591125,44.41362380981445
r74_c72,570105.0,5932815.0,100,97,0.97,0.3262491524219513,42.81351852416992
r74_c73,570405.0,5932815.0,100,89,0.89,0.4225172698497772,41.275028228759766
r74_c74,570705.0,5932815.0,100,92,0.92,0.5890579223632812,38.68132400512695
r74_c75,571005.0,5932815.0,100,100,1.0,0.6570919752120972,39.04391860961914
r74_c76,571305.0,5932815.0,100,100,1.0,0.6749059557914734,38.25514602661133
r74_c77,571605.0,5932815.0,100,94,0.94,0.5554662942886353,40.08150100708008
r74_c78,571905.0,5932815.0,100,86,0.86,0.2875596284866333,43.45448303222656
r74_c79,572205.0,5932815.0,100,96,0.96,0.36666592955589294,45.77508544921875
r74_c80,572505.0,5932815.0,100,78,0.78,0.214970663189888,48.13982009887695
r74_c81,572805.0,5932815.0,100,94,0.94,0.4960964620113373,41.283817291259766
r74_c82,573105.0,5932815.0,100,87,0.87,0.44996896386146545,42.36148452758789
r74_c83,573405.0,5932815.0,100,97,0.97,0.431399941444397,42.679405212402344
r74_c84,573705.0,5932815.0,100,100,1.0,0.48584920167922974,41.85350036621094
r74_c85,574005.0,5932815.0,100,100,1.0,0.6971478462219238,37.2575569152832
r74_c86,574305.0,5932815.0,100,96,0.96,0.5557068586349487,40.411895751953125
r74_c87,574605.0,5932815.0,100,100,1.0,0.6045385599136353,40.131900787353516
r74_c88,574905.0,5932815.0,100,100,1.0,0.5892375111579895,39.755882263183594
r74_c89,575205.0,5932815.0,100,98,0.98,0.5905754566192627,39.21607971191406
r74_c90,575505.0,5932815.0,100,100,1.0,0.5903981328010559,39.41244125366211
r74_c91,575805.0,5932815.0,100,98,0.98,0.6280613541603088,37.775184631347656
r74_c92,576105.0,5932815.0,100,100,1.0,0.5822937488555908,39.7412223815918
r75_c74,570705.0,5932515.0,100,98,0.98,0.3060344457626343,43.26762390136719
r75_c75,571005.0,5932515.0,100,92,0.92,0.42582470178604126,39.416236877441406
r75_c76,571305.0,5932515.0,100,91,0.91,0.3518615961074829,41.33671188354492
r75_c77,571605.0,5932515.0,100,100,1.0,0.19605045020580292,48.272125244140625
r75_c78,571905.0,5932515.0,100,81,0.81,0.19075997173786163,48.92271041870117
r75_c79,572205.0,5932515.0,100,96,0.96,0.1889980435371399,49.6456298828125
r75_c80,572505.0,5932515.0,100,89,0.89,0.23627912998199463,45.067535400390625
r75_c81,572805.0,5932515.0,100,82,0.82,0.22113807499408722,46.917362213134766
r75_c82,573105.0,5932515.0,100,80,0.8,0.3746244013309479,42.5040283203125
r75_c83,573405.0,5932515.0,100,100,1.0,0.5872808694839478,39.49431228637695
r75_c84,573705.0,5932515.0,100,100,1.0,0.7069125175476074,37.2168083190918
r75_c85,574005.0,5932515.0,100,100,1.0,0.5726391673088074,39.440616607666016
r75_c86,574305.0,5932515.0,100,100,1.0,0.5573198795318604,39.7417106628418
r75_c87,574605.0,5932515.0,100,98,0.98,0.6466215252876282,39.75971603393555
r75_c88,574905.0,5932515.0,100,99,0.99,0.5789310932159424,39.885337829589844
r75_c89,575205.0,5932515.0,100,100,1.0,0.6622440814971924,38.9737434387207
r75_c90,575505.0,5932515.0,100,100,1.0,0.6788971424102783,36.70756149291992
r75_c91,575805.0,5932515.0,100,100,1.0,0.7527511119842529,34.006813049316406
r75_c92,576105.0,5932515.0,100,100,1.0,0.7382161617279053,34.9309196472168
r75_c93,576405.0,5932515.0,95,95,1.0,0.7256928086280823,33.84696578979492
r75_c94,576705.0,5932515.0,89,89,1.0,0.7767530083656311,32.34789276123047
r75_c95,577005.0,5932515.0,100,100,1.0,0.7170732021331787,32.469661712646484
r75_c96,577305.0,5932515.0,93,93,1.0,0.588281512260437,33.67028045654297
r76_c75,571005.0,5932215.0,100,92,0.92,0.41857072710990906,40.382606506347656
r76_c76,571305.0,5932215.0,100,97,0.97,0.22436712682247162,43.97120666503906
r76_c77,571605.0,5932215.0,100,99,0.99,0.289157897233963,43.44550323486328
r76_c78,571905.0,5932215.0,100,85,0.85,0.22150637209415436,47.00731658935547
r76_c79,572205.0,5932215.0,100,96,0.96,0.12059089541435242,49.7753791809082
r76_c80,572505.0,5932215.0,100,80,0.8,0.15605683624744415,50.1146354675293
r76_c81,572805.0,5932215.0,100,90,0.9,0.1807047724723816,48.507442474365234
r76_c83,573405.0,5932215.0,100,97,0.97,0.39491063356399536,44.96172332763672
r76_c84,573705.0,5932215.0,100,100,1.0,0.6712954044342041,36.3775520324707
r76_c85,574005.0,5932215.0,100,99,0.99,0.5897004008293152,39.44700622558594
r76_c86,574305.0,5932215.0,100,100,1.0,0.6322105526924133,40.00013732910156
r76_c87,574605.0,5932215.0,100,100,1.0,0.6055837869644165,39.840274810791016
r76_c88,574905.0,5932215.0,100,98,0.98,0.6104874610900879,39.096134185791016
r76_c89,575205.0,5932215.0,100,100,1.0,0.7193784117698669,35.645992279052734
r76_c90,575505.0,5932215.0,100,100,1.0,0.7179224491119385,35.423587799072266
r76_c91,575805.0,5932215.0,100,100,1.0,0.6503468155860901,37.3551139831543
r76_c92,576105.0,5932215.0,100,100,1.0,0.6547867655754089,39.058101654052734
r76_c93,576405.0,5932215.0,100,100,1.0,0.6641682386398315,36.710479736328125
r76_c94,576705.0,5932215.0,100,100,1.0,0.8047043681144714,31.762128829956055
r76_c95,577005.0,5932215.0,100,100,1.0,0.7789308428764343,31.13426971435547
r77_c42,561105.0,5931915.0,100,94,0.94,0.18619996309280396,42.613529205322266
r77_c76,571305.0,5931915.0,100,96,0.96,0.246847465634346,44.59547805786133
r77_c77,571605.0,5931915.0,100,82,0.82,0.17164503037929535,46.0453987121582
r77_c78,571905.0,5931915.0,100,88,0.88,0.19652043282985687,45.194679260253906
r77_c79,572205.0,5931915.0,100,84,0.84,0.23902975022792816,45.243167877197266
r77_c80,572505.0,5931915.0,100,100,1.0,0.27775657176971436,44.98258972167969
r77_c81,572805.0,5931915.0,100,100,1.0,0.29652518033981323,46.89814758300781
r77_c82,573105.0,5931915.0,100,95,0.95,0.2544170320034027,47.037899017333984
r77_c83,573405.0,5931915.0,100,100,1.0,0.41052401065826416,43.941524505615234
r77_c84,573705.0,5931915.0,100,74,0.74,0.4221997559070587,40.75783157348633
r77_c85,574005.0,5931915.0,100,85,0.85,0.4927172064781189,39.96466827392578
r77_c86,574305.0,5931915.0,100,98,0.98,0.6394422650337219,37.6761589050293
r77_c87,574605.0,5931915.0,100,100,1.0,0.5533535480499268,40.00633239746094
r77_c88,574905.0,5931915.0,100,100,1.0,0.658454179763794,37.503936767578125
r77_c89,575205.0,5931915.0,100,99,0.99,0.742868185043335,35.49519348144531
r77_c90,575505.0,5931915.0,100,99,0.99,0.6204197406768799,38.90571594238281
r77_c91,575805.0,5931915.0,100,96,0.96,0.6943891644477844,38.199405670166016
r77_c92,576105.0,5931915.0,100,92,0.92,0.5392923951148987,41.119895935058594
r77_c93,576405.0,5931915.0,100,100,1.0,0.5335090756416321,40.057186126708984
r77_c94,576705.0,5931915.0,100,100,1.0,0.7841090559959412,32.9697151184082
r77_c95,577005.0,5931915.0,91,91,1.0,0.8108048439025879,31.442245483398438
r78_c17,553605.0,5931615.0,100,81,0.81,0.5794157385826111,32.150360107421875
r78_c18,553905.0,5931615.0,100,77,0.77,0.5148645639419556,31.646766662597656
r78_c19,554205.0,5931615.0,100,94,0.94,0.4515102803707123,34.710636138916016
r78_c60,566505.0,5931615.0,100,73,0.73,0.07534384727478027,41.169803619384766
r78_c61,566805.0,5931615.0,100,90,0.9,0.06567198783159256,46.36690139770508
r78_c76,571305.0,5931615.0,100,91,0.91,0.3128049373626709,43.54899978637695
r78_c77,571605.0,5931615.0,100,91,0.91,0.3140363097190857,42.24665832519531
r78_c78,571905.0,5931615.0,100,83,0.83,0.2625983655452728,41.09257507324219
r78_c80,572505.0,5931615.0,100,83,0.83,0.1861194670200348,45.136505126953125
r78_c81,572805.0,5931615.0,100,88,0.88,0.20302434265613556,45.25581359863281
r78_c83,573405.0,5931615.0,100,83,0.83,0.38083943724632263,44.89414978027344
r78_c85,574005.0,5931615.0,100,96,0.96,0.7165320515632629,33.79175567626953
r78_c86,574305.0,5931615.0,100,100,1.0,0.8718104362487793,31.401351928710938
r78_c87,574605.0,5931615.0,100,97,0.97,0.7675052285194397,33.37970733642578
r78_c88,574905.0,5931615.0,100,100,1.0,0.6725918650627136,35.806846618652344
r78_c89,575205.0,5931615.0,100,97,0.97,0.6137875318527222,37.7560920715332
r78_c90,575505.0,5931615.0,100,100,1.0,0.6016716957092285,39.388309478759766
r78_c91,575805.0,5931615.0,100,71,0.71,0.605224072933197,39.00192642211914
r78_c93,576405.0,5931615.0,100,100,1.0,0.5525660514831543,40.47138595581055
r78_c94,576705.0,5931615.0,100,100,1.0,0.749433159828186,37.248294830322266
r79_c16,553305.0,5931315.0,100,75,0.75,0.7971879839897156,31.102848052978516
r79_c17,553605.0,5931315.0,100,100,1.0,0.7405206561088562,32.40529251098633
r79_c18,553905.0,5931315.0,100,100,1.0,0.7152655124664307,33.943607330322266
r79_c19,554205.0,5931315.0,100,96,0.96,0.5458807349205017,38.53895950317383
r79_c20,554505.0,5931315.0,100,99,0.99,0.5120072364807129,39.087425231933594
r79_c27,556605.0,5931315.0,100,82,0.82,0.6953179836273193,33.7694091796875
r79_c28,556905.0,5931315.0,100,100,1.0,0.6966320872306824,34.187801361083984
r79_c29,557205.0,5931315.0,100,100,1.0,0.6865098476409912,35.37511444091797
r79_c30,557505.0,5931315.0,100,100,1.0,0.7495116591453552,33.28232955932617
r79_c31,557805.0,5931315.0,100,81,0.81,0.7817139029502869,32.163692474365234
r79_c39,560205.0,5931315.0,100,98,0.98,0.1570395678281784,45.00119400024414
r79_c40,560505.0,5931315.0,100,85,0.85,0.07498239725828171,44.99140930175781
r79_c48,562905.0,5931315.0,100,88,0.88,0.08698964864015579,50.10726547241211
r79_c55,565005.0,5931315.0,100,84,0.84,0.21208837628364563,43.90827178955078
r79_c56,565305.0,5931315.0,100,87,0.87,0.16853708028793335,46.31184768676758
r79_c57,565605.0,5931315.0,100,87,0.87,0.15810561180114746,46.147159576416016
r79_c58,565905.0,5931315.0,100,90,0.9,0.13391250371932983,48.58164978027344
r79_c59,566205.0,5931315.0,100,84,0.84,0.18553955852985382,45.98849868774414
r79_c77,571605.0,5931315.0,100,76,0.76,0.24412976205348969,44.37935256958008
r79_c78,571905.0,5931315.0,100,89,0.89,0.2602632939815521,41.88954162597656
r79_c79,572205.0,5931315.0,100,77,0.77,0.16352224349975586,46.022037506103516
r79_c80,572505.0,5931315.0,100,83,0.83,0.13895057141780853,48.03840255737305
r79_c81,572805.0,5931315.0,100,82,0.82,0.17530539631843567,46.02617263793945
r79_c83,573405.0,5931315.0,100,83,0.83,0.5370643734931946,38.212459564208984
r79_c84,573705.0,5931315.0,100,91,0.91,0.7781318426132202,33.87438201904297
r79_c85,574005.0,5931315.0,100,100,1.0,0.8736544847488403,31.388809204101562
r79_c86,574305.0,5931315.0,100,100,1.0,0.8410860300064087,32.67573165893555
r79_c87,574605.0,5931315.0,100,100,1.0,0.8559013605117798,30.560287475585938
r79_c88,574905.0,5931315.0,100,96,0.96,0.7426987290382385,33.960201263427734
r79_c89,575205.0,5931315.0,100,100,1.0,0.7856671214103699,33.26277542114258
r79_c90,575505.0,5931315.0,100,99,0.99,0.7104304432868958,35.74601364135742
r79_c91,575805.0,5931315.0,100,93,0.93,0.6395718455314636,38.44599533081055
r79_c92,576105.0,5931315.0,100,98,0.98,0.6467788219451904,37.52110290527344
r79_c93,576405.0,5931315.0,100,94,0.94,0.6346280574798584,39.71828079223633
r79_c94,576705.0,5931315.0,100,100,1.0,0.7731453776359558,34.12329864501953
r80_c15,553005.0,5931015.0,100,95,0.95,0.71474689245224,33.40622329711914
r80_c16,553305.0,5931015.0,100,74,0.74,0.7469749450683594,31.635822296142578
r80_c17,553605.0,5931015.0,100,99,0.99,0.7770015001296997,31.690343856811523
r80_c18,553905.0,5931015.0,100,95,0.95,0.5745149850845337,36.815147399902344
r80_c19,554205.0,5931015.0,100,98,0.98,0.6258072257041931,36.30626678466797
r80_c20,554505.0,5931015.0,100,99,0.99,0.7056044936180115,33.4081916809082
r80_c26,556305.0,5931015.0,100,73,0.73,0.7870377898216248,32.138118743896484
r80_c27,556605.0,5931015.0,100,100,1.0,0.751497745513916,32.38071823120117
r80_c28,556905.0,5931015.0,100,100,1.0,0.7407380938529968,32.61977767944336
r80_c29,557205.0,5931015.0,100,100,1.0,0.7263601422309875,33.30963897705078
r80_c30,557505.0,5931015.0,100,100,1.0,0.6995345950126648,33.99799728393555
r80_c31,557805.0,5931015.0,100,84,0.84,0.7665798664093018,32.779029846191406
r80_c39,560205.0,5931015.0,100,100,1.0,0.21442033350467682,44.485504150390625
r80_c40,560505.0,5931015.0,100,100,1.0,0.1316220909357071,44.7711181640625
r80_c48,562905.0,5931015.0,100,83,0.83,0.11233904212713242,48.981204986572266
r80_c54,564705.0,5931015.0,100,75,0.75,0.32514703273773193,37.8071403503418
r80_c55,565005.0,5931015.0,100,78,0.78,0.44928407669067383,37.5284423828125
r80_c56,565305.0,5931015.0,100,92,0.92,0.3148631155490875,40.76033401489258
r80_c57,565605.0,5931015.0,100,87,0.87,0.2513115406036377,41.47114562988281
r80_c58,565905.0,5931015.0,100,76,0.76,0.3545593023300171,40.77261734008789
r80_c59,566205.0,5931015.0,100,78,0.78,0.22432853281497955,42.87917709350586
r80_c60,566505.0,5931015.0,100,95,0.95,0.18672676384449005,41.876121520996094
r80_c61,566805.0,5931015.0,100,76,0.76,0.2548358142375946,38.7928581237793
r80_c63,567405.0,5931015.0,100,77,0.77,0.4696730673313141,40.39509201049805
r80_c78,571905.0,5931015.0,100,96,0.96,0.2448400855064392,45.79413986206055
r80_c79,572205.0,5931015.0,100,97,0.97,0.3244796097278595,44.58369064331055
r80_c80,572505.0,5931015.0,100,97,0.97,0.1893552839756012,46.41519546508789
r80_c81,572805.0,5931015.0,100,81,0.81,0.0829358622431755,49.51829147338867
r80_c82,573105.0,5931015.0,100,87,0.87,0.2865940034389496,42.35783767700195
r80_c84,573705.0,5931015.0,100,84,0.84,0.641094446182251,35.883567810058594
r80_c85,574005.0,5931015.0,100,98,0.98,0.6354633569717407,38.58542251586914
r80_c86,574305.0,5931015.0,100,100,1.0,0.7540194988250732,35.12713623046875
r80_c87,574605.0,5931015.0,100,100,1.0,0.782122015953064,33.193939208984375
r80_c88,574905.0,5931015.0,100,100,1.0,0.8023115396499634,33.01487731933594
r80_c89,575205.0,5931015.0,100,100,1.0,0.8669441938400269,31.402759552001953
r80_c90,575505.0,5931015.0,100,90,0.9,0.8036450147628784,31.065750122070312
r80_c91,575805.0,5931015.0,100,98,0.98,0.722858726978302,34.42499542236328
r80_c92,576105.0,5931015.0,100,97,0.97,0.673250675201416,37.13752365112305
r80_c93,576405.0,5931015.0,100,89,0.89,0.6404566168785095,39.83757781982422
r80_c94,576705.0,5931015.0,100,100,1.0,0.735454261302948,35.12214279174805
r80_c95,577005.0,5931015.0,81,80,0.9876543209876543,0.6818545460700989,35.78351974487305
r81_c13,552405.0,5930715.0,100,100,1.0,0.8290551900863647,30.534038543701172
r81_c14,552705.0,5930715.0,100,100,1.0,0.8151076436042786,31.006059646606445
r81_c15,553005.0,5930715.0,100,100,1.0,0.7264676690101624,32.973445892333984
r81_c16,553305.0,5930715.0,100,100,1.0,0.7261450886726379,32.999046325683594
r81_c17,553605.0,5930715.0,100,100,1.0,0.7206549048423767,33.38316345214844
r81_c18,553905.0,5930715.0,100,100,1.0,0.7152794599533081,33.92768478393555
r81_c19,554205.0,5930715.0,100,100,1.0,0.7586421370506287,32.90791320800781
r81_c20,554505.0,5930715.0,100,100,1.0,0.7717587947845459,32.01088333129883
r81_c22,555105.0,5930715.0,100,80,0.8,0.702662467956543,32.4631233215332
r81_c23,555405.0,5930715.0,100,89,0.89,0.6068011522293091,35.47394943237305
r81_c24,555705.0,5930715.0,100,84,0.84,0.602902889251709,35.08781433105469
r81_c25,556005.0,5930715.0,100,99,0.99,0.7052299976348877,33.53431701660156
r81_c26,556305.0,5930715.0,100,100,1.0,0.764188826084137,32.79119110107422
r81_c27,556605.0,5930715.0,100,100,1.0,0.7331529259681702,33.04289627075195
r81_c28,556905.0,5930715.0,100,100,1.0,0.7685162425041199,32.448707580566406
r81_c29,557205.0,5930715.0,100,100,1.0,0.8176562786102295,31.678794860839844
r81_c30,557505.0,5930715.0,100,100,1.0,0.7831830382347107,32.68287658691406
r81_c31,557805.0,5930715.0,100,93,0.93,0.7561272382736206,32.80842208862305
r81_c39,560205.0,5930715.0,100,99,0.99,0.25627097487449646,43.61073684692383
r81_c40,560505.0,5930715.0,100,99,0.99,0.2747565507888794,41.97686004638672
r81_c41,560805.0,5930715.0,100,71,0.71,0.21811655163764954,42.869102478027344
r81_c54,564705.0,5930715.0,100,82,0.82,0.3017950654029846,39.71138381958008
r81_c55,565005.0,5930715.0,100,99,0.99,0.32529208064079285,44.0377197265625
r81_c56,565305.0,5930715.0,100,82,0.82,0.6241953372955322,35.57086944580078
r81_c62,567105.0,5930715.0,100,92,0.92,0.3743440806865692,40.635318756103516
r81_c63,567405.0,5930715.0,100,82,0.82,0.5258961915969849,39.18113327026367
r81_c78,571905.0,5930715.0,100,96,0.96,0.35294994711875916,42.762638092041016
r81_c79,572205.0,5930715.0,100,92,0.92,0.3100353479385376,43.83885192871094
r81_c80,572505.0,5930715.0,100,99,0.99,0.18794584274291992,46.3215446472168
r81_c81,572805.0,5930715.0,100,71,0.71,0.15636639297008514,44.952171325683594
r81_c82,573105.0,5930715.0,100,99,0.99,0.5699233412742615,39.26123046875
r81_c83,573405.0,5930715.0,100,81,0.81,0.3114238679409027,39.91450500488281
r81_c85,574005.0,5930715.0,100,98,0.98,0.7067527174949646,34.77273178100586
r81_c86,574305.0,5930715.0,100,96,0.96,0.6870935559272766,35.25954818725586
r81_c87,574605.0,5930715.0,100,98,0.98,0.7928978204727173,34.08640670776367
r81_c88,574905.0,5930715.0,100,100,1.0,0.8335595726966858,33.297855377197266
r81_c89,575205.0,5930715.0,100,100,1.0,0.8161737322807312,33.04549789428711
r81_c90,575505.0,5930715.0,100,100,1.0,0.8557701706886292,31.313243865966797
r81_c91,575805.0,5930715.0,100,88,0.88,0.7040834426879883,30.399553298950195
r81_c92,576105.0,5930715.0,100,100,1.0,0.8815950751304626,30.625577926635742
r81_c93,576405.0,5930715.0,100,100,1.0,0.7361842393875122,35.262935638427734
r81_c94,576705.0,5930715.0,100,100,1.0,0.6819345355033875,36.355403900146484
r81_c95,577005.0,5930715.0,100,100,1.0,0.6711980700492859,34.47053909301758
r81_c96,577305.0,5930715.0,82,82,1.0,0.7195261716842651,35.37420654296875
r82_c13,552405.0,5930415.0,100,100,1.0,0.8098422884941101,31.182939529418945
r82_c14,552705.0,5930415.0,100,100,1.0,0.7912130951881409,31.72188949584961
r82_c15,553005.0,5930415.0,100,93,0.93,0.6617732644081116,34.36023712158203
r82_c16,553305.0,5930415.0,100,74,0.74,0.7495311498641968,32.08815383911133
r82_c17,553605.0,5930415.0,100,98,0.98,0.6193258166313171,35.565921783447266
r82_c18,553905.0,5930415.0,100,99,0.99,0.6103320121765137,36.58146667480469
r82_c19,554205.0,5930415.0,100,100,1.0,0.6561936736106873,34.77532196044922
r82_c20,554505.0,5930415.0,100,100,1.0,0.6869891285896301,34.21213150024414
r82_c21,554805.0,5930415.0,100,96,0.96,0.798414409160614,31.149490356445312
r82_c23,555405.0,5930415.0,100,100,1.0,0.7083268761634827,33.00041198730469
r82_c24,555705.0,5930415.0,100,100,1.0,0.7780067324638367,32.117332458496094
r82_c25,556005.0,5930415.0,100,100,1.0,0.823762059211731,30.953941345214844
r82_c26,556305.0,5930415.0,100,100,1.0,0.7141503691673279,33.246341705322266
r82_c27,556605.0,5930415.0,100,100,1.0,0.7352561354637146,33.537353515625
r82_c28,556905.0,5930415.0,100,99,0.99,0.7936539053916931,32.540771484375
r82_c29,557205.0,5930415.0,100,88,0.88,0.7195899486541748,32.23008728027344
r82_c30,557505.0,5930415.0,100,92,0.92,0.673995852470398,32.6938362121582
r82_c31,557805.0,5930415.0,100,94,0.94,0.743578314781189,32.443931579589844
r82_c40,560505.0,5930415.0,100,99,0.99,0.2743518352508545,42.42133712768555
r82_c41,560805.0,5930415.0,100,99,0.99,0.43356311321258545,39.344573974609375
r82_c50,563505.0,5930415.0,100,83,0.83,0.3207942843437195,42.13984680175781
r82_c51,563805.0,5930415.0,100,81,0.81,0.2772391140460968,41.88340759277344
r82_c53,564405.0,5930415.0,100,96,0.96,0.3686481714248657,39.44723129272461
r82_c54,564705.0,5930415.0,100,80,0.8,0.4505518078804016,38.81184005737305
r82_c55,565005.0,5930415.0,100,100,1.0,0.572120726108551,39.8531379699707
r82_c56,565305.0,5930415.0,100,100,1.0,0.6131060123443604,39.94183349609375
r82_c57,565605.0,5930415.0,100,100,1.0,0.6550296545028687,37.259544372558594
r82_c58,565905.0,5930415.0,100,100,1.0,0.7064251899719238,36.42110061645508
r82_c59,566205.0,5930415.0,100,100,1.0,0.48935794830322266,40.19804382324219
r82_c60,566505.0,5930415.0,100,82,0.82,0.2187369465827942,46.61798858642578
r82_c61,566805.0,5930415.0,100,97,0.97,0.3649105727672577,45.415443420410156
r82_c62,567105.0,5930415.0,100,100,1.0,0.6211714148521423,38.84437942504883
r82_c63,567405.0,5930415.0,100,100,1.0,0.5363146066665649,39.048221588134766
r82_c64,567705.0,5930415.0,100,100,1.0,0.4920461177825928,39.75312423706055
r82_c65,568005.0,5930415.0,100,100,1.0,0.5098239779472351,39.69529342651367
r82_c66,568305.0,5930415.0,100,88,0.88,0.2287585586309433,43.67385482788086
r82_c78,571905.0,5930415.0,100,71,0.71,0.31730976700782776,41.21848678588867
r82_c79,572205.0,5930415.0,100,97,0.97,0.2821231782436371,43.93547058105469
r82_c80,572505.0,5930415.0,100,94,0.94,0.174133762717247,45.093162536621094
r82_c81,572805.0,5930415.0,100,95,0.95,0.5233137011528015,40.88846206665039
r82_c82,573105.0,5930415.0,100,100,1.0,0.7169985175132751,36.967472076416016
r82_c83,573405.0,5930415.0,100,74,0.74,0.3507152497768402,37.741146087646484
r82_c84,573705.0,5930415.0,100,91,0.91,0.3809519410133362,36.949134826660156
r82_c85,574005.0,5930415.0,100,100,1.0,0.758681058883667,34.302268981933594
r82_c86,574305.0,5930415.0,100,99,0.99,0.6847747564315796,36.57265853881836
r82_c87,574605.0,5930415.0,100,100,1.0,0.7838924527168274,33.823402404785156
r82_c88,574905.0,5930415.0,100,100,1.0,0.809611439704895,32.993648529052734
r82_c89,575205.0,5930415.0,100,100,1.0,0.6873466968536377,39.05424499511719
r82_c90,575505.0,5930415.0,100,100,1.0,0.631868302822113,41.790191650390625
r82_c91,575805.0,5930415.0,100,100,1.0,0.7090043425559998,38.60972595214844
r82_c92,576105.0,5930415.0,100,100,1.0,0.7934121489524841,34.39353561401367
r82_c93,576405.0,5930415.0,100,100,1.0,0.8390790820121765,32.24205017089844
r82_c94,576705.0,5930415.0,100,98,0.98,0.6995567679405212,36.70220184326172
r82_c95,577005.0,5930415.0,100,100,1.0,0.557116687297821,38.752052307128906
r82_c96,577305.0,5930415.0,100,100,1.0,0.48258116841316223,40.80857849121094
r82_c97,577605.0,5930415.0,100,100,1.0,0.5295079946517944,39.46351623535156
r82_c105,580005.0,5930415.0,85,85,1.0,0.740281343460083,34.05659866333008
r83_c13,552405.0,5930115.0,100,98,0.98,0.718816876411438,33.0366096496582
r83_c14,552705.0,5930115.0,100,88,0.88,0.7168497443199158,33.72357177734375
r83_c15,553005.0,5930115.0,100,96,0.96,0.708945095539093,33.703887939453125
r83_c16,553305.0,5930115.0,100,100,1.0,0.8102127313613892,31.60735321044922
r83_c17,553605.0,5930115.0,100,98,0.98,0.6748328804969788,34.9227409362793
r83_c18,553905.0,5930115.0,100,100,1.0,0.6468159556388855,35.823455810546875
r83_c19,554205.0,5930115.0,100,100,1.0,0.7645723223686218,33.2683219909668
r83_c20,554505.0,5930115.0,100,100,1.0,0.7045314311981201,34.24312973022461
r83_c21,554805.0,5930115.0,100,100,1.0,0.7924172282218933,32.24375915527344
r83_c22,555105.0,5930115.0,100,93,0.93,0.7625163793563843,31.440547943115234
r83_c23,555405.0,5930115.0,100,73,0.73,0.7454361915588379,29.817626953125
r83_c24,555705.0,5930115.0,100,74,0.74,0.8113371133804321,29.445714950561523
r83_c26,556305.0,5930115.0,100,74,0.74,0.7496867775917053,31.430644989013672
r83_c27,556605.0,5930115.0,100,71,0.71,0.7456047534942627,31.091651916503906
r83_c29,557205.0,5930115.0,100,99,0.99,0.7302167415618896,33.95449447631836
r83_c30,557505.0,5930115.0,100,100,1.0,0.7115802764892578,36.09898376464844
r83_c31,557805.0,5930115.0,100,95,0.95,0.5603504180908203,38.768951416015625
r83_c32,558105.0,5930115.0,100,97,0.97,0.4486793577671051,38.14749526977539
r83_c39,560205.0,5930115.0,100,86,0.86,0.21389442682266235,44.54308319091797
r83_c40,560505.0,5930115.0,100,100,1.0,0.49196162819862366,40.96669006347656
r83_c41,560805.0,5930115.0,100,100,1.0,0.3268294930458069,39.66732406616211
r83_c42,561105.0,5930115.0,100,97,0.97,0.4125077426433563,41.12967300415039
r83_c51,563805.0,5930115.0,100,96,0.96,0.39492782950401306,40.249507904052734
r83_c52,564105.0,5930115.0,100,90,0.9,0.3618382215499878,39.03569793701172
r83_c53,564405.0,5930115.0,100,87,0.87,0.3024946451187134,41.64955520629883
r83_c54,564705.0,5930115.0,100,97,0.97,0.32548582553863525,41.42886734008789
r83_c55,565005.0,5930115.0,100,100,1.0,0.589470624923706,40.353702545166016
r83_c56,565305.0,5930115.0,100,100,1.0,0.5113255381584167,41.37702178955078
r83_c57,565605.0,5930115.0,100,100,1.0,0.48501572012901306,42.27619934082031
r83_c58,565905.0,5930115.0,100,100,1.0,0.5161095857620239,40.861656188964844
r83_c59,566205.0,5930115.0,100,100,1.0,0.6739550828933716,35.868072509765625
r83_c60,566505.0,5930115.0,100,100,1.0,0.49690768122673035,40.64054870605469
r83_c61,566805.0,5930115.0,100,100,1.0,0.6088303327560425,38.563133239746094
r83_c62,567105.0,5930115.0,100,100,1.0,0.6983223557472229,36.30087661743164
r83_c63,567405.0,5930115.0,100,100,1.0,0.7271322011947632,35.803733825683594
r83_c64,567705.0,5930115.0,100,100,1.0,0.7419605851173401,35.970638275146484
r83_c65,568005.0,5930115.0,100,100,1.0,0.7188622355461121,37.025821685791016
r83_c66,568305.0,5930115.0,100,100,1.0,0.5166570544242859,39.778385162353516
r83_c67,568605.0,5930115.0,100,93,0.93,0.1544189453125,45.80961608886719
r83_c68,568905.0,5930115.0,100,89,0.89,0.15552407503128052,44.84858703613281
r83_c69,569205.0,5930115.0,100,89,0.89,0.19902795553207397,44.9189453125
r83_c79,572205.0,5930115.0,100,99,0.99,0.4313714802265167,44.396583557128906
r83_c80,572505.0,5930115.0,100,94,0.94,0.5152930617332458,40.94702911376953
r83_c81,572805.0,5930115.0,100,100,1.0,0.4378581643104553,40.24699401855469
r83_c82,573105.0,5930115.0,100,100,1.0,0.7646266222000122,35.534934997558594
r83_c83,573405.0,5930115.0,100,81,0.81,0.6330965161323547,34.11669158935547
r83_c84,573705.0,5930115.0,100,93,0.93,0.7392396926879883,34.56965255737305
r83_c85,574005.0,5930115.0,100,99,0.99,0.7522097229957581,34.94691848754883
r83_c86,574305.0,5930115.0,100,100,1.0,0.7637625932693481,33.64466857910156
r83_c87,574605.0,5930115.0,100,100,1.0,0.7675051093101501,33.14680099487305
r83_c88,574905.0,5930115.0,100,100,1.0,0.8039166927337646,32.52273941040039
r83_c89,575205.0,5930115.0,100,81,0.81,0.7793205380439758,32.84510803222656
r83_c90,575505.0,5930115.0,100,87,0.87,0.7253581285476685,34.94166564941406
r83_c91,575805.0,5930115.0,100,100,1.0,0.6038480997085571,41.875335693359375
r83_c92,576105.0,5930115.0,100,100,1.0,0.5214058756828308,45.148460388183594
r83_c93,576405.0,5930115.0,100,96,0.96,0.7114880084991455,38.0480842590332
r83_c94,576705.0,5930115.0,100,100,1.0,0.7399902939796448,35.487735748291016
r83_c95,577005.0,5930115.0,100,100,1.0,0.5776379108428955,39.42714309692383
r83_c96,577305.0,5930115.0,100,82,0.82,0.5535963177680969,39.691463470458984
r83_c97,577605.0,5930115.0,100,100,1.0,0.5538933277130127,40.059688568115234
r83_c98,577905.0,5930115.0,100,98,0.98,0.6018474698066711,39.13454055786133
r83_c99,578205.0,5930115.0,95,95,1.0,0.7666561603546143,34.51636505126953
r83_c104,579705.0,5930115.0,86,86,1.0,0.5719475150108337,38.916751861572266
r83_c105,580005.0,5930115.0,100,100,1.0,0.7339079976081848,35.622825622558594
r83_c106,580305.0,5930115.0,100,79,0.79,0.496685653924942,41.413490295410156
r84_c13,552405.0,5929815.0,100,92,0.92,0.5655557513237,36.52142333984375
r84_c14,552705.0,5929815.0,100,100,1.0,0.5244901776313782,38.082942962646484
r84_c15,553005.0,5929815.0,100,100,1.0,0.6221864819526672,36.148345947265625
r84_c16,553305.0,5929815.0,100,100,1.0,0.6541624665260315,35.57633972167969
r84_c17,553605.0,5929815.0,100,98,0.98,0.6917073130607605,35.337608337402344
r84_c18,553905.0,5929815.0,100,100,1.0,0.6291217803955078,36.5505485534668
r84_c19,554205.0,5929815.0,100,100,1.0,0.7117243409156799,34.683074951171875
r84_c20,554505.0,5929815.0,100,91,0.91,0.6689801812171936,35.18029022216797
r84_c21,554805.0,5929815.0,100,100,1.0,0.759034276008606,33.001705169677734
r84_c22,555105.0,5929815.0,100,98,0.98,0.7726035714149475,31.102294921875
r84_c23,555405.0,5929815.0,100,97,0.97,0.7404413223266602,30.94773292541504
r84_c24,555705.0,5929815.0,100,99,0.99,0.7430999279022217,31.60230255126953
r84_c25,556005.0,5929815.0,100,100,1.0,0.6106598377227783,34.09126663208008
r84_c26,556305.0,5929815.0,100,100,1.0,0.6562238931655884,34.691986083984375
r84_c27,556605.0,5929815.0,100,100,1.0,0.6721450090408325,36.42680740356445
r84_c28,556905.0,5929815.0,100,100,1.0,0.5454169511795044,39.350685119628906
r84_c29,557205.0,5929815.0,100,100,1.0,0.6423797011375427,39.0691032409668
r84_c30,557505.0,5929815.0,100,100,1.0,0.6555687785148621,36.777591705322266
r84_c31,557805.0,5929815.0,100,73,0.73,0.7103945016860962,33.59654235839844
r84_c32,558105.0,5929815.0,100,83,0.83,0.5999261736869812,34.69626235961914
r84_c33,558405.0,5929815.0,100,98,0.98,0.7365496754646301,32.569114685058594
r84_c34,558705.0,5929815.0,100,94,0.94,0.6760349273681641,34.65019989013672
r84_c41,560805.0,5929815.0,100,99,0.99,0.325210839509964,41.37266540527344
r84_c42,561105.0,5929815.0,100,98,0.98,0.3698897063732147,42.60232925415039
r84_c43,561405.0,5929815.0,100,75,0.75,0.1768883466720581,45.53191375732422
r84_c54,564705.0,5929815.0,100,99,0.99,0.18112504482269287,43.34568786621094
r84_c55,565005.0,5929815.0,100,78,0.78,0.16636627912521362,44.149757385253906
r84_c56,565305.0,5929815.0,100,100,1.0,0.5160234570503235,41.151573181152344
r84_c57,565605.0,5929815.0,100,100,1.0,0.6134968400001526,38.86552810668945
r84_c58,565905.0,5929815.0,100,100,1.0,0.6175468564033508,38.44423294067383
r84_c59,566205.0,5929815.0,100,100,1.0,0.6580129861831665,36.31913757324219
r84_c60,566505.0,5929815.0,100,100,1.0,0.5516673922538757,38.78797912597656
r84_c61,566805.0,5929815.0,100,100,1.0,0.6506963968276978,36.83290481567383
r84_c62,567105.0,5929815.0,100,100,1.0,0.7792338728904724,33.943477630615234
r84_c63,567405.0,5929815.0,100,100,1.0,0.7493369579315186,36.14939880371094
r84_c64,567705.0,5929815.0,100,100,1.0,0.5939407348632812,38.94175338745117
r84_c65,568005.0,5929815.0,100,100,1.0,0.7398480772972107,36.05205154418945
r84_c66,568305.0,5929815.0,100,100,1.0,0.6710377335548401,37.457069396972656
r84_c67,568605.0,5929815.0,100,100,1.0,0.22296695411205292,44.20087814331055
r84_c68,568905.0,5929815.0,100,94,0.94,0.11753517389297485,52.93772506713867
r84_c69,569205.0,5929815.0,100,95,0.95,0.1834552139043808,46.84518814086914
r84_c79,572205.0,5929815.0,100,84,0.84,0.409813791513443,42.53345489501953
r84_c80,572505.0,5929815.0,100,99,0.99,0.3806329667568207,43.533233642578125
r84_c81,572805.0,5929815.0,100,100,1.0,0.5134202241897583,40.3694953918457
r84_c82,573105.0,5929815.0,100,91,0.91,0.34406861662864685,41.17403793334961
r84_c83,573405.0,5929815.0,100,95,0.95,0.6888343691825867,36.62640380859375
r84_c84,573705.0,5929815.0,100,100,1.0,0.5593233704566956,40.96050262451172
r84_c85,574005.0,5929815.0,100,100,1.0,0.7635743021965027,35.144126892089844
r84_c86,574305.0,5929815.0,100,100,1.0,0.8152541518211365,32.084712982177734
r84_c87,574605.0,5929815.0,100,100,1.0,0.7844473123550415,32.72410202026367
r84_c88,574905.0,5929815.0,100,100,1.0,0.7944431900978088,32.891544342041016
r84_c89,575205.0,5929815.0,100,100,1.0,0.8298640251159668,31.418272018432617
r84_c90,575505.0,5929815.0,100,100,1.0,0.8358660340309143,32.10464859008789
r84_c91,575805.0,5929815.0,100,100,1.0,0.6463083028793335,39.30546569824219
r84_c92,576105.0,5929815.0,100,100,1.0,0.6671573519706726,40.07551574707031
r84_c93,576405.0,5929815.0,100,100,1.0,0.6394156217575073,40.41899108886719
r84_c94,576705.0,5929815.0,100,100,1.0,0.7442417740821838,36.85361862182617
r84_c95,577005.0,5929815.0,100,100,1.0,0.7289677262306213,34.741485595703125
r84_c96,577305.0,5929815.0,100,100,1.0,0.7162200808525085,36.454872131347656
r84_c97,577605.0,5929815.0,100,100,1.0,0.6824498772621155,37.256595611572266
r84_c98,577905.0,5929815.0,100,100,1.0,0.6593590378761292,37.64728546142578
r84_c99,578205.0,5929815.0,100,95,0.95,0.4277511239051819,44.18183517456055
r84_c100,578505.0,5929815.0,100,91,0.91,0.500898540019989,41.488834381103516
r84_c101,578805.0,5929815.0,82,82,1.0,0.5910427570343018,39.96623611450195
r84_c102,579105.0,5929815.0,100,98,0.98,0.5979337096214294,39.63015365600586
r84_c103,579405.0,5929815.0,100,100,1.0,0.632423996925354,39.378990173339844
r84_c104,579705.0,5929815.0,100,100,1.0,0.6226562261581421,40.412559509277344
r84_c105,580005.0,5929815.0,100,99,0.99,0.6563169956207275,38.781978607177734
r84_c106,580305.0,5929815.0,100,98,0.98,0.5697230100631714,41.49824142456055
r84_c107,580605.0,5929815.0,93,93,1.0,0.652589738368988,39.22816848754883
r85_c13,552405.0,5929515.0,100,100,1.0,0.6577346324920654,34.884864807128906
r85_c14,552705.0,5929515.0,100,100,1.0,0.7602519392967224,32.976932525634766
r85_c15,553005.0,5929515.0,100,85,0.85,0.7858267426490784,32.211421966552734
r85_c16,553305.0,5929515.0,100,74,0.74,0.7073732018470764,34.121185302734375
r85_c17,553605.0,5929515.0,100,98,0.98,0.7096976637840271,33.335514068603516
r85_c18,553905.0,5929515.0,100,100,1.0,0.63352370262146,34.851680755615234
r85_c19,554205.0,5929515.0,100,89,0.89,0.5334164500236511,36.74188995361328
r85_c20,554505.0,5929515.0,100,100,1.0,0.6562876105308533,35.02839279174805
r85_c21,554805.0,5929515.0,100,100,1.0,0.6673993468284607,34.128623962402344
r85_c22,555105.0,5929515.0,100,90,0.9,0.732482373714447,33.02859878540039
r85_c23,555405.0,5929515.0,100,100,1.0,0.7661165595054626,32.299781799316406
r85_c24,555705.0,5929515.0,100,100,1.0,0.7763153910636902,32.259521484375
r85_c25,556005.0,5929515.0,100,85,0.85,0.7121567130088806,34.90692138671875
r85_c26,556305.0,5929515.0,100,90,0.9,0.6748964786529541,36.19889450073242
r85_c27,556605.0,5929515.0,100,96,0.96,0.6517558693885803,36.59659957885742
r85_c28,556905.0,5929515.0,100,100,1.0,0.7227889895439148,35.02900314331055
r85_c29,557205.0,5929515.0,100,100,1.0,0.7870370745658875,32.898311614990234
r85_c30,557505.0,5929515.0,100,97,0.97,0.7883738279342651,31.271316528320312
r85_c31,557805.0,5929515.0,100,100,1.0,0.8191240429878235,31.310462951660156
r85_c32,558105.0,5929515.0,100,99,0.99,0.751564085483551,31.198312759399414
r85_c33,558405.0,5929515.0,100,96,0.96,0.8222396969795227,30.09963035583496
r85_c34,558705.0,5929515.0,100,86,0.86,0.6504822969436646,37.50725173950195
r85_c41,560805.0,5929515.0,100,93,0.93,0.4966520369052887,41.24188995361328
r85_c42,561105.0,5929515.0,100,100,1.0,0.451931357383728,40.427425384521484
r85_c43,561405.0,5929515.0,100,100,1.0,0.515026867389679,38.87018585205078
r85_c55,565005.0,5929515.0,100,79,0.79,0.23522813618183136,44.93235778808594
r85_c56,565305.0,5929515.0,100,100,1.0,0.423482745885849,41.735984802246094
r85_c57,565605.0,5929515.0,100,100,1.0,0.6163192987442017,37.98829650878906
r85_c58,565905.0,5929515.0,100,100,1.0,0.6832157373428345,37.66358947753906
r85_c59,566205.0,5929515.0,100,100,1.0,0.6333492994308472,37.893760681152344
r85_c60,566505.0,5929515.0,100,100,1.0,0.41500818729400635,41.269527435302734
r85_c61,566805.0,5929515.0,100,100,1.0,0.48130694031715393,40.2156867980957
r85_c62,567105.0,5929515.0,100,100,1.0,0.7117412686347961,35.536170959472656
r85_c63,567405.0,5929515.0,100,100,1.0,0.5620197057723999,39.641422271728516
r85_c64,567705.0,5929515.0,100,100,1.0,0.5102497935295105,40.10822677612305
r85_c65,568005.0,5929515.0,100,100,1.0,0.7543922662734985,36.556312561035156
r85_c66,568305.0,5929515.0,100,100,1.0,0.6534059643745422,38.263519287109375
r85_c67,568605.0,5929515.0,100,100,1.0,0.6615846753120422,38.51518630981445
r85_c68,568905.0,5929515.0,100,94,0.94,0.5763816833496094,38.61891174316406
r85_c79,572205.0,5929515.0,100,94,0.94,0.5907012224197388,38.80269241333008
r85_c80,572505.0,5929515.0,100,100,1.0,0.45132362842559814,42.61821365356445
r85_c81,572805.0,5929515.0,100,98,0.98,0.5216208696365356,40.23549270629883
r85_c82,573105.0,5929515.0,100,100,1.0,0.6473690271377563,37.195552825927734
r85_c83,573405.0,5929515.0,100,100,1.0,0.3348521292209625,41.2757453918457
r85_c84,573705.0,5929515.0,100,99,0.99,0.49603402614593506,41.246543884277344
r85_c85,574005.0,5929515.0,100,88,0.88,0.3150770962238312,41.16203308105469
r85_c86,574305.0,5929515.0,100,100,1.0,0.76827073097229,33.028472900390625
r85_c87,574605.0,5929515.0,100,100,1.0,0.8278066515922546,32.318511962890625
r85_c88,574905.0,5929515.0,100,100,1.0,0.7486361861228943,33.686336517333984
r85_c89,575205.0,5929515.0,100,100,1.0,0.8654265403747559,30.390893936157227
r85_c90,575505.0,5929515.0,100,100,1.0,0.8293662071228027,32.182273864746094
r85_c91,575805.0,5929515.0,100,100,1.0,0.7668969035148621,35.69313049316406
r85_c92,576105.0,5929515.0,100,100,1.0,0.6682281494140625,38.773624420166016
r85_c93,576405.0,5929515.0,100,100,1.0,0.6841367483139038,39.043060302734375
r85_c94,576705.0,5929515.0,100,100,1.0,0.5611605644226074,39.64381408691406
r85_c95,577005.0,5929515.0,100,100,1.0,0.7243090867996216,35.4244384765625
r85_c96,577305.0,5929515.0,100,100,1.0,0.7862083315849304,34.074764251708984
r85_c97,577605.0,5929515.0,100,100,1.0,0.7974309325218201,33.208702087402344
r85_c98,577905.0,5929515.0,100,99,0.99,0.7073850035667419,37.52338790893555
r85_c99,578205.0,5929515.0,100,89,0.89,0.4352007210254669,43.76576614379883
r85_c101,578805.0,5929515.0,100,75,0.75,0.621707558631897,40.32079315185547
r85_c102,579105.0,5929515.0,100,90,0.9,0.6388589143753052,39.34659194946289
r85_c103,579405.0,5929515.0,100,100,1.0,0.6939478516578674,37.096771240234375
r85_c104,579705.0,5929515.0,100,95,0.95,0.6741756796836853,39.101158142089844
r85_c105,580005.0,5929515.0,100,100,1.0,0.7544147372245789,35.119075775146484
r85_c106,580305.0,5929515.0,100,100,1.0,0.6326198577880859,39.835426330566406
r85_c107,580605.0,5929515.0,100,93,0.93,0.6097650527954102,39.451358795166016
r86_c13,552405.0,5929215.0,100,100,1.0,0.7294900417327881,33.242000579833984
r86_c14,552705.0,5929215.0,100,100,1.0,0.7926703691482544,31.65890121459961
r86_c15,553005.0,5929215.0,100,100,1.0,0.7868372201919556,31.2451114654541
r86_c16,553305.0,5929215.0,100,100,1.0,0.7769642472267151,32.220680236816406
r86_c17,553605.0,5929215.0,100,100,1.0,0.7899166345596313,31.6035213470459
r86_c18,553905.0,5929215.0,100,100,1.0,0.8003553748130798,31.407197952270508
r86_c19,554205.0,5929215.0,100,100,1.0,0.7485204935073853,33.22306823730469
r86_c20,554505.0,5929215.0,100,100,1.0,0.759661078453064,32.26386260986328
r86_c21,554805.0,5929215.0,100,100,1.0,0.7738702893257141,31.75809097290039
r86_c22,555105.0,5929215.0,100,100,1.0,0.6398062705993652,34.66194152832031
r86_c23,555405.0,5929215.0,100,100,1.0,0.7339631915092468,33.28786849975586
r86_c24,555705.0,5929215.0,100,100,1.0,0.7271205186843872,33.084320068359375
r86_c25,556005.0,5929215.0,100,78,0.78,0.735723614692688,32.88803482055664
r86_c26,556305.0,5929215.0,100,97,0.97,0.6474332809448242,34.745792388916016
r86_c27,556605.0,5929215.0,100,81,0.81,0.697303831577301,34.016517639160156
r86_c28,556905.0,5929215.0,100,100,1.0,0.7156641483306885,33.473876953125
r86_c29,557205.0,5929215.0,100,100,1.0,0.7729480862617493,32.75978469848633
r86_c30,557505.0,5929215.0,100,85,0.85,0.7041312456130981,34.09081268310547
r86_c31,557805.0,5929215.0,100,90,0.9,0.6945972442626953,33.88515853881836
r86_c32,558105.0,5929215.0,100,100,1.0,0.7515701055526733,31.564496994018555
r86_c33,558405.0,5929215.0,100,100,1.0,0.8103123307228088,30.695816040039062
r86_c42,561105.0,5929215.0,100,99,0.99,0.35891464352607727,40.5892448425293
r86_c43,561405.0,5929215.0,100,89,0.89,0.2237466722726822,43.920963287353516
r86_c44,561705.0,5929215.0,100,78,0.78,0.17946413159370422,44.99226379394531
r86_c56,565305.0,5929215.0,100,100,1.0,0.5054982304573059,39.119014739990234
r86_c57,565605.0,5929215.0,100,95,0.95,0.6201261878013611,37.98044204711914
r86_c58,565905.0,5929215.0,100,100,1.0,0.6762847304344177,37.057708740234375
r86_c59,566205.0,5929215.0,100,93,0.93,0.5706185102462769,39.3525390625
r86_c60,566505.0,5929215.0,100,99,0.99,0.2484891712665558,45.00505065917969
r86_c61,566805.0,5929215.0,100,100,1.0,0.3547889292240143,42.39863204956055
r86_c62,567105.0,5929215.0,100,100,1.0,0.7553285360336304,35.12348556518555
r86_c63,567405.0,5929215.0,100,100,1.0,0.7625238299369812,34.688133239746094
r86_c64,567705.0,5929215.0,100,100,1.0,0.7318075299263,35.39111328125
r86_c65,568005.0,5929215.0,100,95,0.95,0.728645384311676,33.83696365356445
r86_c66,568305.0,5929215.0,100,100,1.0,0.6192852258682251,38.650604248046875
r86_c67,568605.0,5929215.0,100,100,1.0,0.6471614837646484,38.43256378173828
r86_c68,568905.0,5929215.0,100,100,1.0,0.7408248782157898,34.6798210144043
r86_c69,569205.0,5929215.0,100,81,0.81,0.5310049057006836,38.85942840576172
r86_c80,572505.0,5929215.0,100,98,0.98,0.5780544877052307,40.83259963989258
r86_c81,572805.0,5929215.0,100,100,1.0,0.6902893781661987,38.748779296875
r86_c82,573105.0,5929215.0,100,100,1.0,0.5345257520675659,39.557884216308594
r86_c83,573405.0,5929215.0,100,100,1.0,0.7920922636985779,34.569583892822266
r86_c84,573705.0,5929215.0,100,98,0.98,0.6455338001251221,36.56620788574219
r86_c85,574005.0,5929215.0,100,100,1.0,0.6032775640487671,37.47938537597656
r86_c86,574305.0,5929215.0,100,100,1.0,0.811165988445282,32.481651306152344
r86_c87,574605.0,5929215.0,100,100,1.0,0.8227183818817139,32.89900207519531
r86_c88,574905.0,5929215.0,100,100,1.0,0.835089921951294,32.70024108886719
r86_c89,575205.0,5929215.0,100,100,1.0,0.8399519920349121,32.182373046875
r86_c90,575505.0,5929215.0,100,100,1.0,0.8011918663978577,33.8270263671875
r86_c91,575805.0,5929215.0,100,100,1.0,0.8284765481948853,32.750823974609375
r86_c92,576105.0,5929215.0,100,100,1.0,0.7914792895317078,33.8768310546875
r86_c93,576405.0,5929215.0,100,100,1.0,0.780830442905426,34.73276901245117
r86_c94,576705.0,5929215.0,100,100,1.0,0.7685800790786743,34.91922378540039
r86_c95,577005.0,5929215.0,100,100,1.0,0.680253267288208,36.62556076049805
r86_c96,577305.0,5929215.0,100,100,1.0,0.743428647518158,35.3951416015625
r86_c97,577605.0,5929215.0,100,100,1.0,0.8044098019599915,32.813682556152344
r86_c98,577905.0,5929215.0,100,98,0.98,0.7379602193832397,33.88913345336914
r86_c99,578205.0,5929215.0,100,100,1.0,0.6417118310928345,37.029876708984375
r86_c100,578505.0,5929215.0,100,99,0.99,0.6674054265022278,37.338294982910156
r86_c101,578805.0,5929215.0,100,99,0.99,0.6662238240242004,39.469234466552734
r86_c102,579105.0,5929215.0,100,99,0.99,0.6147860288619995,38.236366271972656
r86_c103,579405.0,5929215.0,100,97,0.97,0.7078981399536133,36.68525314331055
r86_c104,579705.0,5929215.0,100,98,0.98,0.6582755446434021,38.13264465332031
r86_c105,580005.0,5929215.0,100,100,1.0,0.6122404932975769,40.20854187011719
r86_c106,580305.0,5929215.0,100,100,1.0,0.6348676085472107,41.73126983642578
r86_c107,580605.0,5929215.0,100,100,1.0,0.5923004746437073,39.80329895019531
r86_c108,580905.0,5929215.0,94,91,0.9680851063829787,0.6385412812232971,38.56085968017578
r87_c10,551505.0,5928915.0,100,85,0.85,0.8115535974502563,30.934894561767578
r87_c11,551805.0,5928915.0,100,92,0.92,0.7712815403938293,31.40768814086914
r87_c13,552405.0,5928915.0,100,100,1.0,0.7462717294692993,32.28200912475586
r87_c14,552705.0,5928915.0,100,100,1.0,0.7994489073753357,31.56216812133789
r87_c15,553005.0,5928915.0,100,100,1.0,0.7631707787513733,31.7669677734375
r87_c16,553305.0,5928915.0,100,100,1.0,0.7669956088066101,32.336490631103516
r87_c17,553605.0,5928915.0,100,100,1.0,0.791660487651825,31.779926300048828
r87_c18,553905.0,5928915.0,100,100,1.0,0.7860230207443237,31.89019775390625
r87_c19,554205.0,5928915.0,100,100,1.0,0.7264750003814697,32.97101974487305
r87_c20,554505.0,5928915.0,100,100,1.0,0.8129018545150757,31.191556930541992
r87_c21,554805.0,5928915.0,100,100,1.0,0.7764886617660522,31.461986541748047
r87_c22,555105.0,5928915.0,100,100,1.0,0.8071624636650085,31.795682907104492
r87_c23,555405.0,5928915.0,100,100,1.0,0.7599024772644043,32.60026168823242
r87_c24,555705.0,5928915.0,100,100,1.0,0.7463109493255615,33.619407653808594
r87_c25,556005.0,5928915.0,100,85,0.85,0.6387713551521301,34.810691833496094
r87_c26,556305.0,5928915.0,100,97,0.97,0.7045419216156006,33.6205940246582
r87_c27,556605.0,5928915.0,100,98,0.98,0.7493707537651062,33.408447265625
r87_c28,556905.0,5928915.0,100,100,1.0,0.6419233679771423,34.16134262084961
r87_c29,557205.0,5928915.0,100,100,1.0,0.7557104229927063,33.17814636230469
r87_c30,557505.0,5928915.0,100,93,0.93,0.7085444331169128,33.45145797729492
r87_c31,557805.0,5928915.0,100,96,0.96,0.8240016102790833,31.934125900268555
r87_c32,558105.0,5928915.0,100,100,1.0,0.7698641419410706,32.64045715332031
r87_c33,558405.0,5928915.0,100,100,1.0,0.820750892162323,30.604209899902344
r87_c42,561105.0,5928915.0,100,75,0.75,0.17182762920856476,44.81366729736328
r87_c43,561405.0,5928915.0,100,89,0.89,0.12350838631391525,47.20283508300781
r87_c44,561705.0,5928915.0,100,96,0.96,0.1196974515914917,44.82932662963867
r87_c45,562005.0,5928915.0,100,92,0.92,0.10909563302993774,43.645103454589844
r87_c57,565605.0,5928915.0,100,97,0.97,0.5920856595039368,38.515201568603516
r87_c58,565905.0,5928915.0,100,96,0.96,0.591060221195221,38.72919845581055
r87_c59,566205.0,5928915.0,100,94,0.94,0.539752721786499,38.824180603027344
r87_c60,566505.0,5928915.0,100,87,0.87,0.342208594083786,45.97798156738281
r87_c61,566805.0,5928915.0,100,99,0.99,0.4426332712173462,42.56386184692383
r87_c62,567105.0,5928915.0,100,100,1.0,0.6700014472007751,37.229732513427734
r87_c63,567405.0,5928915.0,100,100,1.0,0.7458362579345703,35.11347198486328
r87_c64,567705.0,5928915.0,100,100,1.0,0.7553037405014038,35.04526901245117
r87_c65,568005.0,5928915.0,100,99,0.99,0.7459108829498291,33.907569885253906
r87_c66,568305.0,5928915.0,100,100,1.0,0.6185539364814758,38.096378326416016
r87_c67,568605.0,5928915.0,100,100,1.0,0.6558511853218079,36.86140060424805
r87_c68,568905.0,5928915.0,100,100,1.0,0.651563286781311,37.605995178222656
r87_c69,569205.0,5928915.0,100,99,0.99,0.7761790752410889,35.89851379394531
r87_c81,572805.0,5928915.0,100,90,0.9,0.7306586503982544,37.596561431884766
r87_c82,573105.0,5928915.0,100,100,1.0,0.6147767305374146,39.267086029052734
r87_c83,573405.0,5928915.0,100,100,1.0,0.4695250391960144,41.264366149902344
r87_c84,573705.0,5928915.0,100,100,1.0,0.8209895491600037,33.160404205322266
r87_c85,574005.0,5928915.0,100,100,1.0,0.7433241009712219,33.51007080078125
r87_c86,574305.0,5928915.0,100,96,0.96,0.6333376169204712,37.010040283203125
r87_c87,574605.0,5928915.0,100,100,1.0,0.8087059855461121,33.723941802978516
r87_c88,574905.0,5928915.0,100,100,1.0,0.8222721815109253,33.090301513671875
r87_c89,575205.0,5928915.0,100,100,1.0,0.8072702884674072,33.40021896362305
r87_c90,575505.0,5928915.0,100,100,1.0,0.6934096813201904,35.911712646484375
r87_c91,575805.0,5928915.0,100,100,1.0,0.7963119745254517,34.15177917480469
r87_c92,576105.0,5928915.0,100,100,1.0,0.7921663522720337,33.70668411254883
r87_c93,576405.0,5928915.0,100,100,1.0,0.8005244731903076,33.8037223815918
r87_c94,576705.0,5928915.0,100,100,1.0,0.6903496384620667,35.04482650756836
r87_c95,577005.0,5928915.0,100,100,1.0,0.7346919775009155,33.745819091796875
r87_c96,577305.0,5928915.0,100,100,1.0,0.7210715413093567,33.6900749206543
r87_c97,577605.0,5928915.0,100,100,1.0,0.7130308747291565,35.25790786743164
r87_c98,577905.0,5928915.0,100,100,1.0,0.7258232235908508,35.325592041015625
r87_c99,578205.0,5928915.0,100,100,1.0,0.8327247500419617,32.214778900146484
r87_c100,578505.0,5928915.0,100,100,1.0,0.8290346264839172,31.751943588256836
r87_c101,578805.0,5928915.0,100,100,1.0,0.6052559018135071,38.820377349853516
r87_c102,579105.0,5928915.0,100,100,1.0,0.6028570532798767,38.99729537963867
r87_c103,579405.0,5928915.0,100,100,1.0,0.6796217560768127,38.39582824707031
r87_c104,579705.0,5928915.0,100,100,1.0,0.7448597550392151,36.75238037109375
r87_c105,580005.0,5928915.0,100,100,1.0,0.6724627017974854,38.701053619384766
r87_c106,580305.0,5928915.0,100,100,1.0,0.5445330142974854,41.78236770629883
r87_c107,580605.0,5928915.0,100,100,1.0,0.6477228403091431,38.683719635009766
r88_c10,551505.0,5928615.0,86,86,1.0,0.8181822299957275,31.316925048828125
r88_c12,552105.0,5928615.0,100,88,0.88,0.7832627892494202,31.486543655395508
r88_c13,552405.0,5928615.0,100,100,1.0,0.7217774391174316,31.6657657623291
r88_c14,552705.0,5928615.0,100,87,0.87,0.761289656162262,31.291601181030273
r88_c15,553005.0,5928615.0,100,100,1.0,0.8058412075042725,31.537246704101562
r88_c16,553305.0,5928615.0,100,100,1.0,0.7788002490997314,31.895526885986328
r88_c17,553605.0,5928615.0,100,100,1.0,0.7570942640304565,32.35826110839844
r88_c18,553905.0,5928615.0,100,100,1.0,0.7139385938644409,34.22054672241211
r88_c19,554205.0,5928615.0,100,100,1.0,0.7182018160820007,32.87531280517578
r88_c20,554505.0,5928615.0,100,100,1.0,0.833942711353302,30.981552124023438
r88_c21,554805.0,5928615.0,100,83,0.83,0.761423647403717,31.81317138671875
r88_c22,555105.0,5928615.0,100,100,1.0,0.7837135195732117,31.862754821777344
r88_c23,555405.0,5928615.0,100,100,1.0,0.817666232585907,31.194150924682617
r88_c24,555705.0,5928615.0,100,100,1.0,0.8406113386154175,31.426298141479492
r88_c26,556305.0,5928615.0,100,82,0.82,0.7363820672035217,32.113746643066406
r88_c27,556605.0,5928615.0,100,97,0.97,0.8002551198005676,31.748140335083008
r88_c28,556905.0,5928615.0,100,100,1.0,0.7072228193283081,32.91639709472656
r88_c29,557205.0,5928615.0,100,100,1.0,0.7960489392280579,31.815645217895508
r88_c30,557505.0,5928615.0,100,100,1.0,0.746991753578186,32.85411834716797
r88_c31,557805.0,5928615.0,100,100,1.0,0.8206667900085449,31.6593017578125
r88_c32,558105.0,5928615.0,100,100,1.0,0.7462458610534668,33.17572021484375
r88_c33,558405.0,5928615.0,100,100,1.0,0.793560266494751,31.730985641479492
r88_c34,558705.0,5928615.0,100,89,0.89,0.7651708126068115,32.80352783203125
r88_c41,560805.0,5928615.0,100,95,0.95,0.6393603086471558,36.62751007080078
r88_c42,561105.0,5928615.0,100,88,0.88,0.2812521159648895,44.90065002441406
r88_c43,561405.0,5928615.0,100,84,0.84,0.12237603217363358,48.19967269897461
r88_c44,561705.0,5928615.0,100,97,0.97,0.11342218518257141,45.36861038208008
r88_c45,562005.0,5928615.0,100,85,0.85,0.11024437844753265,43.45454406738281
r88_c58,565905.0,5928615.0,100,100,1.0,0.5312545299530029,38.931396484375
r88_c59,566205.0,5928615.0,100,100,1.0,0.5365753173828125,38.1554069519043
r88_c60,566505.0,5928615.0,100,92,0.92,0.5207052826881409,42.95143127441406
r88_c61,566805.0,5928615.0,100,87,0.87,0.4916599690914154,41.526981353759766
r88_c62,567105.0,5928615.0,100,96,0.96,0.590110182762146,39.84033203125
r88_c63,567405.0,5928615.0,100,100,1.0,0.6561853289604187,38.512149810791016
r88_c64,567705.0,5928615.0,100,100,1.0,0.6657866835594177,37.22406768798828
r88_c65,568005.0,5928615.0,100,100,1.0,0.739828884601593,35.33403778076172
r88_c66,568305.0,5928615.0,100,100,1.0,0.7235096096992493,35.920249938964844
r88_c67,568605.0,5928615.0,100,100,1.0,0.642371654510498,37.77398681640625
r88_c68,568905.0,5928615.0,100,99,0.99,0.7174096703529358,35.08584976196289
r88_c69,569205.0,5928615.0,100,100,1.0,0.7773476243019104,32.9586067199707
r88_c70,569505.0,5928615.0,100,86,0.86,0.6843288540840149,33.093624114990234
r88_c82,573105.0,5928615.0,100,100,1.0,0.5161275267601013,40.804054260253906
r88_c83,573405.0,5928615.0,100,89,0.89,0.2801065444946289,43.393856048583984
r88_c84,573705.0,5928615.0,100,87,0.87,0.3382265567779541,43.44350051879883
r88_c85,574005.0,5928615.0,100,100,1.0,0.774322509765625,34.83509826660156
r88_c86,574305.0,5928615.0,100,99,0.99,0.797157347202301,32.8911018371582
r88_c87,574605.0,5928615.0,100,100,1.0,0.6605470776557922,36.41563415527344
r88_c88,574905.0,5928615.0,100,100,1.0,0.7801960110664368,35.104366302490234
r88_c89,575205.0,5928615.0,100,100,1.0,0.7026566863059998,37.19145202636719
r88_c90,575505.0,5928615.0,100,100,1.0,0.7202535271644592,36.959877014160156
r88_c91,575805.0,5928615.0,100,100,1.0,0.629212498664856,39.24199295043945
r88_c92,576105.0,5928615.0,100,100,1.0,0.6888975501060486,36.66880798339844
r88_c93,576405.0,5928615.0,100,100,1.0,0.6672725081443787,37.2890739440918
r88_c94,576705.0,5928615.0,100,100,1.0,0.5739810466766357,37.12914276123047
r88_c95,577005.0,5928615.0,100,100,1.0,0.8066948652267456,33.23656463623047
r88_c96,577305.0,5928615.0,100,100,1.0,0.7460215091705322,33.35759735107422
r88_c97,577605.0,5928615.0,100,100,1.0,0.7749691009521484,34.340518951416016
r88_c98,577905.0,5928615.0,100,100,1.0,0.6032648682594299,38.548095703125
r88_c99,578205.0,5928615.0,100,99,0.99,0.693975031375885,36.60870361328125
r88_c100,578505.0,5928615.0,100,100,1.0,0.8106338381767273,32.22256851196289
r88_c101,578805.0,5928615.0,100,98,0.98,0.6290255188941956,37.3723030090332
r88_c102,579105.0,5928615.0,100,98,0.98,0.7097907066345215,35.85177230834961
r88_c103,579405.0,5928615.0,100,100,1.0,0.6478914022445679,38.18989181518555
r88_c104,579705.0,5928615.0,100,100,1.0,0.5612019896507263,40.9235954284668
r88_c105,580005.0,5928615.0,100,100,1.0,0.6191138625144958,39.80754470825195
r88_c106,580305.0,5928615.0,100,100,1.0,0.6978541612625122,37.06184387207031
r88_c107,580605.0,5928615.0,100,100,1.0,0.8374844193458557,32.267173767089844
r89_c12,552105.0,5928315.0,97,97,1.0,0.8308691382408142,31.066091537475586
r89_c13,552405.0,5928315.0,100,100,1.0,0.7409595251083374,32.145355224609375
r89_c14,552705.0,5928315.0,100,100,1.0,0.7869338989257812,31.47446060180664
r89_c15,553005.0,5928315.0,100,100,1.0,0.7856624722480774,32.15133285522461
r89_c16,553305.0,5928315.0,100,92,0.92,0.7220255136489868,32.796932220458984
r89_c17,553605.0,5928315.0,100,100,1.0,0.7271501421928406,33.13829040527344
r89_c18,553905.0,5928315.0,100,100,1.0,0.7268702983856201,34.44965362548828
r89_c19,554205.0,5928315.0,100,100,1.0,0.7566928863525391,32.62565994262695
r89_c20,554505.0,5928315.0,100,99,0.99,0.8087568879127502,31.113901138305664
r89_c21,554805.0,5928315.0,100,100,1.0,0.7989381551742554,31.706748962402344
r89_c22,555105.0,5928315.0,100,96,0.96,0.7800777554512024,31.656312942504883
r89_c23,555405.0,5928315.0,100,100,1.0,0.8113980293273926,31.659955978393555
r89_c24,555705.0,5928315.0,100,100,1.0,0.8267173767089844,31.46677017211914
r89_c25,556005.0,5928315.0,100,84,0.84,0.7661709785461426,31.575550079345703
r89_c26,556305.0,5928315.0,100,100,1.0,0.7124674916267395,33.0401611328125
r89_c27,556605.0,5928315.0,100,100,1.0,0.8023746609687805,31.83355712890625
r89_c28,556905.0,5928315.0,100,100,1.0,0.6749036312103271,33.43501663208008
r89_c29,557205.0,5928315.0,100,100,1.0,0.7407723069190979,33.14444351196289
r89_c30,557505.0,5928315.0,100,100,1.0,0.7615901231765747,32.916900634765625
r89_c31,557805.0,5928315.0,100,100,1.0,0.8108229041099548,31.830883026123047
r89_c32,558105.0,5928315.0,100,99,0.99,0.7462539672851562,32.591041564941406
r89_c33,558405.0,5928315.0,100,99,0.99,0.7418922781944275,33.14469528198242
r89_c34,558705.0,5928315.0,100,100,1.0,0.7493522763252258,33.68315887451172
r89_c35,559005.0,5928315.0,100,72,0.72,0.6768513321876526,35.71682357788086
r89_c41,560805.0,5928315.0,100,100,1.0,0.6893151998519897,37.10710144042969
r89_c42,561105.0,5928315.0,100,89,0.89,0.24869589507579803,45.65178298950195
r89_c43,561405.0,5928315.0,100,80,0.8,0.1108887642621994,47.198211669921875
r89_c44,561705.0,5928315.0,100,97,0.97,0.13556575775146484,45.08777618408203
r89_c45,562005.0,5928315.0,100,89,0.89,0.10300604999065399,44.677955627441406
r89_c58,565905.0,5928315.0,100,85,0.85,0.6347103118896484,36.029151916503906
r89_c59,566205.0,5928315.0,100,100,1.0,0.5337293744087219,37.74869155883789
r89_c60,566505.0,5928315.0,100,99,0.99,0.41347309947013855,43.09223937988281
r89_c61,566805.0,5928315.0,100,97,0.97,0.49712732434272766,41.558895111083984
r89_c62,567105.0,5928315.0,100,94,0.94,0.49574190378189087,40.0963020324707
r89_c63,567405.0,5928315.0,100,100,1.0,0.5942733883857727,39.670127868652344
r89_c64,567705.0,5928315.0,100,100,1.0,0.5812275409698486,39.72382736206055
r89_c65,568005.0,5928315.0,100,100,1.0,0.6440542340278625,38.32969284057617
r89_c66,568305.0,5928315.0,100,100,1.0,0.7573404908180237,35.91334915161133
r89_c67,568605.0,5928315.0,100,100,1.0,0.6472377181053162,39.07752227783203
r89_c68,568905.0,5928315.0,100,100,1.0,0.7106410264968872,35.490299224853516
r89_c69,569205.0,5928315.0,100,77,0.77,0.7073315978050232,34.295249938964844
r89_c74,570705.0,5928315.0,100,70,0.7,0.6733876466751099,34.69129943847656
r89_c82,573105.0,5928315.0,100,73,0.73,0.13936221599578857,47.96435546875
r89_c83,573405.0,5928315.0,100,83,0.83,0.15266156196594238,45.72452163696289
r89_c84,573705.0,5928315.0,100,93,0.93,0.22852608561515808,45.14026641845703
r89_c85,574005.0,5928315.0,100,86,0.86,0.23027020692825317,44.60146713256836
r89_c86,574305.0,5928315.0,100,99,0.99,0.6832130551338196,37.69256591796875
r89_c87,574605.0,5928315.0,100,100,1.0,0.7921891212463379,34.44914245605469
r89_c88,574905.0,5928315.0,100,100,1.0,0.7212039232254028,36.2929573059082
r89_c89,575205.0,5928315.0,100,100,1.0,0.6827542781829834,37.299808502197266
r89_c90,575505.0,5928315.0,100,100,1.0,0.5945217609405518,39.47203063964844
r89_c91,575805.0,5928315.0,100,100,1.0,0.6024559736251831,40.76981735229492
r89_c92,576105.0,5928315.0,100,100,1.0,0.634788990020752,37.3729248046875
r89_c93,576405.0,5928315.0,100,100,1.0,0.618811845779419,37.53493118286133
r89_c94,576705.0,5928315.0,100,100,1.0,0.6612157225608826,36.57289123535156
r89_c95,577005.0,5928315.0,100,100,1.0,0.7890651226043701,34.043113708496094
r89_c96,577305.0,5928315.0,100,100,1.0,0.7660960555076599,33.626121520996094
r89_c97,577605.0,5928315.0,100,100,1.0,0.822661280632019,33.8381462097168
r89_c98,577905.0,5928315.0,100,100,1.0,0.7208330035209656,35.88302993774414
r89_c99,578205.0,5928315.0,100,87,0.87,0.6506963968276978,39.46461486816406
r89_c100,578505.0,5928315.0,100,91,0.91,0.5545331835746765,40.74640655517578
r89_c101,578805.0,5928315.0,100,100,1.0,0.7051692008972168,37.402896881103516
r89_c102,579105.0,5928315.0,100,100,1.0,0.8421012759208679,32.244441986083984
r89_c103,579405.0,5928315.0,100,100,1.0,0.6963305473327637,36.75302505493164
r89_c104,579705.0,5928315.0,100,100,1.0,0.6119202971458435,40.68514633178711
r89_c105,580005.0,5928315.0,100,90,0.9,0.4982651174068451,42.98236846923828
r89_c106,580305.0,5928315.0,100,97,0.97,0.5740018486976624,40.339256286621094
r89_c107,580605.0,5928315.0,100,100,1.0,0.7931923866271973,34.87137222290039
r89_c108,580905.0,5928315.0,95,95,1.0,0.7308823466300964,36.352386474609375
r90_c12,552105.0,5928015.0,82,82,1.0,0.7723759412765503,32.03383255004883
r90_c13,552405.0,5928015.0,100,98,0.98,0.6516758799552917,34.40874099731445
r90_c14,552705.0,5928015.0,100,100,1.0,0.8104168772697449,31.2044734954834
r90_c15,553005.0,5928015.0,100,100,1.0,0.7368446588516235,33.16895294189453
r90_c16,553305.0,5928015.0,100,98,0.98,0.6312836408615112,36.04779052734375
r90_c17,553605.0,5928015.0,100,100,1.0,0.6574207544326782,35.132686614990234
r90_c18,553905.0,5928015.0,100,100,1.0,0.6806286573410034,35.06269836425781
r90_c19,554205.0,5928015.0,100,100,1.0,0.7306979894638062,34.17799377441406
r90_c20,554505.0,5928015.0,100,98,0.98,0.6546927690505981,34.248130798339844
r90_c21,554805.0,5928015.0,100,100,1.0,0.811478853225708,32.08803176879883
r90_c22,555105.0,5928015.0,100,96,0.96,0.7786478996276855,31.838857650756836
r90_c23,555405.0,5928015.0,100,100,1.0,0.700087308883667,33.780609130859375
r90_c24,555705.0,5928015.0,100,100,1.0,0.796712338924408,33.111328125
r90_c25,556005.0,5928015.0,100,100,1.0,0.7837650179862976,31.815479278564453
r90_c26,556305.0,5928015.0,100,98,0.98,0.7681843638420105,31.94884490966797
r90_c27,556605.0,5928015.0,100,100,1.0,0.811859130859375,32.0985221862793
r90_c28,556905.0,5928015.0,100,100,1.0,0.6524369120597839,34.459354400634766
r90_c29,557205.0,5928015.0,100,100,1.0,0.7535623908042908,34.00434875488281
r90_c30,557505.0,5928015.0,100,100,1.0,0.8004133701324463,32.98963928222656
r90_c31,557805.0,5928015.0,100,100,1.0,0.8276364207267761,32.069602966308594
r90_c32,558105.0,5928015.0,100,100,1.0,0.7702434062957764,32.32073974609375
r90_c33,558405.0,5928015.0,100,100,1.0,0.8103887438774109,31.966527938842773
r90_c34,558705.0,5928015.0,100,100,1.0,0.7461482882499695,33.310630798339844
r90_c35,559005.0,5928015.0,100,81,0.81,0.5573563575744629,36.658058166503906
r90_c36,559305.0,5928015.0,100,82,0.82,0.6678127646446228,35.17608642578125
r90_c38,559905.0,5928015.0,100,76,0.76,0.7175143957138062,34.19675064086914
r90_c39,560205.0,5928015.0,100,98,0.98,0.7427579164505005,34.04640197753906
r90_c40,560505.0,5928015.0,100,100,1.0,0.5897659063339233,36.225624084472656
r90_c41,560805.0,5928015.0,100,100,1.0,0.6547238826751709,37.10429000854492
r90_c42,561105.0,5928015.0,100,90,0.9,0.5638277530670166,39.05548095703125
r90_c43,561405.0,5928015.0,100,93,0.93,0.5221150517463684,39.93426513671875
r90_c44,561705.0,5928015.0,100,94,0.94,0.4668920040130615,41.1295280456543
r90_c45,562005.0,5928015.0,100,100,1.0,0.4208754599094391,41.52546691894531
r90_c59,566205.0,5928015.0,100,100,1.0,0.7052377462387085,34.993900299072266
r90_c60,566505.0,5928015.0,100,100,1.0,0.4321892559528351,39.34149169921875
r90_c61,566805.0,5928015.0,100,100,1.0,0.44805458188056946,41.109493255615234
r90_c62,567105.0,5928015.0,100,100,1.0,0.5602819323539734,39.533416748046875
r90_c63,567405.0,5928015.0,100,100,1.0,0.6030057072639465,39.35966873168945
r90_c64,567705.0,5928015.0,100,100,1.0,0.6025455594062805,39.76206970214844
r90_c65,568005.0,5928015.0,100,100,1.0,0.6620141863822937,38.21986389160156
r90_c66,568305.0,5928015.0,100,100,1.0,0.7380121350288391,35.5829963684082
r90_c67,568605.0,5928015.0,100,99,0.99,0.6738744378089905,36.70520782470703
r90_c68,568905.0,5928015.0,100,100,1.0,0.7358272671699524,34.701969146728516
r90_c69,569205.0,5928015.0,100,79,0.79,0.6957678198814392,34.205345153808594
r90_c85,574005.0,5928015.0,100,78,0.78,0.3398570418357849,46.31020736694336
r90_c87,574605.0,5928015.0,100,99,0.99,0.6681928634643555,38.55656051635742
r90_c88,574905.0,5928015.0,100,100,1.0,0.7049431800842285,36.568214416503906
r90_c89,575205.0,5928015.0,100,99,0.99,0.6074736714363098,38.54417037963867
r90_c90,575505.0,5928015.0,100,100,1.0,0.6892880797386169,36.631202697753906
r90_c91,575805.0,5928015.0,100,100,1.0,0.6714645624160767,37.95230484008789
r90_c92,576105.0,5928015.0,100,100,1.0,0.5342758893966675,38.617454528808594
r90_c93,576405.0,5928015.0,100,100,1.0,0.5949568748474121,38.47416687011719
r90_c94,576705.0,5928015.0,100,100,1.0,0.6300245523452759,36.570701599121094
r90_c95,577005.0,5928015.0,100,100,1.0,0.7384803295135498,36.57972717285156
r90_c96,577305.0,5928015.0,100,100,1.0,0.7363951802253723,33.40937805175781
r90_c97,577605.0,5928015.0,100,100,1.0,0.8150419592857361,33.594573974609375
r90_c98,577905.0,5928015.0,100,100,1.0,0.7933518290519714,33.709346771240234
r90_c99,578205.0,5928015.0,100,98,0.98,0.6220934987068176,40.447689056396484
r90_c100,578505.0,5928015.0,100,93,0.93,0.5670309066772461,41.66859817504883
r90_c101,578805.0,5928015.0,100,100,1.0,0.6203375458717346,42.602108001708984
r90_c102,579105.0,5928015.0,100,100,1.0,0.6612032055854797,39.00273132324219
r90_c103,579405.0,5928015.0,100,100,1.0,0.6576870679855347,38.95832824707031
r90_c104,579705.0,5928015.0,100,100,1.0,0.5372788906097412,42.03175354003906
r90_c105,580005.0,5928015.0,100,90,0.9,0.43975546956062317,44.15900421142578
r90_c106,580305.0,5928015.0,100,100,1.0,0.6758792996406555,38.75533676147461
r90_c107,580605.0,5928015.0,100,100,1.0,0.6274730563163757,38.890316009521484
r90_c108,580905.0,5928015.0,100,99,0.99,0.6406287550926208,38.7377815246582
r90_c109,581205.0,5928015.0,98,98,1.0,0.6884933710098267,37.13984680175781
r90_c110,581505.0,5928015.0,94,94,1.0,0.8133198618888855,33.5411491394043
r91_c12,552105.0,5927715.0,98,98,1.0,0.6978988647460938,34.267913818359375
r91_c13,552405.0,5927715.0,100,100,1.0,0.6718039512634277,34.58510208129883
r91_c14,552705.0,5927715.0,100,100,1.0,0.7632691264152527,32.75004577636719
r91_c15,553005.0,5927715.0,100,100,1.0,0.5615474581718445,35.82051086425781
r91_c16,553305.0,5927715.0,100,100,1.0,0.5678200721740723,36.23409652709961
r91_c17,553605.0,5927715.0,100,100,1.0,0.6429622173309326,35.41059494018555
r91_c18,553905.0,5927715.0,100,100,1.0,0.6266757845878601,34.86008834838867
r91_c19,554205.0,5927715.0,100,97,0.97,0.5683703422546387,34.96923065185547
r91_c20,554505.0,5927715.0,100,100,1.0,0.5557190179824829,35.835208892822266
r91_c21,554805.0,5927715.0,100,98,0.98,0.6036379933357239,35.19683837890625
r91_c22,555105.0,5927715.0,100,97,0.97,0.5870457887649536,35.37089920043945
r91_c23,555405.0,5927715.0,100,100,1.0,0.550818145275116,36.240455627441406
r91_c24,555705.0,5927715.0,100,100,1.0,0.657794177532196,36.280311584472656
r91_c25,556005.0,5927715.0,100,96,0.96,0.6553772687911987,34.99522399902344
r91_c26,556305.0,5927715.0,100,97,0.97,0.6838086843490601,34.3251953125
r91_c27,556605.0,5927715.0,100,100,1.0,0.661577045917511,34.45111846923828
r91_c28,556905.0,5927715.0,100,100,1.0,0.5417554378509521,36.52688980102539
r91_c29,557205.0,5927715.0,100,100,1.0,0.6059107780456543,35.859039306640625
r91_c30,557505.0,5927715.0,100,100,1.0,0.5878446102142334,35.1478157043457
r91_c31,557805.0,5927715.0,100,100,1.0,0.6452749371528625,33.465904235839844
r91_c32,558105.0,5927715.0,100,100,1.0,0.5094120502471924,34.9714469909668
r91_c33,558405.0,5927715.0,100,100,1.0,0.6427617073059082,33.65626525878906
r91_c34,558705.0,5927715.0,100,100,1.0,0.6239364743232727,33.96658706665039
r91_c35,559005.0,5927715.0,100,99,0.99,0.5892471671104431,35.00706100463867
r91_c37,559605.0,5927715.0,100,96,0.96,0.6693167686462402,34.78782653808594
r91_c38,559905.0,5927715.0,100,100,1.0,0.772724986076355,34.042057037353516
r91_c39,560205.0,5927715.0,100,100,1.0,0.5482021570205688,36.82173156738281
r91_c40,560505.0,5927715.0,100,98,0.98,0.5468816757202148,37.37837219238281
r91_c41,560805.0,5927715.0,100,100,1.0,0.5944699645042419,36.77325439453125
r91_c42,561105.0,5927715.0,100,100,1.0,0.7778909802436829,33.726810455322266
r91_c43,561405.0,5927715.0,100,100,1.0,0.6945890188217163,35.796688079833984
r91_c44,561705.0,5927715.0,100,100,1.0,0.7184320688247681,35.733009338378906
r91_c45,562005.0,5927715.0,100,100,1.0,0.7245993614196777,37.172447204589844
r91_c46,562305.0,5927715.0,100,100,1.0,0.5718997716903687,40.768585205078125
r91_c47,562605.0,5927715.0,100,100,1.0,0.4638182818889618,42.731624603271484
r91_c58,565905.0,5927715.0,100,74,0.74,0.5839199423789978,37.862953186035156
r91_c59,566205.0,5927715.0,100,99,0.99,0.6838587522506714,35.029232025146484
r91_c60,566505.0,5927715.0,100,100,1.0,0.5494454503059387,38.67880630493164
r91_c61,566805.0,5927715.0,100,100,1.0,0.6026802659034729,38.12871551513672
r91_c62,567105.0,5927715.0,100,99,0.99,0.5912743210792542,39.12318801879883
r91_c63,567405.0,5927715.0,100,100,1.0,0.5924489498138428,39.87455749511719
r91_c64,567705.0,5927715.0,100,100,1.0,0.6282393932342529,39.22968673706055
r91_c65,568005.0,5927715.0,100,100,1.0,0.6474366784095764,37.65835189819336
r91_c66,568305.0,5927715.0,100,100,1.0,0.6404551863670349,35.2724609375
r91_c67,568605.0,5927715.0,100,99,0.99,0.6357472538948059,35.975128173828125
r91_c68,568905.0,5927715.0,100,100,1.0,0.7239053249359131,34.325096130371094
r91_c85,574005.0,5927715.0,100,82,0.82,0.14230938255786896,46.56314468383789
r91_c86,574305.0,5927715.0,100,76,0.76,0.48365116119384766,42.79429244995117
r91_c87,574605.0,5927715.0,100,100,1.0,0.6618954539299011,38.35833740234375
r91_c88,574905.0,5927715.0,100,100,1.0,0.7740254998207092,35.54341125488281
r91_c89,575205.0,5927715.0,100,100,1.0,0.6279147267341614,38.02339172363281
r91_c90,575505.0,5927715.0,100,100,1.0,0.7968671321868896,35.000064849853516
r91_c91,575805.0,5927715.0,100,100,1.0,0.7772666215896606,35.134517669677734
r91_c92,576105.0,5927715.0,100,100,1.0,0.6270242929458618,37.03654861450195
r91_c93,576405.0,5927715.0,100,100,1.0,0.5195942521095276,38.710899353027344
r91_c94,576705.0,5927715.0,100,100,1.0,0.6608440279960632,36.41518020629883
r91_c95,577005.0,5927715.0,100,100,1.0,0.7489809393882751,36.51081848144531
r91_c96,577305.0,5927715.0,100,98,0.98,0.7242599129676819,33.580474853515625
r91_c97,577605.0,5927715.0,100,100,1.0,0.779384434223175,34.572322845458984
r91_c98,577905.0,5927715.0,100,100,1.0,0.7495984435081482,36.603111267089844
r91_c99,578205.0,5927715.0,100,99,0.99,0.592437207698822,41.60192108154297
r91_c100,578505.0,5927715.0,100,88,0.88,0.5556328296661377,42.28144073486328
r91_c101,578805.0,5927715.0,100,100,1.0,0.661135196685791,39.27631378173828
r91_c102,579105.0,5927715.0,100,100,1.0,0.522051215171814,41.104618072509766
r91_c103,579405.0,5927715.0,100,95,0.95,0.5896716117858887,42.47560501098633
r91_c104,579705.0,5927715.0,100,82,0.82,0.5592867136001587,42.26956558227539
r91_c106,580305.0,5927715.0,100,89,0.89,0.5211806297302246,41.73746109008789
r91_c107,580605.0,5927715.0,100,96,0.96,0.643384575843811,38.80442810058594
r91_c108,580905.0,5927715.0,100,97,0.97,0.6607088446617126,39.35658645629883
r91_c109,581205.0,5927715.0,100,100,1.0,0.6870420575141907,38.490074157714844
r91_c110,581505.0,5927715.0,100,100,1.0,0.7353289127349854,36.08572006225586
r91_c111,581805.0,5927715.0,95,95,1.0,0.8648386001586914,31.12575340270996
r92_c17,553605.0,5927415.0,100,100,1.0,0.7477786540985107,32.695213317871094
r92_c18,553905.0,5927415.0,100,100,1.0,0.6768602728843689,33.31298828125
r92_c19,554205.0,5927415.0,100,97,0.97,0.6298151612281799,33.34566879272461
r92_c20,554505.0,5927415.0,100,100,1.0,0.6170644760131836,34.333683013916016
r92_c21,554805.0,5927415.0,100,100,1.0,0.699556291103363,33.70863342285156
r92_c22,555105.0,5927415.0,100,100,1.0,0.7326956987380981,32.60238265991211
r92_c23,555405.0,5927415.0,100,100,1.0,0.7390308976173401,32.8637580871582
r92_c24,555705.0,5927415.0,100,100,1.0,0.7827445864677429,31.787248611450195
r92_c25,556005.0,5927415.0,100,100,1.0,0.8374676704406738,30.848012924194336
r92_c26,556305.0,5927415.0,100,100,1.0,0.7744589447975159,32.38499069213867
r92_c27,556605.0,5927415.0,100,100,1.0,0.7673535943031311,33.03633117675781
r92_c28,556905.0,5927415.0,100,100,1.0,0.5902348160743713,35.684112548828125
r92_c29,557205.0,5927415.0,100,100,1.0,0.6638691425323486,35.098594665527344
r92_c30,557505.0,5927415.0,100,100,1.0,0.685538113117218,33.615447998046875
r92_c31,557805.0,5927415.0,100,100,1.0,0.7298964858055115,34.117313385009766
r92_c32,558105.0,5927415.0,100,100,1.0,0.7178835868835449,32.8243522644043
r92_c33,558405.0,5927415.0,100,100,1.0,0.8462732434272766,30.874164581298828
r92_c34,558705.0,5927415.0,100,100,1.0,0.7683925032615662,32.57931137084961
r92_c35,559005.0,5927415.0,100,100,1.0,0.6174810528755188,34.69499206542969
r92_c36,559305.0,5927415.0,100,100,1.0,0.41529515385627747,36.2230110168457
r92_c37,559605.0,5927415.0,100,100,1.0,0.5070998668670654,36.135894775390625
r92_c38,559905.0,5927415.0,100,100,1.0,0.4003259241580963,36.83023452758789
r92_c39,560205.0,5927415.0,100,99,0.99,0.364031046628952,38.19884490966797
r92_c40,560505.0,5927415.0,100,94,0.94,0.25278565287590027,40.32200241088867
r92_c41,560805.0,5927415.0,100,100,1.0,0.4791249930858612,40.490352630615234
r92_c42,561105.0,5927415.0,100,100,1.0,0.5717356204986572,39.32057189941406
r92_c43,561405.0,5927415.0,100,100,1.0,0.6073352098464966,38.73776626586914
r92_c44,561705.0,5927415.0,100,100,1.0,0.7590847611427307,35.139034271240234
r92_c45,562005.0,5927415.0,100,100,1.0,0.7599233984947205,34.11310958862305
r92_c46,562305.0,5927415.0,100,100,1.0,0.6637021899223328,35.91215515136719
r92_c47,562605.0,5927415.0,100,100,1.0,0.6131076812744141,37.8304557800293
r92_c48,562905.0,5927415.0,100,100,1.0,0.22702647745609283,41.625144958496094
r92_c50,563505.0,5927415.0,100,77,0.77,0.6250560283660889,37.966556549072266
r92_c51,563805.0,5927415.0,100,96,0.96,0.4008610248565674,45.692596435546875
r92_c58,565905.0,5927415.0,100,98,0.98,0.7346284985542297,34.491302490234375
r92_c59,566205.0,5927415.0,100,100,1.0,0.7417430877685547,33.82634353637695
r92_c60,566505.0,5927415.0,100,100,1.0,0.6542484760284424,36.23823547363281
r92_c61,566805.0,5927415.0,100,100,1.0,0.6657096743583679,38.01636505126953
r92_c62,567105.0,5927415.0,100,100,1.0,0.6589255332946777,38.11777877807617
r92_c63,567405.0,5927415.0,100,100,1.0,0.5968364477157593,39.1531867980957
r92_c64,567705.0,5927415.0,100,100,1.0,0.6174885034561157,38.768314361572266
r92_c65,568005.0,5927415.0,100,100,1.0,0.5977575778961182,36.0343132019043
r92_c66,568305.0,5927415.0,100,100,1.0,0.6192605495452881,35.37303161621094
r92_c67,568605.0,5927415.0,100,100,1.0,0.6438292860984802,34.89402770996094
r92_c68,568905.0,5927415.0,100,100,1.0,0.6550377011299133,34.722076416015625
r92_c83,573405.0,5927415.0,100,91,0.91,0.5505445003509521,39.329734802246094
r92_c86,574305.0,5927415.0,100,98,0.98,0.7019801139831543,38.40545654296875
r92_c87,574605.0,5927415.0,100,95,0.95,0.7386845350265503,35.756309509277344
r92_c88,574905.0,5927415.0,100,100,1.0,0.839885413646698,32.19477844238281
r92_c89,575205.0,5927415.0,100,100,1.0,0.814568281173706,32.683937072753906
r92_c90,575505.0,5927415.0,100,100,1.0,0.7720736861228943,35.86279296875
r92_c91,575805.0,5927415.0,100,98,0.98,0.7488391399383545,37.05485153198242
r92_c92,576105.0,5927415.0,100,99,0.99,0.643512487411499,38.20681381225586
r92_c93,576405.0,5927415.0,100,100,1.0,0.7191008925437927,37.274166107177734
r92_c94,576705.0,5927415.0,100,92,0.92,0.6417379379272461,39.05778884887695
r92_c95,577005.0,5927415.0,100,79,0.79,0.6178602576255798,38.112552642822266
r92_c96,577305.0,5927415.0,100,100,1.0,0.6758362650871277,36.25355529785156
r92_c97,577605.0,5927415.0,100,100,1.0,0.7763872742652893,34.90791320800781
r92_c98,577905.0,5927415.0,100,100,1.0,0.6447055339813232,39.20539093017578
r92_c99,578205.0,5927415.0,100,83,0.83,0.6455350518226624,41.04118728637695
r92_c100,578505.0,5927415.0,100,86,0.86,0.5383137464523315,41.269657135009766
r92_c101,578805.0,5927415.0,100,84,0.84,0.576779305934906,40.667381286621094
r92_c102,579105.0,5927415.0,100,93,0.93,0.594148576259613,41.304962158203125
r92_c106,580305.0,5927415.0,100,77,0.77,0.4675832986831665,39.798484802246094
r92_c107,580605.0,5927415.0,100,96,0.96,0.6652924418449402,38.34987258911133
r92_c108,580905.0,5927415.0,100,99,0.99,0.6774736046791077,39.227420806884766
r92_c109,581205.0,5927415.0,100,100,1.0,0.6497071981430054,38.459232330322266
r92_c110,581505.0,5927415.0,100,100,1.0,0.6975111961364746,37.42040252685547
r92_c111,581805.0,5927415.0,94,94,1.0,0.6960826516151428,36.73872756958008
r93_c17,553605.0,5927115.0,100,100,1.0,0.7874009013175964,31.727460861206055
r93_c18,553905.0,5927115.0,100,100,1.0,0.755439281463623,32.655670166015625
r93_c19,554205.0,5927115.0,100,100,1.0,0.6844847798347473,33.6617317199707
r93_c20,554505.0,5927115.0,100,100,1.0,0.6936861276626587,32.85141372680664
r93_c21,554805.0,5927115.0,100,100,1.0,0.7402900457382202,32.04637145996094
r93_c22,555105.0,5927115.0,100,100,1.0,0.796886146068573,31.0383358001709
r93_c23,555405.0,5927115.0,100,100,1.0,0.8437236547470093,30.664810180664062
r93_c24,555705.0,5927115.0,100,100,1.0,0.8377898335456848,30.776952743530273
r93_c25,556005.0,5927115.0,100,100,1.0,0.8445968627929688,30.143260955810547
r93_c26,556305.0,5927115.0,100,100,1.0,0.7378036379814148,32.02049255371094
r93_c27,556605.0,5927115.0,100,100,1.0,0.7247940897941589,32.93813705444336
r93_c28,556905.0,5927115.0,100,100,1.0,0.5977939963340759,35.918304443359375
r93_c29,557205.0,5927115.0,100,100,1.0,0.676949679851532,34.45392608642578
r93_c30,557505.0,5927115.0,100,100,1.0,0.6986636519432068,33.85365295410156
r93_c31,557805.0,5927115.0,100,100,1.0,0.7701244354248047,32.912498474121094
r93_c32,558105.0,5927115.0,100,100,1.0,0.8376424908638,30.384199142456055
r93_c33,558405.0,5927115.0,100,100,1.0,0.8682757616043091,29.660097122192383
r93_c34,558705.0,5927115.0,100,100,1.0,0.7951133251190186,31.373804092407227
r93_c35,559005.0,5927115.0,100,100,1.0,0.6920190453529358,33.350276947021484
r93_c36,559305.0,5927115.0,100,100,1.0,0.577290952205658,36.04443359375
r93_c37,559605.0,5927115.0,100,100,1.0,0.6248388886451721,36.12635803222656
r93_c38,559905.0,5927115.0,100,100,1.0,0.6019489169120789,35.65245056152344
r93_c39,560205.0,5927115.0,100,100,1.0,0.582055389881134,37.519100189208984
r93_c40,560505.0,5927115.0,100,95,0.95,0.5674272775650024,37.13924026489258
r93_c41,560805.0,5927115.0,100,100,1.0,0.32594940066337585,45.25596237182617
r93_c42,561105.0,5927115.0,100,100,1.0,0.394379585981369,44.645751953125
r93_c43,561405.0,5927115.0,100,100,1.0,0.489113986492157,40.35749435424805
r93_c44,561705.0,5927115.0,100,100,1.0,0.6374291777610779,38.8165168762207
r93_c45,562005.0,5927115.0,100,100,1.0,0.6086140275001526,37.76114273071289
r93_c46,562305.0,5927115.0,100,100,1.0,0.7339373230934143,34.54781723022461
r93_c47,562605.0,5927115.0,100,100,1.0,0.5989609360694885,38.48151779174805
r93_c48,562905.0,5927115.0,100,99,0.99,0.13537222146987915,42.29384231567383
r93_c49,563205.0,5927115.0,100,70,0.7,0.15794317424297333,40.473480224609375
r93_c51,563805.0,5927115.0,100,100,1.0,0.40040168166160583,46.047332763671875
r93_c52,564105.0,5927115.0,100,90,0.9,0.34139150381088257,47.57728576660156
r93_c57,565605.0,5927115.0,100,85,0.85,0.4833678603172302,40.32030487060547
r93_c58,565905.0,5927115.0,100,100,1.0,0.7257150411605835,35.0544319152832
r93_c59,566205.0,5927115.0,100,100,1.0,0.7674368023872375,33.98784637451172
r93_c60,566505.0,5927115.0,100,100,1.0,0.6405394673347473,36.39577102661133
r93_c61,566805.0,5927115.0,100,100,1.0,0.6876317858695984,37.500038146972656
r93_c62,567105.0,5927115.0,100,100,1.0,0.6624656915664673,37.401668548583984
r93_c63,567405.0,5927115.0,100,100,1.0,0.652677059173584,38.294559478759766
r93_c64,567705.0,5927115.0,100,100,1.0,0.6277159452438354,36.880958557128906
r93_c65,568005.0,5927115.0,100,100,1.0,0.6834909319877625,37.6288948059082
r93_c66,568305.0,5927115.0,100,96,0.96,0.6716666221618652,37.42177200317383
r93_c67,568605.0,5927115.0,100,100,1.0,0.7203636169433594,33.19972229003906
r93_c68,568905.0,5927115.0,100,100,1.0,0.7424176931381226,33.95674133300781
r93_c76,571305.0,5927115.0,100,74,0.74,0.7688288688659668,34.541561126708984
r93_c83,573405.0,5927115.0,100,100,1.0,0.7215107679367065,35.23357391357422
r93_c84,573705.0,5927115.0,100,98,0.98,0.6914753317832947,37.197113037109375
r93_c85,574005.0,5927115.0,100,96,0.96,0.6381881833076477,38.43094253540039
r93_c86,574305.0,5927115.0,100,100,1.0,0.7507866621017456,35.69797897338867
r93_c87,574605.0,5927115.0,100,100,1.0,0.7769164443016052,33.603599548339844
r93_c88,574905.0,5927115.0,100,100,1.0,0.8177972435951233,32.10505676269531
r93_c89,575205.0,5927115.0,100,100,1.0,0.8345824480056763,32.719757080078125
r93_c90,575505.0,5927115.0,100,83,0.83,0.7753700613975525,32.68334197998047
r93_c91,575805.0,5927115.0,100,97,0.97,0.645567774772644,38.11257553100586
r93_c92,576105.0,5927115.0,100,99,0.99,0.5272080302238464,41.62835693359375
r93_c93,576405.0,5927115.0,100,100,1.0,0.5485162138938904,41.96027755737305
r93_c94,576705.0,5927115.0,100,99,0.99,0.6127104759216309,40.325233459472656
r93_c95,577005.0,5927115.0,100,99,0.99,0.5057517290115356,42.68625259399414
r93_c96,577305.0,5927115.0,100,98,0.98,0.5558973550796509,41.13600158691406
r93_c97,577605.0,5927115.0,100,99,0.99,0.5546445250511169,39.81280517578125
r93_c98,577905.0,5927115.0,100,100,1.0,0.5380058884620667,41.68263244628906
r93_c99,578205.0,5927115.0,100,98,0.98,0.5324642658233643,41.559730529785156
r93_c100,578505.0,5927115.0,100,96,0.96,0.5315905213356018,41.4872932434082
r93_c101,578805.0,5927115.0,100,99,0.99,0.6084306240081787,40.646907806396484
r93_c102,579105.0,5927115.0,100,86,0.86,0.5130975246429443,41.40056610107422
r93_c103,579405.0,5927115.0,100,91,0.91,0.4671764671802521,42.923683166503906
r93_c104,579705.0,5927115.0,100,74,0.74,0.40230482816696167,43.75215148925781
r93_c106,580305.0,5927115.0,100,97,0.97,0.40554067492485046,43.08332443237305
r93_c107,580605.0,5927115.0,100,80,0.8,0.30250826478004456,45.16120147705078
r93_c108,580905.0,5927115.0,100,100,1.0,0.5975310802459717,40.825016021728516
r93_c109,581205.0,5927115.0,100,100,1.0,0.7010436058044434,37.360206604003906
r93_c110,581505.0,5927115.0,100,100,1.0,0.668332040309906,37.80414581298828
r93_c111,581805.0,5927115.0,100,100,1.0,0.6591683030128479,38.2599983215332
r94_c16,553305.0,5926815.0,100,100,1.0,0.8270856738090515,31.14653778076172
r94_c17,553605.0,5926815.0,100,100,1.0,0.7904911041259766,31.63579559326172
r94_c18,553905.0,5926815.0,100,100,1.0,0.6732111573219299,34.199790954589844
r94_c19,554205.0,5926815.0,100,100,1.0,0.6801539659500122,33.63783645629883
r94_c20,554505.0,5926815.0,100,100,1.0,0.8129984140396118,31.544084548950195
r94_c21,554805.0,5926815.0,100,100,1.0,0.8073773980140686,31.3376407623291
r94_c22,555105.0,5926815.0,100,100,1.0,0.8400830030441284,29.872791290283203
r94_c23,555405.0,5926815.0,100,100,1.0,0.8626692295074463,29.774085998535156
r94_c24,555705.0,5926815.0,100,100,1.0,0.8566530346870422,30.104124069213867
r94_c25,556005.0,5926815.0,100,100,1.0,0.8471463918685913,30.115713119506836
r94_c26,556305.0,5926815.0,100,100,1.0,0.814868688583374,30.7490291595459
r94_c27,556605.0,5926815.0,100,100,1.0,0.8076807260513306,30.528636932373047
r94_c28,556905.0,5926815.0,100,100,1.0,0.7975608706474304,31.738306045532227
r94_c29,557205.0,5926815.0,100,100,1.0,0.6374479532241821,35.0308952331543
r94_c30,557505.0,5926815.0,100,100,1.0,0.6075971722602844,35.37757110595703
r94_c31,557805.0,5926815.0,100,100,1.0,0.7591562867164612,33.07643127441406
r94_c32,558105.0,5926815.0,100,100,1.0,0.8725137114524841,29.617029190063477
r94_c33,558405.0,5926815.0,100,100,1.0,0.8617152571678162,29.845352172851562
r94_c34,558705.0,5926815.0,100,100,1.0,0.816239595413208,30.879291534423828
r94_c35,559005.0,5926815.0,100,100,1.0,0.6847939491271973,33.14752197265625
r94_c36,559305.0,5926815.0,100,100,1.0,0.5846983790397644,36.46320343017578
r94_c37,559605.0,5926815.0,100,100,1.0,0.5802747011184692,36.55586624145508
r94_c38,559905.0,5926815.0,100,100,1.0,0.6770421862602234,34.960269927978516
r94_c39,560205.0,5926815.0,100,100,1.0,0.6404767036437988,35.884708404541016
r94_c40,560505.0,5926815.0,100,90,0.9,0.6536779403686523,35.90653610229492
r94_c41,560805.0,5926815.0,100,100,1.0,0.33323439955711365,45.61908721923828
r94_c42,561105.0,5926815.0,100,95,0.95,0.3394622802734375,43.789241790771484
r94_c44,561705.0,5926815.0,100,100,1.0,0.6461063623428345,38.175498962402344
r94_c45,562005.0,5926815.0,100,100,1.0,0.7308254837989807,35.504276275634766
r94_c46,562305.0,5926815.0,100,100,1.0,0.7277428507804871,35.5283088684082
r94_c47,562605.0,5926815.0,100,100,1.0,0.34582528471946716,45.843994140625
r94_c48,562905.0,5926815.0,100,98,0.98,0.35567307472229004,43.30222702026367
r94_c49,563205.0,5926815.0,100,80,0.8,0.2702881693840027,39.553680419921875
r94_c51,563805.0,5926815.0,100,74,0.74,0.4167105555534363,41.56037139892578
r94_c52,564105.0,5926815.0,100,100,1.0,0.27554118633270264,44.026702880859375
r94_c53,564405.0,5926815.0,100,100,1.0,0.28859806060791016,44.635799407958984
r94_c54,564705.0,5926815.0,100,75,0.75,0.32923147082328796,45.77341842651367
r94_c59,566205.0,5926815.0,100,85,0.85,0.7227740287780762,34.65788269042969
r94_c60,566505.0,5926815.0,100,100,1.0,0.634773850440979,36.918724060058594
r94_c61,566805.0,5926815.0,100,100,1.0,0.5850416421890259,39.688175201416016
r94_c62,567105.0,5926815.0,100,100,1.0,0.6507178544998169,37.867549896240234
r94_c63,567405.0,5926815.0,100,95,0.95,0.6034979820251465,38.618858337402344
r94_c66,568305.0,5926815.0,100,90,0.9,0.6476789116859436,35.1504020690918
r94_c67,568605.0,5926815.0,100,100,1.0,0.729889988899231,34.3216552734375
r94_c68,568905.0,5926815.0,100,100,1.0,0.7386128902435303,34.70610427856445
r94_c69,569205.0,5926815.0,100,90,0.9,0.7526564002037048,33.44838333129883
r94_c76,571305.0,5926815.0,100,99,0.99,0.7190465331077576,36.49134826660156
r94_c77,571605.0,5926815.0,100,75,0.75,0.7403444647789001,35.70244598388672
r94_c84,573705.0,5926815.0,100,81,0.81,0.708562970161438,34.68986129760742
r94_c85,574005.0,5926815.0,100,99,0.99,0.7104540467262268,36.536888122558594
r94_c86,574305.0,5926815.0,100,100,1.0,0.6196713447570801,38.671661376953125
r94_c87,574605.0,5926815.0,100,100,1.0,0.634902834892273,38.67408752441406
r94_c88,574905.0,5926815.0,100,100,1.0,0.7010104656219482,36.277957916259766
r94_c89,575205.0,5926815.0,100,99,0.99,0.7715498805046082,34.68477249145508
r94_c90,575505.0,5926815.0,100,72,0.72,0.7583940029144287,33.19974136352539
r94_c91,575805.0,5926815.0,100,99,0.99,0.6606664657592773,36.76327133178711
r94_c92,576105.0,5926815.0,100,95,0.95,0.5204964876174927,39.964508056640625
r94_c93,576405.0,5926815.0,100,84,0.84,0.4825836718082428,39.076454162597656
r94_c94,576705.0,5926815.0,100,95,0.95,0.5183197259902954,37.80500793457031
r94_c95,577005.0,5926815.0,100,81,0.81,0.48585405945777893,40.432899475097656
r94_c96,577305.0,5926815.0,100,96,0.96,0.6126434206962585,39.84101486206055
r94_c97,577605.0,5926815.0,100,100,1.0,0.6336076259613037,38.998531341552734
r94_c98,577905.0,5926815.0,100,100,1.0,0.505208432674408,41.3758659362793
r94_c99,578205.0,5926815.0,100,100,1.0,0.5630046725273132,40.99577713012695
r94_c100,578505.0,5926815.0,100,100,1.0,0.6703014969825745,38.8013801574707
r94_c101,578805.0,5926815.0,100,100,1.0,0.6195928454399109,39.870460510253906
r94_c102,579105.0,5926815.0,100,100,1.0,0.6748374104499817,38.02449035644531
r94_c103,579405.0,5926815.0,100,89,0.89,0.5622205138206482,40.42951202392578
r94_c104,579705.0,5926815.0,100,90,0.9,0.36218133568763733,44.65674591064453
r94_c105,580005.0,5926815.0,100,84,0.84,0.3773246705532074,43.1182975769043
r94_c106,580305.0,5926815.0,100,81,0.81,0.48407864570617676,42.554229736328125
r94_c107,580605.0,5926815.0,100,95,0.95,0.3697652220726013,44.58412170410156
r94_c108,580905.0,5926815.0,100,96,0.96,0.4411890208721161,43.325748443603516
r94_c109,581205.0,5926815.0,100,100,1.0,0.6175455451011658,39.29644012451172
r94_c110,581505.0,5926815.0,100,100,1.0,0.6558505296707153,38.42454147338867
r94_c111,581805.0,5926815.0,100,100,1.0,0.7071526050567627,37.6089973449707
r95_c16,553305.0,5926515.0,100,100,1.0,0.8050103783607483,31.597009658813477
r95_c17,553605.0,5926515.0,100,100,1.0,0.8270294070243835,30.851058959960938
r95_c18,553905.0,5926515.0,100,100,1.0,0.8009559512138367,31.724773406982422
r95_c19,554205.0,5926515.0,100,100,1.0,0.7219132781028748,32.947261810302734
r95_c20,554505.0,5926515.0,100,100,1.0,0.7521079182624817,32.851318359375
r95_c21,554805.0,5926515.0,100,100,1.0,0.7680949568748474,32.24346160888672
r95_c22,555105.0,5926515.0,100,100,1.0,0.8593583106994629,29.19110870361328
r95_c23,555405.0,5926515.0,100,100,1.0,0.8551649451255798,29.662450790405273
r95_c24,555705.0,5926515.0,100,100,1.0,0.7885727882385254,31.731122970581055
r95_c25,556005.0,5926515.0,100,100,1.0,0.7692028880119324,32.58607864379883
r95_c26,556305.0,5926515.0,100,100,1.0,0.8014238476753235,31.70770835876465
r95_c27,556605.0,5926515.0,100,100,1.0,0.8292526006698608,30.364952087402344
r95_c28,556905.0,5926515.0,100,100,1.0,0.8074458241462708,32.503326416015625
r95_c29,557205.0,5926515.0,100,100,1.0,0.7134586572647095,35.68058776855469
r95_c30,557505.0,5926515.0,100,90,0.9,0.6601184606552124,36.79742431640625
r95_c31,557805.0,5926515.0,100,100,1.0,0.7827082872390747,33.44512939453125
r95_c32,558105.0,5926515.0,100,100,1.0,0.829108476638794,31.43206024169922
r95_c33,558405.0,5926515.0,100,100,1.0,0.7798792123794556,32.29076385498047
r95_c34,558705.0,5926515.0,100,100,1.0,0.8419594764709473,31.271684646606445
r95_c35,559005.0,5926515.0,100,100,1.0,0.8071438670158386,31.81145477294922
r95_c36,559305.0,5926515.0,100,100,1.0,0.6682255268096924,35.130958557128906
r95_c37,559605.0,5926515.0,100,100,1.0,0.6127809286117554,35.85544967651367
r95_c38,559905.0,5926515.0,100,100,1.0,0.6333181262016296,36.929290771484375
r95_c39,560205.0,5926515.0,100,100,1.0,0.6857283115386963,35.23948669433594
r95_c40,560505.0,5926515.0,100,91,0.91,0.598109245300293,36.032203674316406
r95_c41,560805.0,5926515.0,100,99,0.99,0.6442157626152039,36.04997634887695
r95_c42,561105.0,5926515.0,100,94,0.94,0.645923376083374,36.4837760925293
r95_c43,561405.0,5926515.0,100,97,0.97,0.6140957474708557,35.019866943359375
r95_c44,561705.0,5926515.0,100,100,1.0,0.71595299243927,34.07893371582031
r95_c45,562005.0,5926515.0,100,100,1.0,0.7066951990127563,35.159000396728516
r95_c46,562305.0,5926515.0,100,100,1.0,0.340638130903244,46.01380920410156
r95_c47,562605.0,5926515.0,100,100,1.0,0.3765031695365906,44.54767608642578
r95_c48,562905.0,5926515.0,100,100,1.0,0.29077059030532837,46.329185485839844
r95_c49,563205.0,5926515.0,100,100,1.0,0.28194934129714966,41.820274353027344
r95_c50,563505.0,5926515.0,100,90,0.9,0.4763258099555969,37.89320755004883
r95_c52,564105.0,5926515.0,100,81,0.81,0.4128980338573456,41.3300666809082
r95_c53,564405.0,5926515.0,100,85,0.85,0.26607489585876465,45.005367279052734
r95_c61,566805.0,5926515.0,100,100,1.0,0.6181318163871765,38.7427864074707
r95_c62,567105.0,5926515.0,100,79,0.79,0.650059700012207,36.478118896484375
r95_c67,568605.0,5926515.0,100,72,0.72,0.6158607006072998,35.85597229003906
r95_c68,568905.0,5926515.0,100,100,1.0,0.6518771648406982,34.495628356933594
r95_c69,569205.0,5926515.0,100,100,1.0,0.7716202735900879,33.54609680175781
r95_c70,569505.0,5926515.0,100,87,0.87,0.7597450017929077,34.937538146972656
r95_c74,570705.0,5926515.0,100,71,0.71,0.6730434894561768,33.79203796386719
r95_c75,571005.0,5926515.0,100,99,0.99,0.6543564200401306,35.39395523071289
r95_c76,571305.0,5926515.0,100,93,0.93,0.6561044454574585,37.65202331542969
r95_c77,571605.0,5926515.0,100,91,0.91,0.6875489354133606,36.339263916015625
r95_c78,571905.0,5926515.0,100,94,0.94,0.621521532535553,37.386802673339844
r95_c79,572205.0,5926515.0,100,89,0.89,0.7363081574440002,32.73823547363281
r95_c80,572505.0,5926515.0,100,72,0.72,0.800557017326355,31.963748931884766
r95_c84,573705.0,5926515.0,100,71,0.71,0.7381911873817444,33.041900634765625
r95_c85,574005.0,5926515.0,100,95,0.95,0.627560555934906,36.09728240966797
r95_c86,574305.0,5926515.0,100,95,0.95,0.5435435771942139,38.88869857788086
r95_c87,574605.0,5926515.0,100,92,0.92,0.5841192007064819,38.973899841308594
r95_c88,574905.0,5926515.0,100,100,1.0,0.6726489067077637,36.887725830078125
r95_c89,575205.0,5926515.0,100,89,0.89,0.45402300357818604,38.71070861816406
r95_c90,575505.0,5926515.0,100,99,0.99,0.569327712059021,37.257606506347656
r95_c91,575805.0,5926515.0,100,100,1.0,0.7124810814857483,35.72798156738281
r95_c92,576105.0,5926515.0,100,94,0.94,0.6224892735481262,38.82756423950195
r95_c93,576405.0,5926515.0,100,93,0.93,0.625328779220581,40.17014694213867
r95_c94,576705.0,5926515.0,100,78,0.78,0.4409090578556061,41.56706237792969
r95_c95,577005.0,5926515.0,100,77,0.77,0.5795973539352417,38.70915603637695
r95_c97,577605.0,5926515.0,100,100,1.0,0.6255732178688049,39.469905853271484
r95_c98,577905.0,5926515.0,100,99,0.99,0.5599039793014526,41.99878692626953
r95_c99,578205.0,5926515.0,100,92,0.92,0.6012402772903442,38.8758544921875
r95_c100,578505.0,5926515.0,100,100,1.0,0.6755630970001221,38.84242630004883
r95_c101,578805.0,5926515.0,100,100,1.0,0.6230781078338623,40.048641204833984
r95_c102,579105.0,5926515.0,100,100,1.0,0.6248023509979248,39.499839782714844
r95_c103,579405.0,5926515.0,100,100,1.0,0.6717925071716309,39.49568176269531
r95_c104,579705.0,5926515.0,100,94,0.94,0.4016425311565399,42.6042594909668
r95_c107,580605.0,5926515.0,100,100,1.0,0.4428881108760834,41.110836029052734
r95_c108,580905.0,5926515.0,100,88,0.88,0.5096485018730164,40.41726303100586
r95_c109,581205.0,5926515.0,100,97,0.97,0.4705783724784851,41.960811614990234
r95_c110,581505.0,5926515.0,100,95,0.95,0.627038300037384,39.328617095947266
r95_c111,581805.0,5926515.0,100,100,1.0,0.7118769884109497,37.36543273925781
r95_c112,582105.0,5926515.0,99,99,1.0,0.695772647857666,36.1330451965332
r96_c16,553305.0,5926215.0,100,100,1.0,0.8585149645805359,29.374038696289062
r96_c17,553605.0,5926215.0,100,100,1.0,0.8281331658363342,30.496816635131836
r96_c18,553905.0,5926215.0,100,100,1.0,0.8354108333587646,30.574987411499023
r96_c19,554205.0,5926215.0,100,100,1.0,0.7169734835624695,34.29030227661133
r96_c20,554505.0,5926215.0,100,100,1.0,0.6212716102600098,34.91941833496094
r96_c21,554805.0,5926215.0,100,100,1.0,0.7068748474121094,33.1047248840332
r96_c22,555105.0,5926215.0,100,100,1.0,0.7816834449768066,31.998388290405273
r96_c23,555405.0,5926215.0,100,100,1.0,0.8173744082450867,32.14573669433594
r96_c24,555705.0,5926215.0,100,100,1.0,0.6953249573707581,34.156185150146484
r96_c25,556005.0,5926215.0,100,100,1.0,0.7797284126281738,32.95068359375
r96_c26,556305.0,5926215.0,100,100,1.0,0.7781848311424255,33.58769989013672
r96_c27,556605.0,5926215.0,100,100,1.0,0.7746660709381104,34.421051025390625
r96_c28,556905.0,5926215.0,100,100,1.0,0.7267058491706848,36.47524642944336
r96_c29,557205.0,5926215.0,100,100,1.0,0.6640264987945557,38.342647552490234
r96_c30,557505.0,5926215.0,100,100,1.0,0.6249220967292786,39.1508674621582
r96_c31,557805.0,5926215.0,100,100,1.0,0.5863692164421082,39.32012176513672
r96_c32,558105.0,5926215.0,100,100,1.0,0.5806766748428345,39.41268539428711
r96_c33,558405.0,5926215.0,100,100,1.0,0.595279335975647,38.54570388793945
r96_c34,558705.0,5926215.0,100,100,1.0,0.5733620524406433,38.094810485839844
r96_c35,559005.0,5926215.0,100,100,1.0,0.5959079265594482,37.90900421142578
r96_c36,559305.0,5926215.0,100,100,1.0,0.711831271648407,35.507259368896484
r96_c37,559605.0,5926215.0,100,100,1.0,0.66621994972229,36.658103942871094
r96_c38,559905.0,5926215.0,100,86,0.86,0.23215003311634064,45.37350082397461
r96_c39,560205.0,5926215.0,100,83,0.83,0.267810195684433,44.309513092041016
r96_c44,561705.0,5926215.0,100,80,0.8,0.758762538433075,32.97441482543945
r96_c45,562005.0,5926215.0,100,100,1.0,0.6569551229476929,37.50023651123047
r96_c46,562305.0,5926215.0,100,94,0.94,0.5532188415527344,41.820804595947266
r96_c48,562905.0,5926215.0,100,100,1.0,0.28294214606285095,45.518375396728516
r96_c49,563205.0,5926215.0,100,99,0.99,0.12961602210998535,42.80302047729492
r96_c50,563505.0,5926215.0,100,85,0.85,0.20470044016838074,41.82958221435547
r96_c68,568905.0,5926215.0,100,70,0.7,0.5466251373291016,34.4154167175293
r96_c69,569205.0,5926215.0,100,91,0.91,0.753429651260376,34.44816207885742
r96_c70,569505.0,5926215.0,100,100,1.0,0.7145999670028687,37.364784240722656
r96_c71,569805.0,5926215.0,100,100,1.0,0.6343458294868469,39.35496139526367
r96_c73,570405.0,5926215.0,100,79,0.79,0.6135002970695496,36.855934143066406
r96_c74,570705.0,5926215.0,100,100,1.0,0.6668409705162048,35.00590515136719
r96_c75,571005.0,5926215.0,100,100,1.0,0.6813145279884338,34.68098068237305
r96_c76,571305.0,5926215.0,100,100,1.0,0.707126796245575,35.90720748901367
r96_c77,571605.0,5926215.0,100,99,0.99,0.5449248552322388,38.37813949584961
r96_c78,571905.0,5926215.0,100,100,1.0,0.6699277758598328,37.46165084838867
r96_c79,572205.0,5926215.0,100,100,1.0,0.6211748719215393,37.686180114746094
r96_c80,572505.0,5926215.0,100,100,1.0,0.6947982311248779,35.870357513427734
r96_c81,572805.0,5926215.0,100,100,1.0,0.7793805003166199,34.22307205200195
r96_c82,573105.0,5926215.0,100,77,0.77,0.7375973463058472,33.20561218261719
r96_c83,573405.0,5926215.0,100,84,0.84,0.6816529631614685,33.018699645996094
r96_c86,574305.0,5926215.0,100,98,0.98,0.6763012409210205,39.73796081542969
r96_c87,574605.0,5926215.0,100,100,1.0,0.7140282392501831,39.190486907958984
r96_c88,574905.0,5926215.0,100,100,1.0,0.7290518283843994,36.544429779052734
r96_c89,575205.0,5926215.0,100,100,1.0,0.5987398624420166,36.87712860107422
r96_c90,575505.0,5926215.0,100,100,1.0,0.6872752904891968,35.8558235168457
r96_c91,575805.0,5926215.0,100,100,1.0,0.7753676772117615,34.478878021240234
r96_c92,576105.0,5926215.0,100,100,1.0,0.698839008808136,36.65437698364258
r96_c93,576405.0,5926215.0,100,100,1.0,0.7165461182594299,36.03919982910156
r96_c94,576705.0,5926215.0,100,96,0.96,0.7061455845832825,37.1302375793457
r96_c95,577005.0,5926215.0,100,71,0.71,0.675713837146759,35.18340301513672
r96_c96,577305.0,5926215.0,100,100,1.0,0.5973970293998718,37.886680603027344
r96_c97,577605.0,5926215.0,100,100,1.0,0.5671550631523132,40.498966217041016
r96_c98,577905.0,5926215.0,100,100,1.0,0.5985212922096252,40.29415512084961
r96_c99,578205.0,5926215.0,100,100,1.0,0.5574005246162415,40.835575103759766
r96_c100,578505.0,5926215.0,100,100,1.0,0.5641511678695679,41.89181137084961
r96_c101,578805.0,5926215.0,100,100,1.0,0.5994805693626404,40.57819747924805
r96_c102,579105.0,5926215.0,100,100,1.0,0.6268776655197144,40.230377197265625
r96_c103,579405.0,5926215.0,100,97,0.97,0.5650803446769714,41.9179573059082
r96_c104,579705.0,5926215.0,100,98,0.98,0.5166990160942078,39.040931701660156
r96_c105,580005.0,5926215.0,100,79,0.79,0.423759788274765,41.198246002197266
r96_c106,580305.0,5926215.0,100,86,0.86,0.6377549171447754,38.26334762573242
r96_c107,580605.0,5926215.0,100,79,0.79,0.38547319173812866,40.181053161621094
r96_c108,580905.0,5926215.0,100,100,1.0,0.7576084136962891,35.8441047668457
r96_c109,581205.0,5926215.0,100,97,0.97,0.7422905564308167,36.45285415649414
r96_c110,581505.0,5926215.0,100,98,0.98,0.7070111036300659,35.55859375
r96_c111,581805.0,5926215.0,100,99,0.99,0.6838157773017883,38.05349349975586
r96_c112,582105.0,5926215.0,100,100,1.0,0.7291711568832397,36.612857818603516
r96_c113,582405.0,5926215.0,100,100,1.0,0.7516111731529236,34.62164306640625
r96_c114,582705.0,5926215.0,100,100,1.0,0.8301970958709717,32.17280197143555
r97_c16,553305.0,5925915.0,100,100,1.0,0.8391952514648438,31.707612991333008
r97_c17,553605.0,5925915.0,100,100,1.0,0.7280306816101074,33.37725067138672
r97_c18,553905.0,5925915.0,100,100,1.0,0.7188831567764282,34.47344207763672
r97_c19,554205.0,5925915.0,100,100,1.0,0.6193962693214417,36.9930419921875
r97_c20,554505.0,5925915.0,100,100,1.0,0.5926945805549622,36.45893859863281
r97_c21,554805.0,5925915.0,100,100,1.0,0.6184660196304321,37.17237854003906
r97_c22,555105.0,5925915.0,100,100,1.0,0.6617494225502014,36.6956672668457
r97_c23,555405.0,5925915.0,100,100,1.0,0.7401161193847656,34.98025894165039
r97_c24,555705.0,5925915.0,100,100,1.0,0.6447961926460266,34.998077392578125
r97_c25,556005.0,5925915.0,100,100,1.0,0.7285398840904236,35.59917068481445
r97_c26,556305.0,5925915.0,100,98,0.98,0.5735616087913513,39.47906494140625
r97_c27,556605.0,5925915.0,100,100,1.0,0.5116637945175171,40.9329948425293
r97_c28,556905.0,5925915.0,100,100,1.0,0.5881229639053345,39.637325286865234
r97_c29,557205.0,5925915.0,100,100,1.0,0.6694981455802917,38.555694580078125
r97_c30,557505.0,5925915.0,100,99,0.99,0.6272921562194824,39.30763244628906
r97_c31,557805.0,5925915.0,100,100,1.0,0.6757932901382446,38.92658233642578
r97_c32,558105.0,5925915.0,100,100,1.0,0.6883299350738525,37.23219680786133
r97_c33,558405.0,5925915.0,100,100,1.0,0.6598846912384033,38.43691635131836
r97_c34,558705.0,5925915.0,100,100,1.0,0.6127247214317322,38.10468292236328
r97_c35,559005.0,5925915.0,100,100,1.0,0.5689828991889954,40.11382293701172
r97_c36,559305.0,5925915.0,100,100,1.0,0.6030224561691284,39.48924255371094
r97_c37,559605.0,5925915.0,100,100,1.0,0.6413723826408386,37.977020263671875
r97_c38,559905.0,5925915.0,100,72,0.72,0.1654203087091446,45.278499603271484
r97_c45,562005.0,5925915.0,100,89,0.89,0.4547758996486664,40.67626190185547
r97_c46,562305.0,5925915.0,100,98,0.98,0.3055439591407776,42.9327278137207
r97_c47,562605.0,5925915.0,100,83,0.83,0.24872131645679474,45.15647888183594
r97_c48,562905.0,5925915.0,100,88,0.88,0.20698235929012299,43.86996078491211
r97_c49,563205.0,5925915.0,100,76,0.76,0.13426542282104492,43.67856216430664
r97_c51,563805.0,5925915.0,100,100,1.0,0.40374240279197693,39.58868408203125
r97_c71,569805.0,5925915.0,100,100,1.0,0.6269476413726807,38.1389274597168
r97_c72,570105.0,5925915.0,100,100,1.0,0.6912884712219238,36.63100051879883
r97_c74,570705.0,5925915.0,100,100,1.0,0.6303454041481018,36.602291107177734
r97_c75,571005.0,5925915.0,100,100,1.0,0.6568745970726013,35.35700225830078
r97_c76,571305.0,5925915.0,100,100,1.0,0.7252353429794312,35.309391021728516
r97_c77,571605.0,5925915.0,100,100,1.0,0.5917860269546509,40.451698303222656
r97_c78,571905.0,5925915.0,100,100,1.0,0.5716086626052856,37.979591369628906
r97_c79,572205.0,5925915.0,100,100,1.0,0.6526247262954712,38.0915641784668
r97_c80,572505.0,5925915.0,100,91,0.91,0.5311256647109985,41.33333206176758
r97_c81,572805.0,5925915.0,100,81,0.81,0.6189426183700562,37.58615493774414
r97_c82,573105.0,5925915.0,100,87,0.87,0.6480981111526489,35.030181884765625
r97_c83,573405.0,5925915.0,100,100,1.0,0.8112228512763977,31.672203063964844
r97_c84,573705.0,5925915.0,100,100,1.0,0.8638297915458679,30.456655502319336
r97_c85,574005.0,5925915.0,100,100,1.0,0.8217816352844238,32.9952507019043
r97_c86,574305.0,5925915.0,100,100,1.0,0.7962205410003662,34.96707534790039
r97_c87,574605.0,5925915.0,100,100,1.0,0.7798198461532593,34.37260818481445
r97_c88,574905.0,5925915.0,100,100,1.0,0.6904180645942688,36.06045913696289
r97_c89,575205.0,5925915.0,100,100,1.0,0.6827066540718079,37.65135192871094
r97_c90,575505.0,5925915.0,100,96,0.96,0.7234139442443848,35.163028717041016
r97_c91,575805.0,5925915.0,100,100,1.0,0.7387716770172119,35.47438049316406
r97_c92,576105.0,5925915.0,100,100,1.0,0.7225582003593445,34.979034423828125
r97_c93,576405.0,5925915.0,100,100,1.0,0.7524611949920654,33.59821701049805
r97_c94,576705.0,5925915.0,100,100,1.0,0.6034741401672363,37.41526412963867
r97_c95,577005.0,5925915.0,100,100,1.0,0.6001288890838623,39.037662506103516
r97_c96,577305.0,5925915.0,100,100,1.0,0.6775650978088379,37.201332092285156
r97_c97,577605.0,5925915.0,100,100,1.0,0.62395840883255,38.76972579956055
r97_c98,577905.0,5925915.0,100,100,1.0,0.5651875734329224,39.91917419433594
r97_c99,578205.0,5925915.0,100,99,0.99,0.5978897213935852,41.07664489746094
r97_c100,578505.0,5925915.0,100,100,1.0,0.5707423090934753,41.959930419921875
r97_c101,578805.0,5925915.0,100,100,1.0,0.6281193494796753,40.294429779052734
r97_c102,579105.0,5925915.0,100,100,1.0,0.6149103045463562,40.04197311401367
r97_c103,579405.0,5925915.0,100,84,0.84,0.4298427700996399,43.691471099853516
r97_c105,580005.0,5925915.0,100,92,0.92,0.48711246252059937,40.75940704345703
r97_c106,580305.0,5925915.0,100,99,0.99,0.7331699132919312,35.92844772338867
r97_c107,580605.0,5925915.0,100,98,0.98,0.7110939621925354,35.252017974853516
r97_c108,580905.0,5925915.0,100,100,1.0,0.617635190486908,37.07148742675781
r97_c109,581205.0,5925915.0,100,100,1.0,0.5798443555831909,35.9224739074707
r97_c110,581505.0,5925915.0,100,100,1.0,0.755973219871521,33.68278503417969
r97_c111,581805.0,5925915.0,100,100,1.0,0.6507887840270996,38.197513580322266
r97_c112,582105.0,5925915.0,100,86,0.86,0.6531678438186646,38.279693603515625
r97_c113,582405.0,5925915.0,100,100,1.0,0.7146611213684082,36.101375579833984
r97_c114,582705.0,5925915.0,100,100,1.0,0.7885301113128662,33.7477912902832
r97_c115,583005.0,5925915.0,100,100,1.0,0.8246662616729736,32.80732727050781
r97_c116,583305.0,5925915.0,100,100,1.0,0.8679472208023071,31.70443344116211
r98_c16,553305.0,5925615.0,100,100,1.0,0.7343268394470215,37.48373031616211
r98_c17,553605.0,5925615.0,100,100,1.0,0.6585144996643066,35.67938232421875
r98_c18,553905.0,5925615.0,100,100,1.0,0.697445273399353,36.51957702636719
r98_c19,554205.0,5925615.0,100,100,1.0,0.624926745891571,37.51791763305664
r98_c20,554505.0,5925615.0,100,100,1.0,0.5752726197242737,36.6519889831543
r98_c21,554805.0,5925615.0,100,100,1.0,0.6029888391494751,37.099708557128906
r98_c22,555105.0,5925615.0,100,100,1.0,0.6760226488113403,38.50602722167969
r98_c23,555405.0,5925615.0,100,99,0.99,0.6628892421722412,37.448951721191406
r98_c24,555705.0,5925615.0,100,100,1.0,0.6190990209579468,38.69770812988281
r98_c25,556005.0,5925615.0,100,75,0.75,0.44928425550460815,41.339012145996094
r98_c26,556305.0,5925615.0,100,96,0.96,0.4794895648956299,41.36777114868164
r98_c27,556605.0,5925615.0,100,99,0.99,0.4853767156600952,42.41588592529297
r98_c28,556905.0,5925615.0,100,100,1.0,0.6095409393310547,39.21431350708008
r98_c29,557205.0,5925615.0,100,100,1.0,0.6297165155410767,38.65922546386719
r98_c30,557505.0,5925615.0,100,100,1.0,0.6112616062164307,40.29826354980469
r98_c31,557805.0,5925615.0,100,95,0.95,0.6048821806907654,40.07651138305664
r98_c32,558105.0,5925615.0,100,100,1.0,0.6596543192863464,38.52448272705078
r98_c33,558405.0,5925615.0,100,100,1.0,0.6751452088356018,38.86211395263672
r98_c34,558705.0,5925615.0,100,99,0.99,0.5708098411560059,40.94123458862305
r98_c35,559005.0,5925615.0,100,96,0.96,0.5639550089836121,40.44169235229492
r98_c36,559305.0,5925615.0,100,100,1.0,0.6144649386405945,39.478206634521484
r98_c37,559605.0,5925615.0,100,87,0.87,0.5736569166183472,39.74579620361328
r98_c38,559905.0,5925615.0,100,93,0.93,0.28214123845100403,48.40153884887695
r98_c46,562305.0,5925615.0,100,99,0.99,0.5647512078285217,38.7796630859375
r98_c47,562605.0,5925615.0,100,94,0.94,0.42656171321868896,43.14500045776367
r98_c48,562905.0,5925615.0,100,91,0.91,0.2641772925853729,44.46476364135742
r98_c50,563505.0,5925615.0,100,71,0.71,0.33994990587234497,38.37652587890625
r98_c51,563805.0,5925615.0,100,91,0.91,0.32424500584602356,40.33034896850586
r98_c52,564105.0,5925615.0,100,76,0.76,0.43081530928611755,37.2144660949707
r98_c72,570105.0,5925615.0,100,100,1.0,0.5160073637962341,39.3433723449707
r98_c74,570705.0,5925615.0,100,99,0.99,0.5813797116279602,37.72681427001953
r98_c75,571005.0,5925615.0,100,90,0.9,0.6143127083778381,38.73848342895508
r98_c76,571305.0,5925615.0,100,100,1.0,0.7112537622451782,36.67909240722656
r98_c77,571605.0,5925615.0,100,99,0.99,0.6748340725898743,37.31147003173828
r98_c78,571905.0,5925615.0,100,100,1.0,0.673737645149231,37.019561767578125
r98_c79,572205.0,5925615.0,100,97,0.97,0.6182143688201904,36.56456756591797
r98_c80,572505.0,5925615.0,100,87,0.87,0.6091465950012207,38.10701370239258
r98_c81,572805.0,5925615.0,100,96,0.96,0.5631811022758484,37.366119384765625
r98_c82,573105.0,5925615.0,100,97,0.97,0.49080583453178406,39.092140197753906
r98_c83,573405.0,5925615.0,100,100,1.0,0.7385512590408325,33.44546890258789
r98_c84,573705.0,5925615.0,100,100,1.0,0.8354105949401855,31.296762466430664
r98_c85,574005.0,5925615.0,100,100,1.0,0.7553607821464539,33.352813720703125
r98_c86,574305.0,5925615.0,100,100,1.0,0.8139777183532715,33.570133209228516
r98_c87,574605.0,5925615.0,100,100,1.0,0.7321130633354187,34.519134521484375
r98_c88,574905.0,5925615.0,100,100,1.0,0.7897094488143921,35.29875183105469
r98_c89,575205.0,5925615.0,100,100,1.0,0.7697802782058716,36.04145812988281
r98_c90,575505.0,5925615.0,100,99,0.99,0.7152702212333679,35.215641021728516
r98_c91,575805.0,5925615.0,100,100,1.0,0.7025978565216064,36.60443878173828
r98_c92,576105.0,5925615.0,100,100,1.0,0.7514671087265015,35.11616516113281
r98_c93,576405.0,5925615.0,100,100,1.0,0.7935251593589783,33.23933410644531
r98_c95,577005.0,5925615.0,100,96,0.96,0.6471617221832275,37.65597915649414
r98_c96,577305.0,5925615.0,100,100,1.0,0.6196149587631226,37.549049377441406
r98_c97,577605.0,5925615.0,100,100,1.0,0.5864251852035522,39.002357482910156
r98_c98,577905.0,5925615.0,100,100,1.0,0.7179173231124878,37.49617004394531
r98_c99,578205.0,5925615.0,100,99,0.99,0.6445003747940063,39.024925231933594
r98_c100,578505.0,5925615.0,100,99,0.99,0.6784076690673828,38.55900955200195
r98_c101,578805.0,5925615.0,100,100,1.0,0.6951329708099365,38.096702575683594
r98_c102,579105.0,5925615.0,100,94,0.94,0.6617936491966248,38.576560974121094
r98_c103,579405.0,5925615.0,100,93,0.93,0.557736873626709,38.81571960449219
r98_c104,579705.0,5925615.0,100,98,0.98,0.6734482645988464,36.753299713134766
r98_c105,580005.0,5925615.0,100,100,1.0,0.7392513751983643,35.7056999206543
r98_c106,580305.0,5925615.0,100,100,1.0,0.7799155712127686,34.912593841552734
r98_c107,580605.0,5925615.0,100,100,1.0,0.7385068535804749,33.6120719909668
r98_c108,580905.0,5925615.0,100,100,1.0,0.6017733812332153,37.51203536987305
r98_c109,581205.0,5925615.0,100,100,1.0,0.6440743207931519,35.2618408203125
r98_c110,581505.0,5925615.0,100,100,1.0,0.7689642310142517,33.874603271484375
r98_c111,581805.0,5925615.0,100,100,1.0,0.6385607719421387,38.043392181396484
r98_c112,582105.0,5925615.0,100,88,0.88,0.7846745848655701,35.00688171386719
r98_c113,582405.0,5925615.0,100,100,1.0,0.7872654795646667,33.80729675292969
r98_c114,582705.0,5925615.0,100,100,1.0,0.8391971588134766,33.14202117919922
r98_c115,583005.0,5925615.0,100,100,1.0,0.7416535019874573,35.06861877441406
r98_c116,583305.0,5925615.0,100,100,1.0,0.7343946695327759,35.831077575683594
r98_c117,583605.0,5925615.0,100,100,1.0,0.6885836720466614,37.00066375732422
r98_c118,583905.0,5925615.0,84,83,0.9880952380952381,0.7741996049880981,34.0764045715332
r99_c16,553305.0,5925315.0,100,100,1.0,0.652649462223053,39.025428771972656
r99_c17,553605.0,5925315.0,100,100,1.0,0.5980369448661804,39.70100021362305
r99_c18,553905.0,5925315.0,100,100,1.0,0.7342959642410278,34.47990417480469
r99_c19,554205.0,5925315.0,100,99,0.99,0.7052415013313293,35.8909912109375
r99_c20,554505.0,5925315.0,100,100,1.0,0.6994749307632446,37.2993278503418
r99_c21,554805.0,5925315.0,100,99,0.99,0.7096792459487915,37.062198638916016
r99_c22,555105.0,5925315.0,100,100,1.0,0.6103863716125488,39.05451202392578
r99_c23,555405.0,5925315.0,100,95,0.95,0.6208498477935791,38.86934280395508
r99_c24,555705.0,5925315.0,100,75,0.75,0.543159008026123,41.55110549926758
r99_c25,556005.0,5925315.0,100,75,0.75,0.5424084663391113,40.97500991821289
r99_c27,556605.0,5925315.0,100,74,0.74,0.40999874472618103,42.368228912353516
r99_c28,556905.0,5925315.0,100,99,0.99,0.6029722690582275,38.94124984741211
r99_c29,557205.0,5925315.0,100,100,1.0,0.6152379512786865,39.78425598144531
r99_c30,557505.0,5925315.0,100,100,1.0,0.6182965040206909,39.90385437011719
r99_c31,557805.0,5925315.0,100,100,1.0,0.6933647990226746,38.515594482421875
r99_c32,558105.0,5925315.0,100,100,1.0,0.5805290341377258,39.0073127746582
r99_c33,558405.0,5925315.0,100,95,0.95,0.5875867605209351,40.21888732910156
r99_c34,558705.0,5925315.0,100,100,1.0,0.5603238940238953,40.034767150878906
r99_c35,559005.0,5925315.0,100,100,1.0,0.5555412173271179,40.253997802734375
r99_c36,559305.0,5925315.0,100,100,1.0,0.5699394345283508,39.889095306396484
r99_c37,559605.0,5925315.0,100,99,0.99,0.6455655097961426,38.74558639526367
r99_c38,559905.0,5925315.0,100,93,0.93,0.6445299386978149,38.04924774169922
r99_c46,562305.0,5925315.0,100,100,1.0,0.6509590148925781,37.787353515625
r99_c47,562605.0,5925315.0,100,100,1.0,0.6551021337509155,37.38874816894531
r99_c48,562905.0,5925315.0,100,99,0.99,0.7085085511207581,36.800079345703125
r99_c49,563205.0,5925315.0,100,100,1.0,0.6275474429130554,37.8209114074707
r99_c50,563505.0,5925315.0,100,97,0.97,0.3965134024620056,41.689308166503906
r99_c51,563805.0,5925315.0,100,88,0.88,0.371252179145813,41.31837463378906
r99_c52,564105.0,5925315.0,100,99,0.99,0.3104393780231476,40.148014068603516
r99_c72,570105.0,5925315.0,100,100,1.0,0.7216169238090515,35.578121185302734
r99_c74,570705.0,5925315.0,100,85,0.85,0.6708807349205017,35.796287536621094
r99_c77,571605.0,5925315.0,100,93,0.93,0.696206271648407,36.511497497558594
r99_c78,571905.0,5925315.0,100,100,1.0,0.6199864745140076,38.323631286621094
r99_c79,572205.0,5925315.0,100,100,1.0,0.7743126749992371,33.840694427490234
r99_c80,572505.0,5925315.0,100,100,1.0,0.8299685716629028,32.1356086730957
r99_c81,572805.0,5925315.0,100,100,1.0,0.7910453677177429,33.06452941894531
r99_c82,573105.0,5925315.0,100,99,0.99,0.7583932876586914,34.50562286376953
r99_c83,573405.0,5925315.0,100,95,0.95,0.43245330452919006,36.7066650390625
r99_c84,573705.0,5925315.0,100,100,1.0,0.7557435035705566,32.14606857299805
r99_c85,574005.0,5925315.0,100,98,0.98,0.7539016008377075,33.94071960449219
r99_c86,574305.0,5925315.0,100,100,1.0,0.6763593554496765,37.08932113647461
r99_c87,574605.0,5925315.0,100,100,1.0,0.8355261087417603,32.61256408691406
r99_c88,574905.0,5925315.0,100,100,1.0,0.8282725811004639,34.75764465332031
r99_c89,575205.0,5925315.0,100,100,1.0,0.675537645816803,38.836002349853516
r99_c90,575505.0,5925315.0,100,100,1.0,0.6668713092803955,36.39136505126953
r99_c91,575805.0,5925315.0,100,98,0.98,0.7926639914512634,33.554832458496094
r99_c92,576105.0,5925315.0,100,100,1.0,0.6522462964057922,36.026458740234375
r99_c93,576405.0,5925315.0,100,88,0.88,0.7310264706611633,34.99250793457031
r99_c94,576705.0,5925315.0,100,92,0.92,0.70415860414505,34.666107177734375
r99_c95,577005.0,5925315.0,100,99,0.99,0.7054637670516968,36.68586730957031
r99_c96,577305.0,5925315.0,100,100,1.0,0.6421746015548706,37.9476203918457
r99_c97,577605.0,5925315.0,100,100,1.0,0.619688093662262,37.24476623535156
r99_c98,577905.0,5925315.0,100,100,1.0,0.710328996181488,36.646583557128906
r99_c99,578205.0,5925315.0,100,99,0.99,0.7411935329437256,35.27737045288086
r99_c100,578505.0,5925315.0,100,100,1.0,0.7678630948066711,35.208187103271484
r99_c101,578805.0,5925315.0,100,100,1.0,0.7648521661758423,34.42986297607422
r99_c102,579105.0,5925315.0,100,93,0.93,0.7038350105285645,35.42864227294922
r99_c103,579405.0,5925315.0,100,97,0.97,0.7405717372894287,34.051719665527344
r99_c104,579705.0,5925315.0,100,100,1.0,0.7226176261901855,33.97099304199219
r99_c105,580005.0,5925315.0,100,100,1.0,0.7631070613861084,34.885520935058594
r99_c106,580305.0,5925315.0,100,100,1.0,0.72412109375,36.733306884765625
r99_c107,580605.0,5925315.0,100,100,1.0,0.703459620475769,35.098876953125
r99_c108,580905.0,5925315.0,100,100,1.0,0.527427077293396,39.905330657958984
r99_c109,581205.0,5925315.0,100,100,1.0,0.7154767513275146,34.780208587646484
r99_c110,581505.0,5925315.0,100,100,1.0,0.7824938297271729,33.586570739746094
r99_c111,581805.0,5925315.0,100,100,1.0,0.7620130181312561,34.6286506652832
r99_c112,582105.0,5925315.0,100,100,1.0,0.7237562537193298,35.320457458496094
r99_c113,582405.0,5925315.0,100,100,1.0,0.7143089771270752,34.085323333740234
r99_c114,582705.0,5925315.0,100,100,1.0,0.6693493723869324,33.68667984008789
r99_c115,583005.0,5925315.0,100,100,1.0,0.7612019181251526,33.48738098144531
r99_c116,583305.0,5925315.0,100,99,0.99,0.7513856887817383,34.34539031982422
r99_c117,583605.0,5925315.0,100,99,0.99,0.7825779914855957,34.452632904052734
r99_c118,583905.0,5925315.0,80,80,1.0,0.6861101984977722,36.49502182006836
r100_c16,553305.0,5925015.0,100,100,1.0,0.679882287979126,39.33488845825195
r100_c17,553605.0,5925015.0,100,100,1.0,0.6439029574394226,38.606651306152344
r100_c18,553905.0,5925015.0,100,100,1.0,0.7154849767684937,37.9218864440918
r100_c19,554205.0,5925015.0,100,92,0.92,0.6161947846412659,37.66337966918945
r100_c20,554505.0,5925015.0,100,100,1.0,0.6648616194725037,38.155059814453125
r100_c21,554805.0,5925015.0,100,100,1.0,0.632973849773407,38.78647232055664
r100_c22,555105.0,5925015.0,100,100,1.0,0.6106947064399719,39.01968765258789
r100_c23,555405.0,5925015.0,100,100,1.0,0.6358994841575623,38.53648376464844
r100_c24,555705.0,5925015.0,100,98,0.98,0.544782817363739,40.007564544677734
r100_c25,556005.0,5925015.0,100,100,1.0,0.6574867963790894,37.68251419067383
r100_c26,556305.0,5925015.0,100,100,1.0,0.6075429320335388,39.19913101196289
r100_c27,556605.0,5925015.0,100,85,0.85,0.4113599359989166,42.350242614746094
r100_c28,556905.0,5925015.0,100,100,1.0,0.6651052236557007,38.03037643432617
r100_c29,557205.0,5925015.0,100,97,0.97,0.5759965777397156,39.63679885864258
r100_c30,557505.0,5925015.0,100,100,1.0,0.6581880450248718,37.56565475463867
r100_c31,557805.0,5925015.0,100,100,1.0,0.5903317928314209,37.527339935302734
r100_c32,558105.0,5925015.0,100,100,1.0,0.7560376524925232,34.13033676147461
r100_c33,558405.0,5925015.0,100,100,1.0,0.7054029703140259,35.712337493896484
r100_c34,558705.0,5925015.0,100,98,0.98,0.7124868631362915,37.02764129638672
r100_c35,559005.0,5925015.0,100,83,0.83,0.7353366017341614,34.158485412597656
r100_c36,559305.0,5925015.0,100,95,0.95,0.775128960609436,31.61835479736328
r100_c37,559605.0,5925015.0,100,100,1.0,0.8047021627426147,31.60555648803711
r100_c38,559905.0,5925015.0,100,100,1.0,0.7134761810302734,33.927860260009766
r100_c46,562305.0,5925015.0,100,100,1.0,0.6712159514427185,34.87652587890625
r100_c47,562605.0,5925015.0,100,100,1.0,0.7603692412376404,33.427764892578125
r100_c48,562905.0,5925015.0,100,97,0.97,0.5845823884010315,37.484291076660156
r100_c49,563205.0,5925015.0,100,100,1.0,0.597907543182373,38.587581634521484
r100_c50,563505.0,5925015.0,100,99,0.99,0.5427253246307373,40.3300666809082
r100_c51,563805.0,5925015.0,100,100,1.0,0.499542236328125,41.64592361450195
r100_c52,564105.0,5925015.0,100,95,0.95,0.4849957227706909,40.93199157714844
r100_c53,564405.0,5925015.0,100,97,0.97,0.5086478590965271,39.96186828613281
r100_c72,570105.0,5925015.0,100,86,0.86,0.7215873599052429,35.876686096191406
r100_c78,571905.0,5925015.0,100,72,0.72,0.7018754482269287,34.373600006103516
r100_c79,572205.0,5925015.0,100,100,1.0,0.7871795892715454,34.027496337890625
r100_c80,572505.0,5925015.0,100,100,1.0,0.7754175662994385,33.291080474853516
r100_c81,572805.0,5925015.0,100,100,1.0,0.7851070165634155,32.758445739746094
r100_c82,573105.0,5925015.0,100,100,1.0,0.6046410799026489,36.341739654541016
r100_c83,573405.0,5925015.0,100,99,0.99,0.6653562784194946,35.597660064697266
r100_c84,573705.0,5925015.0,100,100,1.0,0.7822988033294678,32.943058013916016
r100_c85,574005.0,5925015.0,100,100,1.0,0.7658511996269226,34.45755386352539
r100_c86,574305.0,5925015.0,100,100,1.0,0.711371898651123,35.6640739440918
r100_c87,574605.0,5925015.0,100,100,1.0,0.8541839718818665,31.789262771606445
r100_c88,574905.0,5925015.0,100,100,1.0,0.730248212814331,37.60397720336914
r100_c89,575205.0,5925015.0,100,100,1.0,0.5806087255477905,38.83555221557617
r100_c90,575505.0,5925015.0,100,100,1.0,0.6316465139389038,37.168663024902344
r100_c91,575805.0,5925015.0,100,100,1.0,0.737656831741333,37.174400329589844
r100_c92,576105.0,5925015.0,100,100,1.0,0.6111890077590942,40.30824279785156
r100_c93,576405.0,5925015.0,100,100,1.0,0.6759889721870422,37.57785415649414
r100_c94,576705.0,5925015.0,100,100,1.0,0.6813129186630249,35.93669128417969
r100_c95,577005.0,5925015.0,100,100,1.0,0.6059982180595398,37.89043426513672
r100_c96,577305.0,5925015.0,100,98,0.98,0.49251648783683777,39.86700439453125
r100_c97,577605.0,5925015.0,100,100,1.0,0.5924695730209351,37.10552215576172
r100_c98,577905.0,5925015.0,100,100,1.0,0.7670887112617493,34.48578643798828
r100_c99,578205.0,5925015.0,100,98,0.98,0.6532102227210999,37.56082534790039
r100_c100,578505.0,5925015.0,100,100,1.0,0.6544484496116638,37.4470100402832
r100_c101,578805.0,5925015.0,100,94,0.94,0.625211238861084,36.411521911621094
r100_c102,579105.0,5925015.0,100,99,0.99,0.688086748123169,35.73965835571289
r100_c103,579405.0,5925015.0,100,100,1.0,0.6755535006523132,36.55823516845703
r100_c104,579705.0,5925015.0,100,100,1.0,0.7612488269805908,34.0460205078125
r100_c105,580005.0,5925015.0,100,100,1.0,0.8468034863471985,34.522178649902344
r100_c106,580305.0,5925015.0,100,100,1.0,0.7445047497749329,38.04075622558594
r100_c107,580605.0,5925015.0,100,100,1.0,0.6839539408683777,37.484859466552734
r100_c108,580905.0,5925015.0,100,100,1.0,0.6665436625480652,37.85334396362305
r100_c109,581205.0,5925015.0,100,100,1.0,0.7689135670661926,33.87190628051758
r100_c110,581505.0,5925015.0,100,100,1.0,0.7781729102134705,35.35331726074219
r100_c111,581805.0,5925015.0,100,100,1.0,0.7137159109115601,35.25507354736328
r100_c112,582105.0,5925015.0,100,100,1.0,0.6700235605239868,36.526512145996094
r100_c113,582405.0,5925015.0,100,100,1.0,0.637891411781311,35.107818603515625
r100_c114,582705.0,5925015.0,100,100,1.0,0.6370470523834229,34.41571807861328
r100_c115,583005.0,5925015.0,100,100,1.0,0.7462827563285828,34.32356262207031
r100_c116,583305.0,5925015.0,100,100,1.0,0.7997390031814575,33.19623565673828
r100_c117,583605.0,5925015.0,100,100,1.0,0.7266709208488464,35.77546310424805
r100_c118,583905.0,5925015.0,100,100,1.0,0.7634745240211487,34.755836486816406
r101_c17,553605.0,5924715.0,100,100,1.0,0.7195183038711548,36.729164123535156
r101_c18,553905.0,5924715.0,100,95,0.95,0.6214208006858826,37.57844924926758
r101_c19,554205.0,5924715.0,100,100,1.0,0.6884356737136841,36.685997009277344
r101_c20,554505.0,5924715.0,100,100,1.0,0.7445799112319946,35.113739013671875
r101_c21,554805.0,5924715.0,100,100,1.0,0.653847873210907,38.48357009887695
r101_c22,555105.0,5924715.0,100,100,1.0,0.640930712223053,38.412681579589844
r101_c23,555405.0,5924715.0,100,100,1.0,0.6777727603912354,37.609169006347656
r101_c24,555705.0,5924715.0,100,100,1.0,0.6175183653831482,38.8506965637207
r101_c25,556005.0,5924715.0,100,100,1.0,0.6988406181335449,37.25824737548828
r101_c26,556305.0,5924715.0,100,99,0.99,0.669920027256012,37.30515670776367
r101_c27,556605.0,5924715.0,100,99,0.99,0.672446608543396,36.08333206176758
r101_c28,556905.0,5924715.0,100,100,1.0,0.692018449306488,36.385101318359375
r101_c29,557205.0,5924715.0,100,100,1.0,0.6607425212860107,37.00254821777344
r101_c30,557505.0,5924715.0,100,100,1.0,0.793287992477417,32.80127716064453
r101_c31,557805.0,5924715.0,100,100,1.0,0.7795606255531311,31.899564743041992
r101_c32,558105.0,5924715.0,100,100,1.0,0.8028820753097534,31.95709800720215
r101_c38,559905.0,5924715.0,100,99,0.99,0.8681946396827698,29.525062561035156
r101_c39,560205.0,5924715.0,100,74,0.74,0.8589493036270142,29.061555862426758
r101_c45,562005.0,5924715.0,100,99,0.99,0.8693153262138367,30.33408546447754
r101_c46,562305.0,5924715.0,100,100,1.0,0.8457973003387451,30.902807235717773
r101_c47,562605.0,5924715.0,100,100,1.0,0.8258805274963379,31.842012405395508
r101_c48,562905.0,5924715.0,100,100,1.0,0.7060531377792358,36.15193176269531
r101_c49,563205.0,5924715.0,100,96,0.96,0.6563499569892883,38.04691696166992
r101_c50,563505.0,5924715.0,100,99,0.99,0.47072702646255493,42.08041000366211
r101_c51,563805.0,5924715.0,100,100,1.0,0.5182836055755615,42.146121978759766
r101_c52,564105.0,5924715.0,100,100,1.0,0.5876081585884094,39.151859283447266
r101_c53,564405.0,5924715.0,100,100,1.0,0.5695779323577881,37.96658706665039
r101_c54,564705.0,5924715.0,100,100,1.0,0.3611223101615906,41.42333984375
r101_c55,565005.0,5924715.0,100,86,0.86,0.25352030992507935,42.11697006225586
r101_c72,570105.0,5924715.0,100,83,0.83,0.5705149173736572,36.56950759887695
r101_c79,572205.0,5924715.0,100,93,0.93,0.6991204023361206,35.79166030883789
r101_c80,572505.0,5924715.0,100,100,1.0,0.7111823558807373,35.8161735534668
r101_c81,572805.0,5924715.0,100,100,1.0,0.7342453002929688,34.6246223449707
r101_c82,573105.0,5924715.0,100,100,1.0,0.6471660137176514,36.35157012939453
r101_c83,573405.0,5924715.0,100,100,1.0,0.8022109270095825,33.69700622558594
r101_c84,573705.0,5924715.0,100,100,1.0,0.7337221503257751,34.89662551879883
r101_c85,574005.0,5924715.0,100,100,1.0,0.7417261600494385,35.95871353149414
r101_c86,574305.0,5924715.0,100,100,1.0,0.658364474773407,38.276058197021484
r101_c87,574605.0,5924715.0,100,100,1.0,0.5922815799713135,40.331485748291016
r101_c88,574905.0,5924715.0,100,100,1.0,0.723297119140625,37.69865417480469
r101_c89,575205.0,5924715.0,100,100,1.0,0.819461464881897,34.70939636230469
r101_c90,575505.0,5924715.0,100,100,1.0,0.6148906350135803,39.49348831176758
r101_c91,575805.0,5924715.0,100,100,1.0,0.7072662115097046,38.71127700805664
r101_c92,576105.0,5924715.0,100,100,1.0,0.5154986381530762,41.384098052978516
r101_c93,576405.0,5924715.0,100,100,1.0,0.7317200303077698,35.72970199584961
r101_c94,576705.0,5924715.0,100,100,1.0,0.740492582321167,35.171329498291016
r101_c95,577005.0,5924715.0,100,100,1.0,0.734771192073822,36.146690368652344
r101_c96,577305.0,5924715.0,100,100,1.0,0.6939490437507629,36.40998458862305
r101_c97,577605.0,5924715.0,100,100,1.0,0.7701669335365295,34.807899475097656
r101_c98,577905.0,5924715.0,100,100,1.0,0.7494664192199707,36.12639617919922
r101_c99,578205.0,5924715.0,100,100,1.0,0.7186543941497803,37.049034118652344
r101_c100,578505.0,5924715.0,100,100,1.0,0.6962625980377197,35.17485046386719
r101_c101,578805.0,5924715.0,100,100,1.0,0.7758159637451172,34.550079345703125
r101_c102,579105.0,5924715.0,100,100,1.0,0.7295231819152832,35.718597412109375
r101_c103,579405.0,5924715.0,100,95,0.95,0.7211393117904663,36.4821662902832
r101_c104,579705.0,5924715.0,100,95,0.95,0.6077192425727844,38.28120040893555
r101_c105,580005.0,5924715.0,100,71,0.71,0.758221447467804,36.391815185546875
r101_c106,580305.0,5924715.0,100,74,0.74,0.6752691268920898,37.55694580078125
r101_c107,580605.0,5924715.0,100,98,0.98,0.699751079082489,37.01247024536133
r101_c108,580905.0,5924715.0,100,100,1.0,0.6979573965072632,35.251216888427734
r101_c109,581205.0,5924715.0,100,100,1.0,0.8193991184234619,33.47705841064453
r101_c110,581505.0,5924715.0,100,96,0.96,0.7005828022956848,34.253013610839844
r101_c111,581805.0,5924715.0,100,100,1.0,0.7813928723335266,33.615455627441406
r101_c112,582105.0,5924715.0,100,100,1.0,0.7234214544296265,35.13652420043945
r101_c113,582405.0,5924715.0,100,100,1.0,0.6643523573875427,35.04366683959961
r101_c114,582705.0,5924715.0,100,100,1.0,0.7519163489341736,35.1806640625
r101_c115,583005.0,5924715.0,100,100,1.0,0.7382970452308655,35.335147857666016
r101_c116,583305.0,5924715.0,100,100,1.0,0.6631421446800232,34.141273498535156
r101_c117,583605.0,5924715.0,100,100,1.0,0.7519028186798096,35.402462005615234
r101_c118,583905.0,5924715.0,100,100,1.0,0.6418129205703735,38.3399772644043
r101_c119,584205.0,5924715.0,90,90,1.0,0.6464069485664368,37.4238395690918
r102_c18,553905.0,5924415.0,100,98,0.98,0.5038115978240967,40.046382904052734
r102_c19,554205.0,5924415.0,100,71,0.71,0.5930020213127136,38.46413803100586
r102_c20,554505.0,5924415.0,100,100,1.0,0.8440342545509338,32.63157272338867
r102_c21,554805.0,5924415.0,100,100,1.0,0.7829815149307251,33.99943161010742
r102_c22,555105.0,5924415.0,100,100,1.0,0.7485114336013794,33.6281623840332
r102_c23,555405.0,5924415.0,100,100,1.0,0.7464136481285095,34.51753616333008
r102_c24,555705.0,5924415.0,100,97,0.97,0.7329581379890442,35.98417282104492
r102_c25,556005.0,5924415.0,100,100,1.0,0.7292208671569824,36.00457763671875
r102_c26,556305.0,5924415.0,100,100,1.0,0.6484262347221375,38.95880889892578
r102_c27,556605.0,5924415.0,100,99,0.99,0.6327005624771118,39.19334411621094
r102_c28,556905.0,5924415.0,100,100,1.0,0.6123165488243103,39.40345764160156
r102_c29,557205.0,5924415.0,100,99,0.99,0.6064501404762268,38.63924789428711
r102_c30,557505.0,5924415.0,100,100,1.0,0.7731039524078369,33.359375
r102_c31,557805.0,5924415.0,100,100,1.0,0.7318760752677917,34.097904205322266
r102_c32,558105.0,5924415.0,100,78,0.78,0.8297367691993713,31.215927124023438
r102_c39,560205.0,5924415.0,100,100,1.0,0.8584132194519043,28.54669952392578
r102_c40,560505.0,5924415.0,100,82,0.82,0.8670756816864014,28.814023971557617
r102_c44,561705.0,5924415.0,100,98,0.98,0.8149573802947998,30.544124603271484
r102_c45,562005.0,5924415.0,100,100,1.0,0.8670001029968262,29.666488647460938
r102_c46,562305.0,5924415.0,100,100,1.0,0.8640901446342468,29.897817611694336
r102_c47,562605.0,5924415.0,100,100,1.0,0.840014636516571,31.651870727539062
r102_c48,562905.0,5924415.0,100,100,1.0,0.6907525062561035,36.643104553222656
r102_c49,563205.0,5924415.0,100,100,1.0,0.645241916179657,38.172367095947266
r102_c50,563505.0,5924415.0,100,100,1.0,0.5738726258277893,39.75322723388672
r102_c51,563805.0,5924415.0,100,100,1.0,0.45378267765045166,43.049354553222656
r102_c52,564105.0,5924415.0,100,100,1.0,0.4943087100982666,41.931358337402344
r102_c53,564405.0,5924415.0,100,79,0.79,0.6573880910873413,37.53313064575195
r102_c54,564705.0,5924415.0,100,100,1.0,0.6458811163902283,39.2985954284668
r102_c55,565005.0,5924415.0,100,100,1.0,0.36437034606933594,41.973777770996094
r102_c56,565305.0,5924415.0,100,93,0.93,0.3162713944911957,43.24602127075195
r102_c63,567405.0,5924415.0,100,89,0.89,0.6103275418281555,38.056556701660156
r102_c80,572505.0,5924415.0,100,100,1.0,0.7721294164657593,33.461917877197266
r102_c81,572805.0,5924415.0,100,100,1.0,0.7790709733963013,33.62089538574219
r102_c82,573105.0,5924415.0,100,100,1.0,0.7445789575576782,35.264442443847656
r102_c83,573405.0,5924415.0,100,100,1.0,0.8466991186141968,31.310710906982422
r102_c84,573705.0,5924415.0,100,100,1.0,0.7286784648895264,34.069297790527344
r102_c85,574005.0,5924415.0,100,99,0.99,0.8145580291748047,33.409019470214844
r102_c86,574305.0,5924415.0,100,97,0.97,0.7268263697624207,35.29563522338867
r102_c87,574605.0,5924415.0,100,100,1.0,0.6480374932289124,38.33580780029297
r102_c88,574905.0,5924415.0,100,96,0.96,0.7088955044746399,37.52284622192383
r102_c89,575205.0,5924415.0,100,100,1.0,0.7152286767959595,36.28813552856445
r102_c90,575505.0,5924415.0,100,100,1.0,0.7566599249839783,37.446956634521484
r102_c91,575805.0,5924415.0,100,100,1.0,0.6298689246177673,39.29623031616211
r102_c92,576105.0,5924415.0,100,100,1.0,0.6872539520263672,40.11232376098633
r102_c93,576405.0,5924415.0,100,100,1.0,0.7325108051300049,37.15187072753906
r102_c94,576705.0,5924415.0,100,100,1.0,0.635267436504364,38.4158935546875
r102_c95,577005.0,5924415.0,100,100,1.0,0.7436373829841614,35.0609245300293
r102_c96,577305.0,5924415.0,100,100,1.0,0.7251075506210327,34.976139068603516
r102_c97,577605.0,5924415.0,100,100,1.0,0.7187121510505676,35.800045013427734
r102_c98,577905.0,5924415.0,100,97,0.97,0.7257450819015503,35.36568832397461
r102_c99,578205.0,5924415.0,100,100,1.0,0.6876615285873413,35.721214294433594
r102_c100,578505.0,5924415.0,100,100,1.0,0.7176170945167542,35.053138732910156
r102_c101,578805.0,5924415.0,100,100,1.0,0.7004032135009766,36.06583023071289
r102_c102,579105.0,5924415.0,100,100,1.0,0.7833709716796875,33.887046813964844
r102_c103,579405.0,5924415.0,100,79,0.79,0.6396647691726685,37.84035110473633
r102_c108,580905.0,5924415.0,100,79,0.79,0.6135537624359131,36.31631851196289
r102_c109,581205.0,5924415.0,100,100,1.0,0.7086732983589172,36.71884536743164
r102_c110,581505.0,5924415.0,100,100,1.0,0.8173807263374329,32.597286224365234
r102_c111,581805.0,5924415.0,100,100,1.0,0.8211248517036438,32.666709899902344
r102_c112,582105.0,5924415.0,100,100,1.0,0.7614575028419495,33.8111686706543
r102_c113,582405.0,5924415.0,100,97,0.97,0.6837581396102905,34.98367691040039
r102_c114,582705.0,5924415.0,100,100,1.0,0.6674697995185852,36.39665222167969
r102_c115,583005.0,5924415.0,100,100,1.0,0.7463902235031128,33.99919128417969
r102_c116,583305.0,5924415.0,100,100,1.0,0.7614588141441345,33.02420425415039
r102_c117,583605.0,5924415.0,100,100,1.0,0.6913397312164307,34.60639953613281
r102_c118,583905.0,5924415.0,100,100,1.0,0.648325502872467,35.635093688964844
r102_c119,584205.0,5924415.0,100,100,1.0,0.6553786396980286,38.171234130859375
r102_c120,584505.0,5924415.0,81,81,1.0,0.6164471507072449,38.78309631347656
r103_c18,553905.0,5924115.0,80,77,0.9625,0.6164034605026245,37.711669921875
r103_c19,554205.0,5924115.0,100,88,0.88,0.7813844084739685,33.147708892822266
r103_c20,554505.0,5924115.0,100,100,1.0,0.8437791466712952,31.07439613342285
r103_c21,554805.0,5924115.0,100,100,1.0,0.8007458448410034,32.480472564697266
r103_c22,555105.0,5924115.0,100,100,1.0,0.7915608286857605,31.939489364624023
r103_c23,555405.0,5924115.0,100,100,1.0,0.7406755685806274,34.0040397644043
r103_c24,555705.0,5924115.0,100,100,1.0,0.7414476275444031,34.56138610839844
r103_c25,556005.0,5924115.0,100,100,1.0,0.7269741296768188,35.005043029785156
r103_c26,556305.0,5924115.0,100,100,1.0,0.7363471388816833,34.9688835144043
r103_c27,556605.0,5924115.0,100,100,1.0,0.6658382415771484,38.227657318115234
r103_c28,556905.0,5924115.0,100,100,1.0,0.6256499290466309,39.115821838378906
r103_c29,557205.0,5924115.0,100,100,1.0,0.6861000657081604,37.418582916259766
r103_c30,557505.0,5924115.0,100,100,1.0,0.7373006939888,34.746742248535156
r103_c31,557805.0,5924115.0,100,100,1.0,0.8596472144126892,29.837553024291992
r103_c39,560205.0,5924115.0,100,100,1.0,0.8532959222793579,28.553022384643555
r103_c40,560505.0,5924115.0,100,100,1.0,0.8746430277824402,28.620561599731445
r103_c41,560805.0,5924115.0,100,100,1.0,0.8747857809066772,28.786680221557617
r103_c42,561105.0,5924115.0,100,100,1.0,0.8651596307754517,29.297719955444336
r103_c43,561405.0,5924115.0,100,100,1.0,0.8530998229980469,29.921777725219727
r103_c44,561705.0,5924115.0,100,96,0.96,0.7995526194572449,30.759552001953125
r103_c45,562005.0,5924115.0,100,100,1.0,0.8650621771812439,30.072851181030273
r103_c46,562305.0,5924115.0,100,100,1.0,0.8800056576728821,30.203453063964844
r103_c47,562605.0,5924115.0,100,100,1.0,0.7352136373519897,33.9095344543457
r103_c48,562905.0,5924115.0,100,100,1.0,0.6239767670631409,38.27677917480469
r103_c49,563205.0,5924115.0,100,100,1.0,0.6209671497344971,39.115352630615234
r103_c50,563505.0,5924115.0,100,100,1.0,0.610941469669342,40.450504302978516
r103_c51,563805.0,5924115.0,100,99,0.99,0.5748800039291382,39.1154899597168
r103_c52,564105.0,5924115.0,100,100,1.0,0.5783810019493103,40.229736328125
r103_c53,564405.0,5924115.0,100,90,0.9,0.5010841488838196,42.153587341308594
r103_c54,564705.0,5924115.0,100,99,0.99,0.46338188648223877,42.30950927734375
r103_c55,565005.0,5924115.0,100,100,1.0,0.36870723962783813,43.973140716552734
r103_c56,565305.0,5924115.0,100,100,1.0,0.3064749240875244,44.212852478027344
r103_c57,565605.0,5924115.0,100,89,0.89,0.3202137053012848,43.369468688964844
r103_c58,565905.0,5924115.0,100,87,0.87,0.29611510038375854,43.51319885253906
r103_c62,567105.0,5924115.0,100,76,0.76,0.4390796422958374,42.370452880859375
r103_c63,567405.0,5924115.0,100,78,0.78,0.6240219473838806,38.6651496887207
r103_c64,567705.0,5924115.0,100,77,0.77,0.524576723575592,35.51663589477539
r103_c65,568005.0,5924115.0,100,79,0.79,0.737396776676178,33.86701202392578
r103_c66,568305.0,5924115.0,100,100,1.0,0.641396701335907,35.97175598144531
r103_c67,568605.0,5924115.0,100,79,0.79,0.7435263991355896,34.00962448120117
r103_c69,569205.0,5924115.0,100,82,0.82,0.7142319083213806,33.611053466796875
r103_c80,572505.0,5924115.0,100,100,1.0,0.6872936487197876,36.18870544433594
r103_c81,572805.0,5924115.0,100,100,1.0,0.6690208315849304,38.4514045715332
r103_c82,573105.0,5924115.0,100,100,1.0,0.7319715619087219,37.018394470214844
r103_c83,573405.0,5924115.0,100,100,1.0,0.7389529943466187,35.3932991027832
r103_c84,573705.0,5924115.0,100,100,1.0,0.8222023844718933,32.01136779785156
r103_c85,574005.0,5924115.0,100,100,1.0,0.8186327219009399,32.099891662597656
r103_c86,574305.0,5924115.0,100,99,0.99,0.7870696187019348,33.3137321472168
r103_c87,574605.0,5924115.0,100,98,0.98,0.6288238167762756,35.584747314453125
r103_c88,574905.0,5924115.0,100,100,1.0,0.6447757482528687,36.225074768066406
r103_c89,575205.0,5924115.0,100,100,1.0,0.6455903053283691,36.207916259765625
r103_c90,575505.0,5924115.0,100,100,1.0,0.7502008676528931,37.765682220458984
r103_c91,575805.0,5924115.0,100,98,0.98,0.7154988050460815,37.5040397644043
r103_c92,576105.0,5924115.0,100,100,1.0,0.49894124269485474,42.356624603271484
r103_c93,576405.0,5924115.0,100,100,1.0,0.6116947531700134,39.781280517578125
r103_c94,576705.0,5924115.0,100,100,1.0,0.7416518330574036,35.246734619140625
r103_c95,577005.0,5924115.0,100,100,1.0,0.7264249324798584,35.821205139160156
r103_c96,577305.0,5924115.0,100,100,1.0,0.6734983921051025,37.3649787902832
r103_c97,577605.0,5924115.0,100,100,1.0,0.7824955582618713,35.333412170410156
r103_c98,577905.0,5924115.0,100,100,1.0,0.7965751886367798,33.3364372253418
r103_c99,578205.0,5924115.0,100,100,1.0,0.7244311571121216,34.113216400146484
r103_c100,578505.0,5924115.0,100,100,1.0,0.7244991064071655,34.02455139160156
r103_c101,578805.0,5924115.0,100,100,1.0,0.7383653521537781,33.442710876464844
r103_c102,579105.0,5924115.0,100,95,0.95,0.7704838514328003,34.19560623168945
r103_c109,581205.0,5924115.0,100,92,0.92,0.7476690411567688,35.411163330078125
r103_c110,581505.0,5924115.0,100,100,1.0,0.8249527215957642,32.735450744628906
r103_c111,581805.0,5924115.0,100,100,1.0,0.8204559087753296,32.43017578125
r103_c112,582105.0,5924115.0,100,100,1.0,0.7191859483718872,34.033958435058594
r103_c113,582405.0,5924115.0,100,100,1.0,0.695280134677887,35.36454772949219
r103_c114,582705.0,5924115.0,100,100,1.0,0.723814070224762,35.01279830932617
r103_c115,583005.0,5924115.0,100,100,1.0,0.7811791896820068,32.93741989135742
r103_c116,583305.0,5924115.0,100,100,1.0,0.790264904499054,31.985082626342773
r103_c117,583605.0,5924115.0,100,100,1.0,0.6758695244789124,33.208641052246094
r103_c118,583905.0,5924115.0,100,100,1.0,0.7251737117767334,33.46232604980469
r103_c119,584205.0,5924115.0,100,100,1.0,0.7623049020767212,34.72182846069336
r103_c120,584505.0,5924115.0,100,100,1.0,0.6992390155792236,36.241310119628906
r103_c121,584805.0,5924115.0,88,88,1.0,0.7138658165931702,36.787864685058594
r104_c20,554505.0,5923815.0,97,97,1.0,0.644099235534668,37.478797912597656
r104_c21,554805.0,5923815.0,100,100,1.0,0.6797659397125244,37.23859405517578
r104_c22,555105.0,5923815.0,100,100,1.0,0.7148728370666504,35.84800338745117
r104_c23,555405.0,5923815.0,100,100,1.0,0.761861264705658,33.3105583190918
r104_c24,555705.0,5923815.0,100,100,1.0,0.6974979639053345,36.148414611816406
r104_c25,556005.0,5923815.0,100,100,1.0,0.6148061156272888,38.15147018432617
r104_c26,556305.0,5923815.0,100,100,1.0,0.8405875563621521,30.386280059814453
r104_c27,556605.0,5923815.0,100,100,1.0,0.7541558742523193,33.857276916503906
r104_c28,556905.0,5923815.0,100,100,1.0,0.808272123336792,31.668886184692383
r104_c29,557205.0,5923815.0,100,100,1.0,0.6531679034233093,37.683509826660156
r104_c30,557505.0,5923815.0,100,100,1.0,0.7247000932693481,35.01389694213867
r104_c31,557805.0,5923815.0,100,100,1.0,0.8625994920730591,28.907407760620117
r104_c39,560205.0,5923815.0,100,100,1.0,0.8711134195327759,28.534019470214844
r104_c40,560505.0,5923815.0,100,100,1.0,0.8668035268783569,28.693740844726562
r104_c41,560805.0,5923815.0,100,100,1.0,0.8678925037384033,29.04703140258789
r104_c42,561105.0,5923815.0,100,100,1.0,0.858293890953064,28.835830688476562
r104_c43,561405.0,5923815.0,100,100,1.0,0.8500661253929138,29.195512771606445
r104_c44,561705.0,5923815.0,100,96,0.96,0.8157619833946228,30.522781372070312
r104_c45,562005.0,5923815.0,100,100,1.0,0.8098939657211304,31.91598129272461
r104_c46,562305.0,5923815.0,100,100,1.0,0.662998378276825,37.36803436279297
r104_c47,562605.0,5923815.0,100,100,1.0,0.6426156759262085,38.007164001464844
r104_c48,562905.0,5923815.0,100,86,0.86,0.5157166123390198,40.624847412109375
r104_c49,563205.0,5923815.0,100,100,1.0,0.6238719820976257,39.55180358886719
r104_c50,563505.0,5923815.0,100,100,1.0,0.6407666802406311,38.878929138183594
r104_c51,563805.0,5923815.0,100,100,1.0,0.6222334504127502,39.15644073486328
r104_c52,564105.0,5923815.0,100,100,1.0,0.587673008441925,39.87596130371094
r104_c53,564405.0,5923815.0,100,96,0.96,0.5109614133834839,41.80143356323242
r104_c54,564705.0,5923815.0,100,98,0.98,0.39832380414009094,43.86347198486328
r104_c55,565005.0,5923815.0,100,100,1.0,0.4448200464248657,42.70954132080078
r104_c56,565305.0,5923815.0,100,99,0.99,0.3185940980911255,44.57480239868164
r104_c57,565605.0,5923815.0,100,85,0.85,0.42661309242248535,43.77495574951172
r104_c58,565905.0,5923815.0,100,94,0.94,0.41709375381469727,42.12533187866211
r104_c59,566205.0,5923815.0,100,87,0.87,0.576222836971283,38.02146911621094
r104_c60,566505.0,5923815.0,100,86,0.86,0.5307272672653198,38.448997497558594
r104_c62,567105.0,5923815.0,100,71,0.71,0.3408832848072052,45.258148193359375
r104_c66,568305.0,5923815.0,100,94,0.94,0.7065811157226562,34.649864196777344
r104_c67,568605.0,5923815.0,100,100,1.0,0.7872158885002136,33.2873649597168
r104_c68,568905.0,5923815.0,100,100,1.0,0.8086135983467102,32.80845642089844
r104_c69,569205.0,5923815.0,80,80,1.0,0.6119101643562317,35.981937408447266
r104_c79,572205.0,5923815.0,100,93,0.93,0.6357417106628418,38.29985809326172
r104_c80,572505.0,5923815.0,100,100,1.0,0.6821421980857849,37.59043502807617
r104_c81,572805.0,5923815.0,100,100,1.0,0.5835087299346924,40.56309509277344
r104_c82,573105.0,5923815.0,100,100,1.0,0.7407653331756592,36.50254821777344
r104_c83,573405.0,5923815.0,100,100,1.0,0.6786679625511169,37.291221618652344
r104_c84,573705.0,5923815.0,100,100,1.0,0.76285719871521,33.10797882080078
r104_c85,574005.0,5923815.0,100,100,1.0,0.8065848350524902,33.203304290771484
r104_c86,574305.0,5923815.0,100,100,1.0,0.5325644016265869,38.45485305786133
r104_c87,574605.0,5923815.0,100,100,1.0,0.5763865113258362,34.52683639526367
r104_c88,574905.0,5923815.0,100,100,1.0,0.6784387230873108,34.1846923828125
r104_c89,575205.0,5923815.0,100,100,1.0,0.8437831401824951,33.700191497802734
r104_c90,575505.0,5923815.0,100,96,0.96,0.6922755837440491,35.87202072143555
r104_c91,575805.0,5923815.0,100,100,1.0,0.7714446783065796,37.04768753051758
r104_c92,576105.0,5923815.0,100,100,1.0,0.7470495104789734,36.46316909790039
r104_c93,576405.0,5923815.0,100,100,1.0,0.7544137835502625,35.02401351928711
r104_c94,576705.0,5923815.0,100,100,1.0,0.697822093963623,35.670570373535156
r104_c95,577005.0,5923815.0,100,100,1.0,0.6953666806221008,36.983158111572266
r104_c96,577305.0,5923815.0,100,100,1.0,0.7884572744369507,35.456024169921875
r104_c97,577605.0,5923815.0,100,99,0.99,0.8203917145729065,32.68415832519531
r104_c98,577905.0,5923815.0,100,100,1.0,0.801572322845459,32.39613723754883
r104_c99,578205.0,5923815.0,100,100,1.0,0.8152225017547607,32.231353759765625
r104_c100,578505.0,5923815.0,100,100,1.0,0.8493123054504395,31.740995407104492
r104_c101,578805.0,5923815.0,100,100,1.0,0.7818538546562195,34.74763488769531
r104_c110,581505.0,5923815.0,100,100,1.0,0.8116250038146973,32.91554260253906
r104_c111,581805.0,5923815.0,100,100,1.0,0.7461130619049072,35.851078033447266
r104_c112,582105.0,5923815.0,100,100,1.0,0.6273402571678162,35.38361358642578
r104_c113,582405.0,5923815.0,100,100,1.0,0.60060715675354,35.42088317871094
r104_c114,582705.0,5923815.0,100,100,1.0,0.7478763461112976,34.091583251953125
r104_c115,583005.0,5923815.0,100,100,1.0,0.8252840638160706,32.321964263916016
r104_c116,583305.0,5923815.0,100,100,1.0,0.8346824645996094,33.24452590942383
r104_c117,583605.0,5923815.0,100,100,1.0,0.6585640907287598,35.04363250732422
r104_c118,583905.0,5923815.0,100,100,1.0,0.6819831132888794,34.69140625
r104_c119,584205.0,5923815.0,100,100,1.0,0.743948757648468,35.65064239501953
r104_c120,584505.0,5923815.0,100,100,1.0,0.8287655711174011,32.974430084228516
r104_c121,584805.0,5923815.0,100,100,1.0,0.7858156561851501,34.51124572753906
r104_c122,585105.0,5923815.0,99,99,1.0,0.7021670937538147,36.60818862915039
r105_c21,554805.0,5923515.0,90,90,1.0,0.6174117922782898,38.60468673706055
r105_c22,555105.0,5923515.0,100,100,1.0,0.6604771614074707,38.73318862915039
r105_c23,555405.0,5923515.0,100,100,1.0,0.698117733001709,37.105247497558594
r105_c24,555705.0,5923515.0,100,100,1.0,0.7435457110404968,34.60072708129883
r105_c25,556005.0,5923515.0,100,100,1.0,0.7244970202445984,35.526187896728516
r105_c26,556305.0,5923515.0,100,100,1.0,0.874162495136261,29.963848114013672
r105_c27,556605.0,5923515.0,100,100,1.0,0.800719141960144,32.3806266784668
r105_c28,556905.0,5923515.0,100,100,1.0,0.8271833062171936,30.63237762451172
r105_c29,557205.0,5923515.0,100,100,1.0,0.7089729309082031,36.188133239746094
r105_c30,557505.0,5923515.0,100,100,1.0,0.657687783241272,37.30964660644531
r105_c31,557805.0,5923515.0,100,100,1.0,0.8419485688209534,30.261152267456055
r105_c39,560205.0,5923515.0,100,100,1.0,0.8862612247467041,28.639360427856445
r105_c40,560505.0,5923515.0,100,92,0.92,0.8584659695625305,28.665925979614258
r105_c44,561705.0,5923515.0,100,98,0.98,0.7850430011749268,32.14374923706055
r105_c45,562005.0,5923515.0,100,100,1.0,0.6785957217216492,35.36155319213867
r105_c46,562305.0,5923515.0,100,100,1.0,0.6321889758110046,38.8538818359375
r105_c47,562605.0,5923515.0,100,96,0.96,0.6512925028800964,38.655426025390625
r105_c48,562905.0,5923515.0,100,99,0.99,0.6935486197471619,38.220909118652344
r105_c49,563205.0,5923515.0,100,100,1.0,0.6024903655052185,39.58816909790039
r105_c50,563505.0,5923515.0,100,100,1.0,0.5271491408348083,41.42631530761719
r105_c51,563805.0,5923515.0,100,99,0.99,0.5052952766418457,41.07223129272461
r105_c52,564105.0,5923515.0,100,94,0.94,0.5317964553833008,40.526214599609375
r105_c53,564405.0,5923515.0,100,100,1.0,0.5507037043571472,39.60625076293945
r105_c54,564705.0,5923515.0,100,100,1.0,0.5660354495048523,39.970272064208984
r105_c55,565005.0,5923515.0,100,100,1.0,0.5951117873191833,38.64079284667969
r105_c56,565305.0,5923515.0,100,93,0.93,0.47183892130851746,42.294681549072266
r105_c58,565905.0,5923515.0,100,87,0.87,0.3921451270580292,42.56228256225586
r105_c59,566205.0,5923515.0,100,94,0.94,0.6353335976600647,38.34653854370117
r105_c60,566505.0,5923515.0,100,94,0.94,0.6084493398666382,39.82439041137695
r105_c62,567105.0,5923515.0,100,78,0.78,0.4650372862815857,41.40561294555664
r105_c65,568005.0,5923515.0,100,80,0.8,0.8446979522705078,30.158233642578125
r105_c66,568305.0,5923515.0,100,95,0.95,0.7795825600624084,33.00020217895508
r105_c67,568605.0,5923515.0,100,100,1.0,0.8029223680496216,32.96134948730469
r105_c68,568905.0,5923515.0,100,100,1.0,0.7991629838943481,33.04659652709961
r105_c79,572205.0,5923515.0,100,81,0.81,0.46475428342819214,40.88661193847656
r105_c80,572505.0,5923515.0,100,100,1.0,0.7132328152656555,37.192481994628906
r105_c81,572805.0,5923515.0,100,100,1.0,0.698894202709198,36.514305114746094
r105_c82,573105.0,5923515.0,100,100,1.0,0.8198162317276001,32.83060073852539
r105_c83,573405.0,5923515.0,100,99,0.99,0.7782301306724548,33.678253173828125
r105_c84,573705.0,5923515.0,100,100,1.0,0.7999229431152344,31.613340377807617
r105_c85,574005.0,5923515.0,100,100,1.0,0.7414055466651917,33.60105514526367
r105_c86,574305.0,5923515.0,100,100,1.0,0.6025697588920593,35.17119598388672
r105_c87,574605.0,5923515.0,100,100,1.0,0.6174825429916382,33.804718017578125
r105_c88,574905.0,5923515.0,100,100,1.0,0.8210428357124329,33.722476959228516
r105_c89,575205.0,5923515.0,100,100,1.0,0.7975488305091858,32.013553619384766
r105_c90,575505.0,5923515.0,100,100,1.0,0.7869021892547607,33.75340270996094
r105_c91,575805.0,5923515.0,100,100,1.0,0.6904411315917969,36.793968200683594
r105_c92,576105.0,5923515.0,100,97,0.97,0.7386063933372498,35.335235595703125
r105_c93,576405.0,5923515.0,100,100,1.0,0.6963313817977905,36.46669387817383
r105_c94,576705.0,5923515.0,100,96,0.96,0.6135623455047607,35.9269905090332
r105_c95,577005.0,5923515.0,100,100,1.0,0.6782256960868835,35.704742431640625
r105_c96,577305.0,5923515.0,100,100,1.0,0.76674485206604,36.0559196472168
r105_c97,577605.0,5923515.0,100,100,1.0,0.7288338541984558,35.09162521362305
r105_c98,577905.0,5923515.0,100,100,1.0,0.8037769794464111,33.188602447509766
r105_c99,578205.0,5923515.0,100,100,1.0,0.8314590454101562,32.08338165283203
r105_c100,578505.0,5923515.0,100,100,1.0,0.8189681768417358,32.571678161621094
r105_c101,578805.0,5923515.0,100,100,1.0,0.6803081631660461,35.657108306884766
r105_c110,581505.0,5923515.0,100,100,1.0,0.7704249620437622,34.114036560058594
r105_c111,581805.0,5923515.0,100,95,0.95,0.6209324598312378,38.367042541503906
r105_c112,582105.0,5923515.0,100,100,1.0,0.5824960470199585,36.4000358581543
r105_c113,582405.0,5923515.0,100,99,0.99,0.5247140526771545,36.93183898925781
r105_c114,582705.0,5923515.0,100,99,0.99,0.7843750715255737,32.705528259277344
r105_c115,583005.0,5923515.0,100,100,1.0,0.8099304437637329,32.265289306640625
r105_c116,583305.0,5923515.0,100,100,1.0,0.8003547787666321,33.551910400390625
r105_c117,583605.0,5923515.0,100,100,1.0,0.6600742340087891,34.327117919921875
r105_c118,583905.0,5923515.0,100,100,1.0,0.6858890652656555,35.57475662231445
r105_c119,584205.0,5923515.0,100,100,1.0,0.7077375054359436,35.63642501831055
r105_c120,584505.0,5923515.0,100,100,1.0,0.7682178020477295,34.79033279418945
r105_c121,584805.0,5923515.0,100,100,1.0,0.8032090663909912,35.3408317565918
r105_c122,585105.0,5923515.0,100,100,1.0,0.7055373191833496,36.56663131713867
r105_c123,585405.0,5923515.0,100,100,1.0,0.6540371775627136,39.585330963134766
r105_c124,585705.0,5923515.0,86,86,1.0,0.7086816430091858,38.88654327392578
r106_c23,555405.0,5923215.0,100,100,1.0,0.6256653070449829,40.207794189453125
r106_c24,555705.0,5923215.0,100,100,1.0,0.7432128190994263,35.570045471191406
r106_c25,556005.0,5923215.0,100,100,1.0,0.7008090019226074,36.00214767456055
r106_c26,556305.0,5923215.0,100,100,1.0,0.8701086640357971,29.795883178710938
r106_c27,556605.0,5923215.0,100,100,1.0,0.8301114439964294,30.668779373168945
r106_c28,556905.0,5923215.0,100,100,1.0,0.8523015379905701,29.942554473876953
r106_c29,557205.0,5923215.0,100,100,1.0,0.7111528515815735,35.00360870361328
r106_c30,557505.0,5923215.0,100,100,1.0,0.6628575921058655,37.56368637084961
r106_c31,557805.0,5923215.0,100,100,1.0,0.7351865172386169,34.33768081665039
r106_c32,558105.0,5923215.0,100,99,0.99,0.8440842032432556,29.5061092376709
r106_c45,562005.0,5923215.0,100,98,0.98,0.6658332943916321,37.703330993652344
r106_c46,562305.0,5923215.0,100,99,0.99,0.6694777607917786,37.77473831176758
r106_c47,562605.0,5923215.0,100,92,0.92,0.6227434277534485,38.36337661743164
r106_c48,562905.0,5923215.0,100,99,0.99,0.6697932481765747,37.439903259277344
r106_c49,563205.0,5923215.0,100,100,1.0,0.7115947008132935,37.206459045410156
r106_c50,563505.0,5923215.0,100,100,1.0,0.6861207485198975,37.773372650146484
r106_c51,563805.0,5923215.0,100,100,1.0,0.7305933237075806,36.934722900390625
r106_c52,564105.0,5923215.0,100,100,1.0,0.6851575970649719,36.43955993652344
r106_c53,564405.0,5923215.0,100,99,0.99,0.7020198702812195,35.80982208251953
r106_c54,564705.0,5923215.0,100,100,1.0,0.5202739238739014,39.897945404052734
r106_c55,565005.0,5923215.0,100,100,1.0,0.6328215599060059,39.06282043457031
r106_c56,565305.0,5923215.0,100,100,1.0,0.44616925716400146,44.26398468017578
r106_c57,565605.0,5923215.0,100,95,0.95,0.2813093364238739,48.27824783325195
r106_c58,565905.0,5923215.0,100,90,0.9,0.40601590275764465,44.34627914428711
r106_c59,566205.0,5923215.0,100,96,0.96,0.5413373112678528,42.02897644042969
r106_c62,567105.0,5923215.0,100,91,0.91,0.7832918167114258,34.64448928833008
r106_c63,567405.0,5923215.0,100,99,0.99,0.7990802526473999,31.13434410095215
r106_c64,567705.0,5923215.0,100,97,0.97,0.8443138003349304,30.221607208251953
r106_c65,568005.0,5923215.0,100,100,1.0,0.8648992776870728,30.21271514892578
r106_c66,568305.0,5923215.0,100,86,0.86,0.8049394488334656,32.925472259521484
r106_c67,568605.0,5923215.0,100,100,1.0,0.8036652207374573,33.07807540893555
r106_c68,568905.0,5923215.0,100,100,1.0,0.7273699045181274,33.709957122802734
r106_c79,572205.0,5923215.0,100,97,0.97,0.6745432615280151,36.9947509765625
r106_c80,572505.0,5923215.0,100,100,1.0,0.5992637872695923,38.317901611328125
r106_c81,572805.0,5923215.0,100,100,1.0,0.6759604811668396,36.61643981933594
r106_c82,573105.0,5923215.0,100,100,1.0,0.7671244144439697,35.3253059387207
r106_c83,573405.0,5923215.0,100,100,1.0,0.7633550763130188,34.775390625
r106_c84,573705.0,5923215.0,100,100,1.0,0.8185558319091797,32.7506217956543
r106_c85,574005.0,5923215.0,100,100,1.0,0.6725600957870483,34.826412200927734
r106_c86,574305.0,5923215.0,100,100,1.0,0.6997606754302979,34.42230987548828
r106_c87,574605.0,5923215.0,100,100,1.0,0.7599572539329529,33.10753631591797
r106_c88,574905.0,5923215.0,100,100,1.0,0.7941234111785889,32.688480377197266
r106_c89,575205.0,5923215.0,100,99,0.99,0.7378919124603271,33.90874099731445
r106_c90,575505.0,5923215.0,100,100,1.0,0.654603898525238,38.30329513549805
r106_c91,575805.0,5923215.0,100,100,1.0,0.6543205976486206,37.327720642089844
r106_c92,576105.0,5923215.0,100,100,1.0,0.7470229268074036,34.69923782348633
r106_c93,576405.0,5923215.0,100,100,1.0,0.7080827355384827,34.8696174621582
r106_c94,576705.0,5923215.0,100,100,1.0,0.6857204437255859,36.55229187011719
r106_c95,577005.0,5923215.0,100,100,1.0,0.7802907824516296,34.63969421386719
r106_c96,577305.0,5923215.0,100,100,1.0,0.7671996355056763,34.14415740966797
r106_c97,577605.0,5923215.0,100,100,1.0,0.7043151259422302,35.140464782714844
r106_c98,577905.0,5923215.0,100,100,1.0,0.6874353885650635,35.78321838378906
r106_c99,578205.0,5923215.0,100,100,1.0,0.7868174910545349,33.615962982177734
r106_c100,578505.0,5923215.0,100,100,1.0,0.643617570400238,35.84718704223633
r106_c101,578805.0,5923215.0,100,100,1.0,0.6972928643226624,35.83412170410156
r106_c102,579105.0,5923215.0,100,93,0.93,0.8115260601043701,33.64561462402344
r106_c109,581205.0,5923215.0,100,80,0.8,0.6788276433944702,37.373966217041016
r106_c110,581505.0,5923215.0,100,97,0.97,0.7116798162460327,36.59695053100586
r106_c111,581805.0,5923215.0,100,97,0.97,0.5891397595405579,39.161163330078125
r106_c112,582105.0,5923215.0,100,100,1.0,0.6161739826202393,35.74323654174805
r106_c113,582405.0,5923215.0,100,100,1.0,0.5525980591773987,36.305904388427734
r106_c114,582705.0,5923215.0,100,100,1.0,0.8219345808029175,32.506160736083984
r106_c115,583005.0,5923215.0,100,100,1.0,0.7936810851097107,33.02802658081055
r106_c116,583305.0,5923215.0,100,100,1.0,0.8167749047279358,33.041568756103516
r106_c117,583605.0,5923215.0,100,100,1.0,0.6878724098205566,34.257598876953125
r106_c118,583905.0,5923215.0,100,100,1.0,0.6574538350105286,35.230133056640625
r106_c119,584205.0,5923215.0,100,100,1.0,0.7270655035972595,34.9030876159668
r106_c120,584505.0,5923215.0,100,100,1.0,0.728576123714447,36.099395751953125
r106_c121,584805.0,5923215.0,100,100,1.0,0.7394196391105652,36.373355865478516
r106_c122,585105.0,5923215.0,100,100,1.0,0.6794373393058777,37.17790985107422
r106_c123,585405.0,5923215.0,100,100,1.0,0.7077438831329346,36.888484954833984
r106_c124,585705.0,5923215.0,100,100,1.0,0.7216914892196655,38.22331619262695
r106_c125,586005.0,5923215.0,94,94,1.0,0.7822756767272949,35.7267951965332
r106_c130,587505.0,5923215.0,91,91,1.0,0.8481758832931519,31.108861923217773
r107_c24,555705.0,5922915.0,100,100,1.0,0.7159164547920227,37.474151611328125
r107_c25,556005.0,5922915.0,100,100,1.0,0.6844795942306519,37.74028015136719
r107_c26,556305.0,5922915.0,100,100,1.0,0.8158672451972961,31.940141677856445
r107_c27,556605.0,5922915.0,100,100,1.0,0.8532747030258179,29.513320922851562
r107_c28,556905.0,5922915.0,100,100,1.0,0.8273289203643799,30.377363204956055
r107_c29,557205.0,5922915.0,100,100,1.0,0.7553364038467407,34.45631408691406
r107_c30,557505.0,5922915.0,100,100,1.0,0.6752731204032898,37.084171295166016
r107_c31,557805.0,5922915.0,100,100,1.0,0.8168545365333557,32.232486724853516
r107_c32,558105.0,5922915.0,100,100,1.0,0.8573693633079529,28.812963485717773
r107_c33,558405.0,5922915.0,100,100,1.0,0.8620728254318237,28.594619750976562
r107_c34,558705.0,5922915.0,100,75,0.75,0.8657472729682922,28.705087661743164
r107_c46,562305.0,5922915.0,100,100,1.0,0.7245903015136719,36.4555549621582
r107_c47,562605.0,5922915.0,100,100,1.0,0.6325417160987854,38.620391845703125
r107_c48,562905.0,5922915.0,100,100,1.0,0.6971822381019592,37.45061111450195
r107_c49,563205.0,5922915.0,100,100,1.0,0.6765937805175781,38.282588958740234
r107_c50,563505.0,5922915.0,100,100,1.0,0.7030290961265564,36.94142532348633
r107_c51,563805.0,5922915.0,100,100,1.0,0.6695941686630249,36.82706069946289
r107_c52,564105.0,5922915.0,100,100,1.0,0.6379637122154236,37.61909103393555
r107_c53,564405.0,5922915.0,100,100,1.0,0.5897259712219238,37.31040573120117
r107_c54,564705.0,5922915.0,100,100,1.0,0.6872918009757996,36.1148796081543
r107_c55,565005.0,5922915.0,100,96,0.96,0.7293294072151184,34.99162673950195
r107_c56,565305.0,5922915.0,100,96,0.96,0.521044909954071,41.92362594604492
r107_c57,565605.0,5922915.0,100,76,0.76,0.42193603515625,43.54841232299805
r107_c59,566205.0,5922915.0,100,100,1.0,0.43797415494918823,42.719520568847656
r107_c60,566505.0,5922915.0,100,79,0.79,0.45164668560028076,41.54341125488281
r107_c61,566805.0,5922915.0,100,97,0.97,0.7911155223846436,34.03420639038086
r107_c62,567105.0,5922915.0,100,90,0.9,0.8082132339477539,33.29072952270508
r107_c63,567405.0,5922915.0,100,100,1.0,0.7248876094818115,33.090572357177734
r107_c64,567705.0,5922915.0,100,100,1.0,0.7230730652809143,33.35991287231445
r107_c65,568005.0,5922915.0,100,100,1.0,0.8324939608573914,31.01935577392578
r107_c66,568305.0,5922915.0,100,100,1.0,0.7723339200019836,33.025634765625
r107_c67,568605.0,5922915.0,100,100,1.0,0.7471304535865784,34.16514205932617
r107_c68,568905.0,5922915.0,100,100,1.0,0.6425324082374573,35.349124908447266
r107_c69,569205.0,5922915.0,80,80,1.0,0.7346917390823364,34.43524169921875
r107_c80,572505.0,5922915.0,100,80,0.8,0.6098729372024536,39.04883575439453
r107_c81,572805.0,5922915.0,100,100,1.0,0.6348157525062561,39.47185516357422
r107_c82,573105.0,5922915.0,100,90,0.9,0.641797661781311,37.64433670043945
r107_c83,573405.0,5922915.0,100,87,0.87,0.6162077188491821,36.50141525268555
r107_c84,573705.0,5922915.0,100,99,0.99,0.722805380821228,35.57294464111328
r107_c85,574005.0,5922915.0,100,100,1.0,0.6964333057403564,37.213985443115234
r107_c86,574305.0,5922915.0,100,100,1.0,0.7024732828140259,35.74888610839844
r107_c87,574605.0,5922915.0,100,100,1.0,0.7525061964988708,35.138492584228516
r107_c88,574905.0,5922915.0,100,100,1.0,0.7725540995597839,35.25904083251953
r107_c89,575205.0,5922915.0,100,96,0.96,0.73591548204422,35.54314041137695
r107_c90,575505.0,5922915.0,100,100,1.0,0.7220863103866577,37.998756408691406
r107_c91,575805.0,5922915.0,100,100,1.0,0.7497898936271667,34.24491882324219
r107_c92,576105.0,5922915.0,100,100,1.0,0.8012169003486633,33.12681198120117
r107_c93,576405.0,5922915.0,100,100,1.0,0.7860499620437622,33.51308822631836
r107_c94,576705.0,5922915.0,100,100,1.0,0.7521246075630188,34.9141960144043
r107_c95,577005.0,5922915.0,100,100,1.0,0.7281763553619385,36.52753829956055
r107_c96,577305.0,5922915.0,100,100,1.0,0.7077521681785583,35.432125091552734
r107_c97,577605.0,5922915.0,100,100,1.0,0.7600674629211426,34.63801574707031
r107_c98,577905.0,5922915.0,100,100,1.0,0.7371252179145813,36.15658187866211
r107_c99,578205.0,5922915.0,100,100,1.0,0.677284300327301,36.67154312133789
r107_c100,578505.0,5922915.0,100,100,1.0,0.6096045970916748,36.956016540527344
r107_c101,578805.0,5922915.0,100,100,1.0,0.7946586608886719,34.0643424987793
r107_c102,579105.0,5922915.0,100,100,1.0,0.8170210123062134,34.05555725097656
r107_c103,579405.0,5922915.0,100,72,0.72,0.8137990236282349,34.261138916015625
r107_c109,581205.0,5922915.0,100,100,1.0,0.647746205329895,38.93020248413086
r107_c110,581505.0,5922915.0,100,98,0.98,0.6119588613510132,38.801353454589844
r107_c111,581805.0,5922915.0,100,97,0.97,0.5753669142723083,39.99129104614258
r107_c112,582105.0,5922915.0,100,92,0.92,0.5800892114639282,39.144168853759766
r107_c113,582405.0,5922915.0,100,100,1.0,0.5541685223579407,34.918670654296875
r107_c114,582705.0,5922915.0,100,100,1.0,0.8315544724464417,32.21672058105469
r107_c115,583005.0,5922915.0,100,100,1.0,0.7936374545097351,33.252803802490234
r107_c116,583305.0,5922915.0,100,100,1.0,0.7861252427101135,32.70160675048828
r107_c117,583605.0,5922915.0,100,100,1.0,0.774017870426178,33.792030334472656
r107_c118,583905.0,5922915.0,100,100,1.0,0.6140722036361694,35.87930679321289
r107_c119,584205.0,5922915.0,100,100,1.0,0.6668388843536377,35.41178894042969
r107_c120,584505.0,5922915.0,100,100,1.0,0.7179165482521057,37.247169494628906
r107_c121,584805.0,5922915.0,100,100,1.0,0.6810082197189331,37.282989501953125
r107_c122,585105.0,5922915.0,100,100,1.0,0.7232456803321838,36.61457824707031
r107_c123,585405.0,5922915.0,100,100,1.0,0.6898792386054993,37.28544998168945
r107_c124,585705.0,5922915.0,100,100,1.0,0.743053674697876,35.6357307434082
r107_c129,587205.0,5922915.0,93,93,1.0,0.7472355961799622,33.87749481201172
r107_c130,587505.0,5922915.0,100,100,1.0,0.7508208751678467,32.49751281738281
r108_c25,556005.0,5922615.0,100,100,1.0,0.7743369340896606,33.65510177612305
r108_c26,556305.0,5922615.0,100,100,1.0,0.8673997521400452,29.248695373535156
r108_c27,556605.0,5922615.0,100,100,1.0,0.8549204468727112,29.540292739868164
r108_c28,556905.0,5922615.0,100,100,1.0,0.8515629768371582,28.687353134155273
r108_c29,557205.0,5922615.0,100,100,1.0,0.7917795777320862,32.36821365356445
r108_c30,557505.0,5922615.0,100,100,1.0,0.7547638416290283,34.354698181152344
r108_c31,557805.0,5922615.0,100,100,1.0,0.8243841528892517,31.191146850585938
r108_c32,558105.0,5922615.0,100,100,1.0,0.8397186398506165,30.184404373168945
r108_c33,558405.0,5922615.0,100,100,1.0,0.8538238406181335,28.527250289916992
r108_c46,562305.0,5922615.0,100,100,1.0,0.6094340682029724,38.70560073852539
r108_c47,562605.0,5922615.0,100,100,1.0,0.6475780010223389,37.918601989746094
r108_c48,562905.0,5922615.0,100,100,1.0,0.6865682005882263,36.413307189941406
r108_c49,563205.0,5922615.0,100,100,1.0,0.7435638308525085,34.588417053222656
r108_c50,563505.0,5922615.0,100,100,1.0,0.7931771874427795,34.1147575378418
r108_c51,563805.0,5922615.0,100,100,1.0,0.7301434874534607,35.68571853637695
r108_c52,564105.0,5922615.0,100,100,1.0,0.5973660945892334,38.77338409423828
r108_c53,564405.0,5922615.0,100,100,1.0,0.7377675771713257,35.61827087402344
r108_c54,564705.0,5922615.0,100,98,0.98,0.8271787166595459,31.6174373626709
r108_c56,565305.0,5922615.0,100,93,0.93,0.610937774181366,38.28641128540039
r108_c57,565605.0,5922615.0,100,100,1.0,0.5248755216598511,40.97000503540039
r108_c58,565905.0,5922615.0,100,100,1.0,0.6178488731384277,39.42810821533203
r108_c59,566205.0,5922615.0,100,100,1.0,0.6012476086616516,39.426082611083984
r108_c60,566505.0,5922615.0,100,100,1.0,0.5537870526313782,39.0244026184082
r108_c61,566805.0,5922615.0,100,100,1.0,0.8039024472236633,33.71095275878906
r108_c62,567105.0,5922615.0,100,100,1.0,0.815402626991272,32.92835998535156
r108_c63,567405.0,5922615.0,100,100,1.0,0.7259798645973206,33.75487518310547
r108_c64,567705.0,5922615.0,99,99,1.0,0.6846345663070679,34.24229431152344
r108_c65,568005.0,5922615.0,92,92,1.0,0.7874603271484375,32.7843017578125
r108_c66,568305.0,5922615.0,100,95,0.95,0.7090553641319275,34.33710861206055
r108_c67,568605.0,5922615.0,100,100,1.0,0.587192952632904,36.75121307373047
r108_c68,568905.0,5922615.0,98,98,1.0,0.6623425483703613,35.45834732055664
r108_c69,569205.0,5922615.0,100,100,1.0,0.7197290062904358,34.52150344848633
r108_c83,573405.0,5922615.0,100,73,0.73,0.5721337199211121,36.8912353515625
r108_c84,573705.0,5922615.0,100,85,0.85,0.4579061269760132,39.18579864501953
r108_c85,574005.0,5922615.0,100,89,0.89,0.5658835768699646,39.39480972290039
r108_c86,574305.0,5922615.0,100,100,1.0,0.7390697598457336,36.5760383605957
r108_c87,574605.0,5922615.0,100,100,1.0,0.6967830061912537,37.91453552246094
r108_c88,574905.0,5922615.0,100,100,1.0,0.6838454604148865,37.128353118896484
r108_c89,575205.0,5922615.0,100,84,0.84,0.6610522866249084,36.93343734741211
r108_c90,575505.0,5922615.0,100,100,1.0,0.7351526021957397,36.21102523803711
r108_c91,575805.0,5922615.0,100,100,1.0,0.7506711483001709,34.42463302612305
r108_c92,576105.0,5922615.0,100,100,1.0,0.8034367561340332,33.623905181884766
r108_c93,576405.0,5922615.0,100,100,1.0,0.7957141995429993,33.74862289428711
r108_c94,576705.0,5922615.0,100,100,1.0,0.8105072975158691,34.101600646972656
r108_c95,577005.0,5922615.0,100,100,1.0,0.6992908716201782,36.35578536987305
r108_c96,577305.0,5922615.0,100,100,1.0,0.7035607099533081,36.4129638671875
r108_c97,577605.0,5922615.0,100,100,1.0,0.7977858781814575,34.678497314453125
r108_c98,577905.0,5922615.0,100,100,1.0,0.6951890587806702,35.85414123535156
r108_c99,578205.0,5922615.0,100,100,1.0,0.6142284274101257,37.956546783447266
r108_c100,578505.0,5922615.0,100,99,0.99,0.7329878211021423,35.08430480957031
r108_c101,578805.0,5922615.0,100,100,1.0,0.7271009683609009,35.64240646362305
r108_c102,579105.0,5922615.0,100,100,1.0,0.6935774087905884,35.878353118896484
r108_c103,579405.0,5922615.0,100,100,1.0,0.7488842010498047,34.722679138183594
r108_c104,579705.0,5922615.0,100,92,0.92,0.6828769445419312,37.158748626708984
r108_c107,580605.0,5922615.0,100,83,0.83,0.7149001955986023,37.074066162109375
r108_c108,580905.0,5922615.0,100,100,1.0,0.6615742444992065,38.78114318847656
r108_c109,581205.0,5922615.0,100,100,1.0,0.6326805353164673,38.623538970947266
r108_c110,581505.0,5922615.0,100,100,1.0,0.6593837141990662,38.57407760620117
r108_c111,581805.0,5922615.0,100,98,0.98,0.6796499490737915,37.43368911743164
r108_c113,582405.0,5922615.0,100,100,1.0,0.5644576549530029,35.24428176879883
r108_c114,582705.0,5922615.0,100,100,1.0,0.7485577464103699,33.67567443847656
r108_c115,583005.0,5922615.0,100,100,1.0,0.7095115184783936,33.735389709472656
r108_c116,583305.0,5922615.0,100,100,1.0,0.7647699117660522,34.92768859863281
r108_c117,583605.0,5922615.0,100,100,1.0,0.7818543910980225,33.08022689819336
r108_c118,583905.0,5922615.0,100,100,1.0,0.7605840563774109,33.34901428222656
r108_c119,584205.0,5922615.0,100,100,1.0,0.7249656915664673,34.572601318359375
r108_c120,584505.0,5922615.0,100,100,1.0,0.6982125043869019,38.01506423950195
r108_c121,584805.0,5922615.0,100,100,1.0,0.7240007519721985,37.8083381652832
r108_c122,585105.0,5922615.0,100,100,1.0,0.6453671455383301,37.01408767700195
r108_c123,585405.0,5922615.0,100,100,1.0,0.7137429714202881,36.929908752441406
r108_c124,585705.0,5922615.0,100,100,1.0,0.7799211740493774,36.189395904541016
r108_c125,586005.0,5922615.0,97,97,1.0,0.7976871728897095,35.20997619628906
r108_c129,587205.0,5922615.0,100,100,1.0,0.779549777507782,33.29422378540039
r108_c130,587505.0,5922615.0,96,96,1.0,0.7443797588348389,33.7580451965332
r109_c25,556005.0,5922315.0,83,83,1.0,0.8607320189476013,29.647275924682617
r109_c26,556305.0,5922315.0,100,100,1.0,0.8496872782707214,28.545366287231445
r109_c27,556605.0,5922315.0,100,100,1.0,0.8709130883216858,29.21664047241211
r109_c28,556905.0,5922315.0,100,100,1.0,0.8559319972991943,28.633583068847656
r109_c29,557205.0,5922315.0,100,100,1.0,0.8453139662742615,29.599994659423828
r109_c30,557505.0,5922315.0,100,100,1.0,0.7995104193687439,32.53840255737305
r109_c31,557805.0,5922315.0,100,100,1.0,0.8378474712371826,30.211036682128906
r109_c32,558105.0,5922315.0,100,100,1.0,0.8508116006851196,28.93317413330078
r109_c46,562305.0,5922315.0,100,100,1.0,0.7080419063568115,36.82145690917969
r109_c47,562605.0,5922315.0,100,100,1.0,0.7018966674804688,37.21238327026367
r109_c48,562905.0,5922315.0,100,100,1.0,0.7414660453796387,34.433685302734375
r109_c49,563205.0,5922315.0,100,100,1.0,0.7917771339416504,33.03831481933594
r109_c50,563505.0,5922315.0,100,100,1.0,0.6942019462585449,35.90184020996094
r109_c51,563805.0,5922315.0,100,100,1.0,0.650773823261261,37.80971145629883
r109_c52,564105.0,5922315.0,100,100,1.0,0.6849621534347534,37.50486373901367
r109_c53,564405.0,5922315.0,100,100,1.0,0.7443585991859436,34.82379150390625
r109_c54,564705.0,5922315.0,100,89,0.89,0.7872853875160217,30.973421096801758
r109_c56,565305.0,5922315.0,100,100,1.0,0.6476195454597473,37.836509704589844
r109_c57,565605.0,5922315.0,100,100,1.0,0.6121125817298889,39.59086990356445
r109_c58,565905.0,5922315.0,100,99,0.99,0.49541330337524414,42.44578170776367
r109_c59,566205.0,5922315.0,100,99,0.99,0.5042205452919006,42.093074798583984
r109_c60,566505.0,5922315.0,100,100,1.0,0.6155692934989929,39.576961517333984
r109_c61,566805.0,5922315.0,100,100,1.0,0.6054208874702454,37.4661979675293
r109_c62,567105.0,5922315.0,100,100,1.0,0.8117167949676514,32.689571380615234
r109_c63,567405.0,5922315.0,100,100,1.0,0.6542953252792358,34.255035400390625
r109_c85,574005.0,5922315.0,100,80,0.8,0.671210527420044,37.50257110595703
r109_c86,574305.0,5922315.0,100,100,1.0,0.5908980369567871,39.13753890991211
r109_c87,574605.0,5922315.0,100,100,1.0,0.7211598753929138,37.20164489746094
r109_c88,574905.0,5922315.0,100,95,0.95,0.5925493836402893,39.840240478515625
r109_c89,575205.0,5922315.0,100,98,0.98,0.6340336799621582,38.2231559753418
r109_c90,575505.0,5922315.0,100,100,1.0,0.7392663359642029,36.30672836303711
r109_c91,575805.0,5922315.0,100,100,1.0,0.8019853234291077,33.971107482910156
r109_c92,576105.0,5922315.0,100,99,0.99,0.8084008097648621,33.48135757446289
r109_c93,576405.0,5922315.0,100,100,1.0,0.8190850019454956,34.007503509521484
r109_c94,576705.0,5922315.0,100,100,1.0,0.709322452545166,35.584739685058594
r109_c95,577005.0,5922315.0,100,88,0.88,0.6727546453475952,35.872535705566406
r109_c96,577305.0,5922315.0,100,99,0.99,0.6928266286849976,36.60483932495117
r109_c97,577605.0,5922315.0,100,100,1.0,0.7270926833152771,36.75798416137695
r109_c98,577905.0,5922315.0,100,100,1.0,0.6560793519020081,38.59355926513672
r109_c99,578205.0,5922315.0,100,100,1.0,0.6119893789291382,39.389347076416016
r109_c100,578505.0,5922315.0,100,100,1.0,0.6584723591804504,37.615150451660156
r109_c101,578805.0,5922315.0,100,100,1.0,0.6588228344917297,37.663726806640625
r109_c102,579105.0,5922315.0,100,100,1.0,0.5153723955154419,39.245479583740234
r109_c103,579405.0,5922315.0,100,100,1.0,0.6808899641036987,36.07160949707031
r109_c104,579705.0,5922315.0,100,100,1.0,0.661182165145874,36.014015197753906
r109_c105,580005.0,5922315.0,100,100,1.0,0.6585254669189453,34.37453079223633
r109_c106,580305.0,5922315.0,100,100,1.0,0.7041819095611572,37.64571762084961
r109_c107,580605.0,5922315.0,100,100,1.0,0.6366019248962402,39.96220397949219
r109_c108,580905.0,5922315.0,100,100,1.0,0.700423002243042,36.91981506347656
r109_c109,581205.0,5922315.0,100,100,1.0,0.7719163298606873,35.1291618347168
r109_c110,581505.0,5922315.0,100,98,0.98,0.5831565260887146,39.14619064331055
r109_c111,581805.0,5922315.0,100,90,0.9,0.6273629665374756,38.71478271484375
r109_c112,582105.0,5922315.0,100,96,0.96,0.667826235294342,37.70549392700195
r109_c113,582405.0,5922315.0,100,100,1.0,0.6631571054458618,38.200252532958984
r109_c114,582705.0,5922315.0,100,100,1.0,0.8037914037704468,32.91645812988281
r109_c115,583005.0,5922315.0,100,100,1.0,0.7541658878326416,33.780792236328125
r109_c116,583305.0,5922315.0,100,100,1.0,0.7606213092803955,35.61819839477539
r109_c117,583605.0,5922315.0,100,100,1.0,0.7269636392593384,33.00936508178711
r109_c118,583905.0,5922315.0,100,100,1.0,0.7768650054931641,32.8802604675293
r109_c119,584205.0,5922315.0,100,100,1.0,0.7172853946685791,34.25369644165039
r109_c120,584505.0,5922315.0,100,100,1.0,0.6968402862548828,38.144771575927734
r109_c121,584805.0,5922315.0,100,100,1.0,0.769957959651947,35.72689437866211
r109_c122,585105.0,5922315.0,100,100,1.0,0.6844499707221985,36.537418365478516
r109_c123,585405.0,5922315.0,100,100,1.0,0.7709915637969971,35.285125732421875
r109_c124,585705.0,5922315.0,100,100,1.0,0.7767205238342285,35.601837158203125
r109_c125,586005.0,5922315.0,100,100,1.0,0.7482873797416687,37.02773666381836
r109_c129,587205.0,5922315.0,100,100,1.0,0.7578582763671875,36.00214767456055
r110_c26,556305.0,5922015.0,95,95,1.0,0.8699375987052917,28.202993392944336
r110_c27,556605.0,5922015.0,100,100,1.0,0.8697221279144287,28.57770347595215
r110_c28,556905.0,5922015.0,100,100,1.0,0.8738114237785339,28.724058151245117
r110_c29,557205.0,5922015.0,100,100,1.0,0.8587446808815002,28.51761245727539
r110_c30,557505.0,5922015.0,93,93,1.0,0.8433125615119934,28.60036277770996
r110_c46,562305.0,5922015.0,100,100,1.0,0.6327024698257446,38.28385543823242
r110_c47,562605.0,5922015.0,100,100,1.0,0.6808457374572754,36.6798095703125
r110_c48,562905.0,5922015.0,100,100,1.0,0.7141410112380981,35.836368560791016
r110_c49,563205.0,5922015.0,100,100,1.0,0.7466744184494019,35.003910064697266
r110_c50,563505.0,5922015.0,100,95,0.95,0.620353639125824,39.37355422973633
r110_c51,563805.0,5922015.0,100,100,1.0,0.7083162665367126,38.0357780456543
r110_c52,564105.0,5922015.0,100,100,1.0,0.6475840210914612,38.80233383178711
r110_c53,564405.0,5922015.0,100,100,1.0,0.6653417944908142,38.793277740478516
r110_c54,564705.0,5922015.0,100,100,1.0,0.8360178470611572,31.745927810668945
r110_c55,565005.0,5922015.0,100,95,0.95,0.753387451171875,33.13605499267578
r110_c56,565305.0,5922015.0,100,100,1.0,0.646923303604126,37.84744644165039
r110_c57,565605.0,5922015.0,100,100,1.0,0.6549018025398254,37.54973220825195
r110_c58,565905.0,5922015.0,100,88,0.88,0.5601579546928406,39.745887756347656
r110_c59,566205.0,5922015.0,100,97,0.97,0.5404906272888184,41.166419982910156
r110_c60,566505.0,5922015.0,100,100,1.0,0.5523033738136292,41.17133331298828
r110_c61,566805.0,5922015.0,100,98,0.98,0.5639328956604004,40.34950637817383
r110_c62,567105.0,5922015.0,100,100,1.0,0.7144127488136292,36.3945426940918
r110_c82,573105.0,5922015.0,100,80,0.8,0.5413526296615601,34.86419677734375
r110_c85,574005.0,5922015.0,100,73,0.73,0.5324183702468872,39.5930061340332
r110_c86,574305.0,5922015.0,100,92,0.92,0.6071595549583435,38.007041931152344
r110_c87,574605.0,5922015.0,100,100,1.0,0.7098808884620667,36.78440475463867
r110_c88,574905.0,5922015.0,100,100,1.0,0.633226215839386,38.817405700683594
r110_c89,575205.0,5922015.0,100,100,1.0,0.7497379183769226,36.297401428222656
r110_c90,575505.0,5922015.0,100,100,1.0,0.7836296558380127,34.501609802246094
r110_c91,575805.0,5922015.0,100,100,1.0,0.7792510390281677,34.068756103515625
r110_c92,576105.0,5922015.0,100,88,0.88,0.6921318173408508,35.68785095214844
r110_c93,576405.0,5922015.0,100,100,1.0,0.5221422910690308,41.57014465332031
r110_c94,576705.0,5922015.0,100,100,1.0,0.6702491044998169,37.10785675048828
r110_c95,577005.0,5922015.0,100,100,1.0,0.6521574258804321,37.91399002075195
r110_c96,577305.0,5922015.0,100,100,1.0,0.5882026553153992,37.52089309692383
r110_c97,577605.0,5922015.0,100,100,1.0,0.7285807132720947,36.859493255615234
r110_c98,577905.0,5922015.0,100,100,1.0,0.7281554341316223,36.006629943847656
r110_c99,578205.0,5922015.0,100,73,0.73,0.558393657207489,37.750709533691406
r110_c100,578505.0,5922015.0,100,99,0.99,0.5422229766845703,40.257049560546875
r110_c101,578805.0,5922015.0,100,100,1.0,0.5478331446647644,39.37617492675781
r110_c102,579105.0,5922015.0,100,98,0.98,0.6585955023765564,37.36334228515625
r110_c103,579405.0,5922015.0,100,100,1.0,0.683045506477356,36.88766098022461
r110_c104,579705.0,5922015.0,100,100,1.0,0.7299292087554932,34.196067810058594
r110_c105,580005.0,5922015.0,100,100,1.0,0.568086564540863,37.263370513916016
r110_c106,580305.0,5922015.0,100,100,1.0,0.7250949144363403,38.9423713684082
r110_c107,580605.0,5922015.0,100,100,1.0,0.5697451233863831,40.9748649597168
r110_c108,580905.0,5922015.0,100,100,1.0,0.7176819443702698,35.25217056274414
r110_c109,581205.0,5922015.0,100,100,1.0,0.6387748122215271,35.7183952331543
r110_c110,581505.0,5922015.0,100,100,1.0,0.7478315830230713,36.243045806884766
r110_c111,581805.0,5922015.0,100,96,0.96,0.6722607612609863,38.828182220458984
r110_c112,582105.0,5922015.0,100,94,0.94,0.723949670791626,36.80441665649414
r110_c113,582405.0,5922015.0,100,100,1.0,0.7049813866615295,37.26808547973633
r110_c114,582705.0,5922015.0,100,100,1.0,0.8158203363418579,33.544429779052734
r110_c115,583005.0,5922015.0,100,100,1.0,0.771949827671051,34.40169906616211
r110_c116,583305.0,5922015.0,100,100,1.0,0.749055027961731,35.277488708496094
r110_c117,583605.0,5922015.0,100,100,1.0,0.671112060546875,34.64543533325195
r110_c118,583905.0,5922015.0,100,100,1.0,0.7125668525695801,34.11594772338867
r110_c119,584205.0,5922015.0,100,100,1.0,0.7507801651954651,34.064579010009766
r110_c120,584505.0,5922015.0,100,100,1.0,0.6565263867378235,38.2688102722168
r110_c121,584805.0,5922015.0,100,100,1.0,0.7626912593841553,35.23078155517578
r110_c122,585105.0,5922015.0,100,100,1.0,0.6425310373306274,38.24232864379883
r110_c123,585405.0,5922015.0,100,100,1.0,0.6572871208190918,39.93406677246094
r110_c124,585705.0,5922015.0,100,100,1.0,0.7116143107414246,38.298065185546875
r110_c125,586005.0,5922015.0,100,100,1.0,0.6726521253585815,39.472572326660156
r110_c126,586305.0,5922015.0,100,100,1.0,0.7407150268554688,37.41212463378906
r110_c127,586605.0,5922015.0,100,100,1.0,0.6488384008407593,38.257083892822266
r110_c128,586905.0,5922015.0,100,100,1.0,0.6789635419845581,38.8382568359375
r110_c129,587205.0,5922015.0,97,97,1.0,0.6354761719703674,39.79438400268555
r111_c27,556605.0,5921715.0,100,100,1.0,0.8552277088165283,28.875751495361328
r111_c28,556905.0,5921715.0,100,100,1.0,0.8604599237442017,28.82550811767578
r111_c29,557205.0,5921715.0,98,98,1.0,0.8354792594909668,28.955190658569336
r111_c30,557505.0,5921715.0,80,80,1.0,0.8215569257736206,28.709239959716797
r111_c46,562305.0,5921715.0,100,81,0.81,0.7002687454223633,35.408111572265625
r111_c47,562605.0,5921715.0,100,100,1.0,0.7757683396339417,33.81034851074219
r111_c48,562905.0,5921715.0,100,100,1.0,0.7603962421417236,34.391780853271484
r111_c49,563205.0,5921715.0,100,100,1.0,0.8331049084663391,32.60637664794922
r111_c50,563505.0,5921715.0,100,100,1.0,0.6806871294975281,39.106876373291016
r111_c51,563805.0,5921715.0,100,99,0.99,0.6035164594650269,41.15882110595703
r111_c52,564105.0,5921715.0,100,100,1.0,0.6159095168113708,40.365596771240234
r111_c53,564405.0,5921715.0,100,100,1.0,0.5600144863128662,40.0799560546875
r111_c54,564705.0,5921715.0,100,100,1.0,0.7420998215675354,35.506744384765625
r111_c55,565005.0,5921715.0,100,99,0.99,0.7908850908279419,32.52616882324219
r111_c56,565305.0,5921715.0,100,100,1.0,0.6553979516029358,38.06517028808594
r111_c57,565605.0,5921715.0,100,100,1.0,0.6164343953132629,38.920692443847656
r111_c58,565905.0,5921715.0,100,98,0.98,0.6553654670715332,38.857059478759766
r111_c59,566205.0,5921715.0,100,98,0.98,0.5719429850578308,39.889957427978516
r111_c60,566505.0,5921715.0,100,100,1.0,0.5753346681594849,40.88603210449219
r111_c61,566805.0,5921715.0,100,97,0.97,0.5338280200958252,41.00475311279297
r111_c62,567105.0,5921715.0,100,100,1.0,0.6175650954246521,38.46869659423828
r111_c63,567405.0,5921715.0,98,98,1.0,0.7082842588424683,35.09646224975586
r111_c86,574305.0,5921715.0,100,97,0.97,0.8019618988037109,34.384361267089844
r111_c87,574605.0,5921715.0,100,100,1.0,0.6313030123710632,37.66256332397461
r111_c88,574905.0,5921715.0,100,100,1.0,0.6578680276870728,37.719783782958984
r111_c89,575205.0,5921715.0,100,100,1.0,0.8187926411628723,34.46428298950195
r111_c90,575505.0,5921715.0,100,100,1.0,0.816641092300415,34.09479522705078
r111_c91,575805.0,5921715.0,100,100,1.0,0.7074833512306213,36.119056701660156
r111_c92,576105.0,5921715.0,100,100,1.0,0.620714008808136,39.19929504394531
r111_c93,576405.0,5921715.0,100,100,1.0,0.7487569451332092,37.720157623291016
r111_c94,576705.0,5921715.0,100,100,1.0,0.6700104475021362,38.282081604003906
r111_c95,577005.0,5921715.0,100,100,1.0,0.5600330233573914,38.44255447387695
r111_c96,577305.0,5921715.0,100,100,1.0,0.6076269745826721,39.011680603027344
r111_c97,577605.0,5921715.0,100,100,1.0,0.8350004553794861,34.95637512207031
r111_c98,577905.0,5921715.0,100,100,1.0,0.8193331956863403,34.553287506103516
r111_c99,578205.0,5921715.0,100,96,0.96,0.7344476580619812,36.74863052368164
r111_c100,578505.0,5921715.0,100,100,1.0,0.7315033674240112,37.09437942504883
r111_c101,578805.0,5921715.0,100,99,0.99,0.5966886281967163,39.11497116088867
r111_c102,579105.0,5921715.0,100,100,1.0,0.6303967237472534,39.48142623901367
r111_c103,579405.0,5921715.0,100,92,0.92,0.5861853957176208,40.5516471862793
r111_c104,579705.0,5921715.0,100,84,0.84,0.526949405670166,38.20726013183594
r111_c105,580005.0,5921715.0,100,100,1.0,0.7292303442955017,37.18284606933594
r111_c106,580305.0,5921715.0,100,100,1.0,0.6387027502059937,39.089820861816406
r111_c107,580605.0,5921715.0,100,100,1.0,0.6433209776878357,38.07439041137695
r111_c108,580905.0,5921715.0,100,100,1.0,0.7447166442871094,33.375606536865234
r111_c109,581205.0,5921715.0,100,100,1.0,0.5854306221008301,38.24567413330078
r111_c110,581505.0,5921715.0,100,100,1.0,0.7859287261962891,34.9400749206543
r111_c111,581805.0,5921715.0,100,100,1.0,0.6273568868637085,39.170413970947266
r111_c112,582105.0,5921715.0,100,99,0.99,0.7107541561126709,36.29991149902344
r111_c113,582405.0,5921715.0,100,100,1.0,0.633723258972168,38.775638580322266
r111_c114,582705.0,5921715.0,100,100,1.0,0.7810977101325989,37.148223876953125
r111_c115,583005.0,5921715.0,100,100,1.0,0.6429566144943237,37.810157775878906
r111_c116,583305.0,5921715.0,100,100,1.0,0.6587876081466675,36.565711975097656
r111_c117,583605.0,5921715.0,100,100,1.0,0.6633309125900269,35.71360778808594
r111_c118,583905.0,5921715.0,100,100,1.0,0.6343724727630615,35.0234375
r111_c119,584205.0,5921715.0,100,100,1.0,0.6441909670829773,36.26948165893555
r111_c120,584505.0,5921715.0,100,100,1.0,0.6585298776626587,37.282264709472656
r111_c121,584805.0,5921715.0,100,100,1.0,0.6744744181632996,35.63615798950195
r111_c122,585105.0,5921715.0,100,100,1.0,0.6634516716003418,37.8338737487793
r111_c123,585405.0,5921715.0,100,100,1.0,0.6365609169006348,39.738563537597656
r111_c124,585705.0,5921715.0,100,100,1.0,0.7154949903488159,37.80522537231445
r111_c125,586005.0,5921715.0,100,100,1.0,0.6154653429985046,38.76572799682617
r111_c126,586305.0,5921715.0,100,100,1.0,0.6050201058387756,39.9596061706543
r111_c127,586605.0,5921715.0,100,96,0.96,0.6085880398750305,35.243595123291016
r111_c128,586905.0,5921715.0,100,100,1.0,0.797119140625,32.540000915527344
r111_c129,587205.0,5921715.0,100,100,1.0,0.6753760576248169,37.58937454223633
r112_c28,556905.0,5921415.0,100,100,1.0,0.843472957611084,28.849224090576172
r112_c46,562305.0,5921415.0,100,75,0.75,0.8674368262290955,31.203153610229492
r112_c47,562605.0,5921415.0,100,100,1.0,0.8104945421218872,32.563446044921875
r112_c48,562905.0,5921415.0,100,100,1.0,0.8553309440612793,31.44995880126953
r112_c49,563205.0,5921415.0,100,100,1.0,0.8011831045150757,33.01268005371094
r112_c50,563505.0,5921415.0,100,92,0.92,0.6613893508911133,37.28691482543945
r112_c51,563805.0,5921415.0,100,97,0.97,0.6979630589485168,37.01028060913086
r112_c52,564105.0,5921415.0,100,91,0.91,0.673456072807312,37.875762939453125
r112_c53,564405.0,5921415.0,100,99,0.99,0.7202861905097961,35.47637176513672
r112_c54,564705.0,5921415.0,100,100,1.0,0.8186771273612976,32.96329116821289
r112_c55,565005.0,5921415.0,100,100,1.0,0.7844793200492859,32.972312927246094
r112_c56,565305.0,5921415.0,100,100,1.0,0.688202977180481,37.59656524658203
r112_c57,565605.0,5921415.0,100,100,1.0,0.7001880407333374,36.726158142089844
r112_c58,565905.0,5921415.0,100,100,1.0,0.600546658039093,38.70420455932617
r112_c59,566205.0,5921415.0,100,100,1.0,0.64459228515625,38.5783805847168
r112_c60,566505.0,5921415.0,100,100,1.0,0.6037139296531677,39.525962829589844
r112_c61,566805.0,5921415.0,100,100,1.0,0.7443830370903015,35.6693000793457
r112_c62,567105.0,5921415.0,100,100,1.0,0.7603834271430969,34.23951721191406
r112_c63,567405.0,5921415.0,100,100,1.0,0.7642990350723267,34.63258361816406
r112_c64,567705.0,5921415.0,100,100,1.0,0.5362446308135986,36.68227767944336
r112_c65,568005.0,5921415.0,97,97,1.0,0.5367669463157654,37.00344467163086
r112_c83,573405.0,5921415.0,100,97,0.97,0.7725499868392944,33.008026123046875
r112_c86,574305.0,5921415.0,100,100,1.0,0.7055589556694031,36.78101348876953
r112_c87,574605.0,5921415.0,100,100,1.0,0.6037788987159729,39.29399108886719
r112_c88,574905.0,5921415.0,100,100,1.0,0.7445491552352905,35.477752685546875
r112_c89,575205.0,5921415.0,100,100,1.0,0.7531405091285706,35.64274978637695
r112_c90,575505.0,5921415.0,100,100,1.0,0.8004059791564941,34.237911224365234
r112_c91,575805.0,5921415.0,100,100,1.0,0.6259967088699341,37.40949630737305
r112_c92,576105.0,5921415.0,100,100,1.0,0.7346925139427185,37.303260803222656
r112_c93,576405.0,5921415.0,100,100,1.0,0.6688413023948669,37.28644943237305
r112_c94,576705.0,5921415.0,100,100,1.0,0.7192017436027527,36.5353889465332
r112_c95,577005.0,5921415.0,100,100,1.0,0.6723778247833252,37.49518585205078
r112_c96,577305.0,5921415.0,100,100,1.0,0.6704363226890564,37.535240173339844
r112_c97,577605.0,5921415.0,100,100,1.0,0.8703798055648804,34.15293502807617
r112_c98,577905.0,5921415.0,100,100,1.0,0.8320364952087402,34.104774475097656
r112_c99,578205.0,5921415.0,100,100,1.0,0.7884987592697144,34.570613861083984
r112_c100,578505.0,5921415.0,100,100,1.0,0.7288367748260498,35.59050750732422
r112_c101,578805.0,5921415.0,100,100,1.0,0.5755130648612976,40.1981201171875
r112_c102,579105.0,5921415.0,100,99,0.99,0.5683997869491577,41.41692352294922
r112_c103,579405.0,5921415.0,100,99,0.99,0.4665621817111969,41.28083038330078
r112_c104,579705.0,5921415.0,100,100,1.0,0.5813232064247131,39.48958969116211
r112_c105,580005.0,5921415.0,100,100,1.0,0.707589328289032,37.46356964111328
r112_c106,580305.0,5921415.0,100,100,1.0,0.5961219072341919,39.66592788696289
r112_c107,580605.0,5921415.0,100,100,1.0,0.624883770942688,37.50940704345703
r112_c108,580905.0,5921415.0,100,100,1.0,0.628707230091095,36.683536529541016
r112_c109,581205.0,5921415.0,100,100,1.0,0.6421276330947876,39.72170639038086
r112_c110,581505.0,5921415.0,100,100,1.0,0.72745680809021,36.678924560546875
r112_c111,581805.0,5921415.0,100,100,1.0,0.6233928799629211,39.195228576660156
r112_c112,582105.0,5921415.0,100,100,1.0,0.7435291409492493,36.02556228637695
r112_c113,582405.0,5921415.0,100,100,1.0,0.6373363137245178,37.8125114440918
r112_c114,582705.0,5921415.0,100,92,0.92,0.6825993657112122,37.69950485229492
r112_c115,583005.0,5921415.0,100,100,1.0,0.6422548890113831,38.435142517089844
r112_c116,583305.0,5921415.0,100,100,1.0,0.6084298491477966,37.87586975097656
r112_c117,583605.0,5921415.0,100,100,1.0,0.5343144536018372,36.498382568359375
r112_c118,583905.0,5921415.0,100,100,1.0,0.5954884886741638,35.83672332763672
r112_c119,584205.0,5921415.0,100,100,1.0,0.5789720416069031,37.551753997802734
r112_c120,584505.0,5921415.0,100,100,1.0,0.6331102252006531,36.78819274902344
r112_c121,584805.0,5921415.0,100,100,1.0,0.6145286560058594,37.609920501708984
r112_c122,585105.0,5921415.0,100,100,1.0,0.7291098833084106,36.44441223144531
r112_c123,585405.0,5921415.0,100,100,1.0,0.6417396068572998,38.41999816894531
r112_c124,585705.0,5921415.0,100,100,1.0,0.6908221244812012,39.261512756347656
r112_c125,586005.0,5921415.0,100,100,1.0,0.7083627581596375,36.357933044433594
r112_c126,586305.0,5921415.0,100,100,1.0,0.6011675000190735,38.615230560302734
r112_c127,586605.0,5921415.0,100,76,0.76,0.6685913801193237,35.301536560058594
r113_c46,562305.0,5921115.0,100,97,0.97,0.75738126039505,34.5829963684082
r113_c47,562605.0,5921115.0,100,100,1.0,0.7001871466636658,34.49223709106445
r113_c48,562905.0,5921115.0,100,100,1.0,0.7817385792732239,31.653676986694336
r113_c49,563205.0,5921115.0,100,100,1.0,0.834287166595459,32.0150260925293
r113_c50,563505.0,5921115.0,100,100,1.0,0.8240281939506531,31.803720474243164
r113_c51,563805.0,5921115.0,100,100,1.0,0.8077725172042847,32.81183624267578
r113_c52,564105.0,5921115.0,100,98,0.98,0.7096813917160034,36.09295654296875
r113_c55,565005.0,5921115.0,100,72,0.72,0.6933267116546631,36.82897186279297
r113_c56,565305.0,5921115.0,100,99,0.99,0.7076766490936279,36.16011047363281
r113_c57,565605.0,5921115.0,100,100,1.0,0.6053531765937805,38.803768157958984
r113_c58,565905.0,5921115.0,100,100,1.0,0.5867220163345337,39.205997467041016
r113_c59,566205.0,5921115.0,100,100,1.0,0.637050211429596,38.66865539550781
r113_c60,566505.0,5921115.0,100,99,0.99,0.6699878573417664,38.87074279785156
r113_c61,566805.0,5921115.0,100,100,1.0,0.7520704865455627,35.40919494628906
r113_c62,567105.0,5921115.0,100,100,1.0,0.7219268083572388,35.92401885986328
r113_c63,567405.0,5921115.0,100,100,1.0,0.7079719305038452,36.65055847167969
r113_c64,567705.0,5921115.0,100,100,1.0,0.6603134274482727,36.72773361206055
r113_c65,568005.0,5921115.0,99,99,1.0,0.621402382850647,35.943634033203125
r113_c83,573405.0,5921115.0,100,71,0.71,0.826576292514801,30.824472427368164
r113_c84,573705.0,5921115.0,100,100,1.0,0.7797287702560425,33.70100021362305
r113_c86,574305.0,5921115.0,100,100,1.0,0.7449033260345459,35.458377838134766
r113_c87,574605.0,5921115.0,100,100,1.0,0.6313955187797546,36.35475540161133
r113_c88,574905.0,5921115.0,100,100,1.0,0.7954398989677429,34.33522033691406
r113_c89,575205.0,5921115.0,100,94,0.94,0.6331205368041992,37.90827178955078
r113_c90,575505.0,5921115.0,100,100,1.0,0.7716372609138489,35.208587646484375
r113_c91,575805.0,5921115.0,100,100,1.0,0.7928413152694702,35.079830169677734
r113_c92,576105.0,5921115.0,100,100,1.0,0.7103961706161499,37.175392150878906
r113_c93,576405.0,5921115.0,100,100,1.0,0.6934465765953064,36.234130859375
r113_c94,576705.0,5921115.0,100,91,0.91,0.7215008735656738,35.77225112915039
r113_c95,577005.0,5921115.0,100,100,1.0,0.6590597033500671,37.77583312988281
r113_c96,577305.0,5921115.0,100,100,1.0,0.7317870259284973,37.0056037902832
r113_c97,577605.0,5921115.0,100,100,1.0,0.7819996476173401,35.40829086303711
r113_c98,577905.0,5921115.0,100,100,1.0,0.7959060668945312,34.595428466796875
r113_c99,578205.0,5921115.0,100,100,1.0,0.7999783158302307,35.27033996582031
r113_c100,578505.0,5921115.0,100,100,1.0,0.7878326177597046,35.17522430419922
r113_c101,578805.0,5921115.0,100,100,1.0,0.6699610948562622,38.184288024902344
r113_c102,579105.0,5921115.0,100,90,0.9,0.59544438123703,39.328548431396484
r113_c103,579405.0,5921115.0,100,98,0.98,0.6288903951644897,39.659629821777344
r113_c104,579705.0,5921115.0,100,100,1.0,0.7068333625793457,36.910282135009766
r113_c105,580005.0,5921115.0,100,99,0.99,0.659769594669342,39.35502624511719
r113_c106,580305.0,5921115.0,100,100,1.0,0.591019868850708,37.37403869628906
r113_c107,580605.0,5921115.0,100,100,1.0,0.5768371820449829,39.067501068115234
r113_c108,580905.0,5921115.0,100,100,1.0,0.588966429233551,39.2111930847168
r113_c109,581205.0,5921115.0,100,100,1.0,0.7981933355331421,35.8395881652832
r113_c110,581505.0,5921115.0,100,100,1.0,0.5435168147087097,41.58989715576172
r113_c111,581805.0,5921115.0,100,100,1.0,0.5667611956596375,41.8636474609375
r113_c112,582105.0,5921115.0,100,100,1.0,0.7056494355201721,38.069271087646484
r113_c113,582405.0,5921115.0,100,99,0.99,0.6173607110977173,39.673255920410156
r113_c114,582705.0,5921115.0,100,94,0.94,0.6530460715293884,38.06880187988281
r113_c115,583005.0,5921115.0,100,98,0.98,0.6449915170669556,38.62724685668945
r113_c116,583305.0,5921115.0,100,100,1.0,0.6997455358505249,36.114219665527344
r113_c117,583605.0,5921115.0,100,100,1.0,0.6279873251914978,36.63595199584961
r113_c118,583905.0,5921115.0,100,100,1.0,0.5763841271400452,36.95387268066406
r113_c119,584205.0,5921115.0,100,100,1.0,0.6203175187110901,37.098175048828125
r113_c120,584505.0,5921115.0,100,100,1.0,0.6863324642181396,36.43183135986328
r113_c121,584805.0,5921115.0,100,100,1.0,0.6147589683532715,38.254695892333984
r113_c122,585105.0,5921115.0,100,100,1.0,0.6377341747283936,35.91841125488281
r113_c123,585405.0,5921115.0,100,100,1.0,0.6088669300079346,38.1710319519043
r113_c124,585705.0,5921115.0,100,100,1.0,0.638716995716095,39.491851806640625
r113_c125,586005.0,5921115.0,100,98,0.98,0.6675615310668945,36.4943962097168
r114_c29,557205.0,5920815.0,80,80,1.0,0.8446553945541382,28.615032196044922
r114_c46,562305.0,5920815.0,100,99,0.99,0.7009984850883484,34.40076446533203
r114_c47,562605.0,5920815.0,100,100,1.0,0.8705218434333801,30.398792266845703
r114_c48,562905.0,5920815.0,100,100,1.0,0.8687736988067627,30.114789962768555
r114_c49,563205.0,5920815.0,100,100,1.0,0.7804154753684998,33.799312591552734
r114_c50,563505.0,5920815.0,100,100,1.0,0.7387597560882568,35.3630485534668
r114_c51,563805.0,5920815.0,100,94,0.94,0.7299051284790039,35.01515579223633
r114_c57,565605.0,5920815.0,100,97,0.97,0.6631028652191162,37.88938522338867
r114_c58,565905.0,5920815.0,100,100,1.0,0.7154099941253662,36.40989303588867
r114_c59,566205.0,5920815.0,100,100,1.0,0.6753842234611511,36.4055061340332
r114_c60,566505.0,5920815.0,100,99,0.99,0.6680044531822205,37.364845275878906
r114_c61,566805.0,5920815.0,100,100,1.0,0.7407243847846985,35.79597473144531
r114_c62,567105.0,5920815.0,100,100,1.0,0.7212305665016174,35.531524658203125
r114_c63,567405.0,5920815.0,100,100,1.0,0.7120630145072937,35.995384216308594
r114_c64,567705.0,5920815.0,100,99,0.99,0.5601646304130554,37.397159576416016
r114_c84,573705.0,5920815.0,100,100,1.0,0.8105021119117737,34.03874588012695
r114_c85,574005.0,5920815.0,100,91,0.91,0.618462324142456,36.54600143432617
r114_c86,574305.0,5920815.0,100,99,0.99,0.695669949054718,35.937191009521484
r114_c87,574605.0,5920815.0,100,100,1.0,0.7223533391952515,35.25138854980469
r114_c88,574905.0,5920815.0,100,100,1.0,0.7948058247566223,33.4866943359375
r114_c89,575205.0,5920815.0,100,77,0.77,0.6270090341567993,39.05229187011719
r114_c90,575505.0,5920815.0,100,100,1.0,0.6446794271469116,38.097530364990234
r114_c91,575805.0,5920815.0,100,100,1.0,0.7731836438179016,35.593624114990234
r114_c92,576105.0,5920815.0,100,100,1.0,0.6403977274894714,37.255882263183594
r114_c93,576405.0,5920815.0,100,82,0.82,0.7589890360832214,32.713863372802734
r114_c95,577005.0,5920815.0,100,100,1.0,0.7516863346099854,35.766571044921875
r114_c96,577305.0,5920815.0,100,100,1.0,0.8009697794914246,34.82033157348633
r114_c97,577605.0,5920815.0,100,100,1.0,0.7946468591690063,34.85505676269531
r114_c98,577905.0,5920815.0,100,100,1.0,0.8002610206604004,35.4523811340332
r114_c99,578205.0,5920815.0,100,100,1.0,0.7296162247657776,35.63631057739258
r114_c100,578505.0,5920815.0,100,100,1.0,0.754690945148468,35.845699310302734
r114_c101,578805.0,5920815.0,100,100,1.0,0.745006799697876,35.11113357543945
r114_c102,579105.0,5920815.0,100,99,0.99,0.6793072819709778,38.0545654296875
r114_c103,579405.0,5920815.0,100,94,0.94,0.6001008749008179,40.38007354736328
r114_c104,579705.0,5920815.0,100,100,1.0,0.7021747827529907,37.250240325927734
r114_c105,580005.0,5920815.0,100,97,0.97,0.6628696918487549,37.53944396972656
r114_c106,580305.0,5920815.0,100,100,1.0,0.6133255958557129,36.44010925292969
r114_c107,580605.0,5920815.0,100,100,1.0,0.665088951587677,37.9040412902832
r114_c108,580905.0,5920815.0,100,100,1.0,0.6869747042655945,37.803993225097656
r114_c109,581205.0,5920815.0,100,100,1.0,0.7889431118965149,35.74440002441406
r114_c110,581505.0,5920815.0,100,100,1.0,0.449774831533432,45.258697509765625
r114_c111,581805.0,5920815.0,100,100,1.0,0.5056925415992737,42.37508773803711
r114_c112,582105.0,5920815.0,100,100,1.0,0.6640730500221252,38.76682662963867
r114_c113,582405.0,5920815.0,100,100,1.0,0.6134605407714844,37.99028015136719
r114_c114,582705.0,5920815.0,100,99,0.99,0.604176938533783,39.55482482910156
r114_c115,583005.0,5920815.0,100,95,0.95,0.6243405938148499,39.10453796386719
r114_c116,583305.0,5920815.0,100,100,1.0,0.6224821209907532,38.24888610839844
r114_c117,583605.0,5920815.0,100,100,1.0,0.7271535396575928,35.74079895019531
r114_c118,583905.0,5920815.0,100,100,1.0,0.6647605299949646,36.40339279174805
r114_c119,584205.0,5920815.0,100,100,1.0,0.7062784433364868,36.80556106567383
r114_c120,584505.0,5920815.0,100,100,1.0,0.6412739753723145,37.56648254394531
r114_c121,584805.0,5920815.0,100,100,1.0,0.6535751819610596,36.26592254638672
r114_c122,585105.0,5920815.0,100,100,1.0,0.5820786356925964,36.84548568725586
r114_c123,585405.0,5920815.0,100,100,1.0,0.7072413563728333,36.256080627441406
r114_c124,585705.0,5920815.0,100,96,0.96,0.6309047341346741,37.253787994384766
r115_c44,561705.0,5920515.0,100,89,0.89,0.8225321173667908,31.39586639404297
r115_c46,562305.0,5920515.0,100,96,0.96,0.4834630489349365,38.73699951171875
r115_c47,562605.0,5920515.0,93,91,0.978494623655914,0.6831397414207458,34.454017639160156
r115_c48,562905.0,5920515.0,83,77,0.927710843373494,0.8111839890480042,32.95707702636719
r115_c49,563205.0,5920515.0,100,92,0.92,0.7984777688980103,34.29697036743164
r115_c50,563505.0,5920515.0,100,100,1.0,0.8712335824966431,31.406721115112305
r115_c58,565905.0,5920515.0,100,100,1.0,0.6841496825218201,37.697383880615234
r115_c59,566205.0,5920515.0,100,100,1.0,0.6350674033164978,36.86363220214844
r115_c60,566505.0,5920515.0,100,100,1.0,0.7282094359397888,35.81768035888672
r115_c61,566805.0,5920515.0,94,94,1.0,0.8401000499725342,31.419464111328125
r115_c85,574005.0,5920515.0,100,100,1.0,0.6936488151550293,36.368831634521484
r115_c86,574305.0,5920515.0,100,100,1.0,0.5776790976524353,40.65811538696289
r115_c87,574605.0,5920515.0,100,96,0.96,0.5700932145118713,38.155757904052734
r115_c88,574905.0,5920515.0,100,98,0.98,0.7531790733337402,34.95883560180664
r115_c89,575205.0,5920515.0,100,71,0.71,0.4705803096294403,38.39501190185547
r115_c90,575505.0,5920515.0,100,97,0.97,0.5780720114707947,38.478515625
r115_c91,575805.0,5920515.0,100,98,0.98,0.6931009292602539,37.2391471862793
r115_c92,576105.0,5920515.0,100,100,1.0,0.5330579280853271,38.85243225097656
r115_c93,576405.0,5920515.0,100,100,1.0,0.871437668800354,31.09783935546875
r115_c94,576705.0,5920515.0,100,100,1.0,0.7599514126777649,35.02524948120117
r115_c95,577005.0,5920515.0,100,100,1.0,0.7441964149475098,35.79788589477539
r115_c96,577305.0,5920515.0,100,100,1.0,0.7932536602020264,34.704872131347656
r115_c97,577605.0,5920515.0,100,100,1.0,0.8115376234054565,34.711639404296875
r115_c98,577905.0,5920515.0,100,100,1.0,0.7647776007652283,35.233909606933594
r115_c99,578205.0,5920515.0,100,100,1.0,0.7654531002044678,35.65302658081055
r115_c100,578505.0,5920515.0,100,100,1.0,0.7219993472099304,34.8599853515625
r115_c101,578805.0,5920515.0,100,100,1.0,0.6444588303565979,38.31502151489258
r115_c102,579105.0,5920515.0,100,100,1.0,0.680075466632843,37.69646453857422
r115_c103,579405.0,5920515.0,100,100,1.0,0.7557088732719421,36.70619201660156
r115_c104,579705.0,5920515.0,100,99,0.99,0.5495326519012451,39.51056671142578
r115_c105,580005.0,5920515.0,100,100,1.0,0.6572061777114868,37.873653411865234
r115_c106,580305.0,5920515.0,100,100,1.0,0.754256010055542,36.05506134033203
r115_c107,580605.0,5920515.0,100,99,0.99,0.7108351588249207,36.156768798828125
r115_c108,580905.0,5920515.0,100,100,1.0,0.7911415100097656,36.07679748535156
r115_c109,581205.0,5920515.0,100,100,1.0,0.6265461444854736,38.76459884643555
r115_c110,581505.0,5920515.0,100,85,0.85,0.4030182659626007,45.330963134765625
r115_c111,581805.0,5920515.0,100,98,0.98,0.5508259534835815,42.432472229003906
r115_c112,582105.0,5920515.0,100,100,1.0,0.656928300857544,38.687557220458984
r115_c113,582405.0,5920515.0,100,100,1.0,0.6673349738121033,35.786705017089844
r115_c114,582705.0,5920515.0,100,100,1.0,0.496890664100647,37.40436553955078
r115_c115,583005.0,5920515.0,100,100,1.0,0.5395240783691406,40.0217399597168
r115_c116,583305.0,5920515.0,100,98,0.98,0.5433703660964966,41.08246612548828
r115_c117,583605.0,5920515.0,100,100,1.0,0.6618648767471313,37.50669860839844
r115_c118,583905.0,5920515.0,100,100,1.0,0.6029040217399597,38.140987396240234
r115_c119,584205.0,5920515.0,100,100,1.0,0.6264147758483887,37.71543884277344
r115_c120,584505.0,5920515.0,100,100,1.0,0.6567284464836121,38.70717239379883
r115_c121,584805.0,5920515.0,100,100,1.0,0.5830447673797607,39.353179931640625
r115_c122,585105.0,5920515.0,100,100,1.0,0.669808566570282,38.20783615112305
r115_c123,585405.0,5920515.0,100,77,0.77,0.6772629618644714,35.93784713745117
r116_c42,561105.0,5920215.0,100,100,1.0,0.8926559686660767,29.031442642211914
r116_c43,561405.0,5920215.0,100,100,1.0,0.8760840892791748,29.253379821777344
r116_c44,561705.0,5920215.0,100,100,1.0,0.7746315002441406,33.01887130737305
r116_c45,562005.0,5920215.0,100,100,1.0,0.614166796207428,35.601890563964844
r116_c46,562305.0,5920215.0,100,95,0.95,0.7180497646331787,33.3704948425293
r116_c47,562605.0,5920215.0,93,93,1.0,0.7748669981956482,32.317726135253906
r116_c58,565905.0,5920215.0,100,100,1.0,0.7459055185317993,36.130191802978516
r116_c59,566205.0,5920215.0,98,98,1.0,0.7016377449035645,36.232566833496094
r116_c60,566505.0,5920215.0,97,96,0.9896907216494846,0.7530054450035095,34.482696533203125
r116_c87,574605.0,5920215.0,100,80,0.8,0.47387441992759705,38.875587463378906
r116_c88,574905.0,5920215.0,100,77,0.77,0.5541588664054871,37.366943359375
r116_c89,575205.0,5920215.0,100,85,0.85,0.6586271524429321,36.26420211791992
r116_c90,575505.0,5920215.0,100,100,1.0,0.6123961806297302,38.10191345214844
r116_c91,575805.0,5920215.0,100,100,1.0,0.5739184021949768,39.31462860107422
r116_c92,576105.0,5920215.0,100,87,0.87,0.6335448026657104,37.44114685058594
r116_c93,576405.0,5920215.0,100,100,1.0,0.780383288860321,33.29897689819336
r116_c94,576705.0,5920215.0,100,100,1.0,0.6719452142715454,36.134220123291016
r116_c95,577005.0,5920215.0,100,100,1.0,0.5656685829162598,37.88572311401367
r116_c96,577305.0,5920215.0,100,100,1.0,0.7768374681472778,33.86900329589844
r116_c97,577605.0,5920215.0,100,100,1.0,0.8199470043182373,33.40818405151367
r116_c98,577905.0,5920215.0,100,100,1.0,0.8219138383865356,33.203887939453125
r116_c99,578205.0,5920215.0,100,100,1.0,0.8175658583641052,34.3663215637207
r116_c100,578505.0,5920215.0,100,100,1.0,0.721759557723999,37.04673385620117
r116_c101,578805.0,5920215.0,100,100,1.0,0.44273585081100464,45.13466262817383
r116_c102,579105.0,5920215.0,100,100,1.0,0.7070908546447754,38.574249267578125
r116_c103,579405.0,5920215.0,100,100,1.0,0.5680710077285767,38.62193298339844
r116_c104,579705.0,5920215.0,100,100,1.0,0.5997432470321655,39.79103088378906
r116_c105,580005.0,5920215.0,100,100,1.0,0.7102581262588501,37.79442596435547
r116_c106,580305.0,5920215.0,100,100,1.0,0.7535245418548584,35.540035247802734
r116_c107,580605.0,5920215.0,100,100,1.0,0.7481964826583862,34.77676010131836
r116_c108,580905.0,5920215.0,100,100,1.0,0.7756088376045227,34.828983306884766
r116_c109,581205.0,5920215.0,100,100,1.0,0.49137404561042786,39.5069580078125
r116_c110,581505.0,5920215.0,100,100,1.0,0.7240132689476013,37.09953689575195
r116_c111,581805.0,5920215.0,100,100,1.0,0.6792916059494019,39.543663024902344
r116_c112,582105.0,5920215.0,100,100,1.0,0.7370197772979736,37.47050857543945
r116_c113,582405.0,5920215.0,100,100,1.0,0.5326809883117676,35.82888412475586
r116_c114,582705.0,5920215.0,100,100,1.0,0.6737750768661499,34.52397155761719
r116_c115,583005.0,5920215.0,100,98,0.98,0.6155356764793396,37.896907806396484
r116_c116,583305.0,5920215.0,100,100,1.0,0.5757960081100464,40.99318313598633
r116_c117,583605.0,5920215.0,100,94,0.94,0.6079731583595276,39.78424072265625
r116_c118,583905.0,5920215.0,100,100,1.0,0.5878951549530029,38.73469161987305
r116_c119,584205.0,5920215.0,100,100,1.0,0.6964102983474731,36.27815246582031
r116_c120,584505.0,5920215.0,100,97,0.97,0.6550502777099609,37.27145767211914
r117_c42,561105.0,5919915.0,100,100,1.0,0.8780583143234253,28.950912475585938
r117_c43,561405.0,5919915.0,100,100,1.0,0.8758642077445984,29.497840881347656
r117_c44,561705.0,5919915.0,100,89,0.89,0.7978687286376953,32.41494369506836
r117_c45,562005.0,5919915.0,100,100,1.0,0.7559589147567749,33.4316291809082
r117_c46,562305.0,5919915.0,100,100,1.0,0.7526661157608032,32.24830627441406
r117_c47,562605.0,5919915.0,99,99,1.0,0.5090594291687012,38.62126541137695
r117_c58,565905.0,5919915.0,100,100,1.0,0.6007623672485352,39.184539794921875
r117_c91,575805.0,5919915.0,100,74,0.74,0.5131414532661438,39.56471252441406
r117_c92,576105.0,5919915.0,100,96,0.96,0.6106991171836853,39.920841217041016
r117_c93,576405.0,5919915.0,100,100,1.0,0.6834665536880493,36.5372428894043
r117_c94,576705.0,5919915.0,100,100,1.0,0.7213639616966248,34.98040008544922
r117_c95,577005.0,5919915.0,100,100,1.0,0.5330382585525513,36.69070816040039
r117_c96,577305.0,5919915.0,100,100,1.0,0.768233060836792,34.6473503112793
r117_c97,577605.0,5919915.0,100,100,1.0,0.816881000995636,34.363616943359375
r117_c98,577905.0,5919915.0,100,100,1.0,0.7695927619934082,35.97043228149414
r117_c99,578205.0,5919915.0,100,100,1.0,0.8116934299468994,34.067623138427734
r117_c100,578505.0,5919915.0,100,100,1.0,0.8129816651344299,34.13020324707031
r117_c101,578805.0,5919915.0,100,100,1.0,0.7160648107528687,36.789703369140625
r117_c102,579105.0,5919915.0,100,95,0.95,0.7594301700592041,36.88278579711914
r117_c103,579405.0,5919915.0,100,97,0.97,0.674676775932312,36.458744049072266
r117_c104,579705.0,5919915.0,100,100,1.0,0.5909633040428162,40.80095291137695
r117_c105,580005.0,5919915.0,100,90,0.9,0.5988467931747437,39.38069534301758
r117_c106,580305.0,5919915.0,100,100,1.0,0.7206804156303406,35.956077575683594
r117_c107,580605.0,5919915.0,100,100,1.0,0.5669516921043396,39.02006530761719
r117_c108,580905.0,5919915.0,100,100,1.0,0.5771567225456238,40.230072021484375
r117_c109,581205.0,5919915.0,100,100,1.0,0.5809745192527771,37.57379150390625
r117_c110,581505.0,5919915.0,100,100,1.0,0.7158474922180176,36.09758758544922
r117_c111,581805.0,5919915.0,100,100,1.0,0.7626792788505554,36.0485954284668
r117_c112,582105.0,5919915.0,100,100,1.0,0.7311011552810669,35.451534271240234
r117_c113,582405.0,5919915.0,100,100,1.0,0.5203701257705688,34.919830322265625
r117_c114,582705.0,5919915.0,100,100,1.0,0.6347832083702087,36.032718658447266
r117_c115,583005.0,5919915.0,100,100,1.0,0.5493207573890686,36.80545425415039
r117_c116,583305.0,5919915.0,100,100,1.0,0.6528432369232178,37.287906646728516
r117_c117,583605.0,5919915.0,100,100,1.0,0.7417600750923157,35.209651947021484
r117_c118,583905.0,5919915.0,100,72,0.72,0.5977125763893127,34.76068878173828
r118_c41,560805.0,5919615.0,99,99,1.0,0.886100172996521,28.855907440185547
r118_c42,561105.0,5919615.0,100,100,1.0,0.8830070495605469,29.117109298706055
r118_c43,561405.0,5919615.0,100,100,1.0,0.8795838356018066,29.7384033203125
r118_c44,561705.0,5919615.0,94,91,0.9680851063829787,0.7958589196205139,31.705324172973633
r118_c58,565905.0,5919615.0,91,91,1.0,0.5699548125267029,35.726043701171875
r118_c92,576105.0,5919615.0,100,88,0.88,0.546351969242096,39.134334564208984
r118_c93,576405.0,5919615.0,100,98,0.98,0.565711498260498,40.5357551574707
r118_c94,576705.0,5919615.0,100,100,1.0,0.6536408066749573,35.525169372558594
r118_c95,577005.0,5919615.0,100,100,1.0,0.6161014437675476,35.77821350097656
r118_c96,577305.0,5919615.0,100,100,1.0,0.7897455096244812,35.90743637084961
r118_c97,577605.0,5919615.0,100,100,1.0,0.7880839705467224,35.505401611328125
r118_c98,577905.0,5919615.0,100,100,1.0,0.8023038506507874,36.58171463012695
r118_c99,578205.0,5919615.0,100,100,1.0,0.7925153970718384,34.552738189697266
r118_c100,578505.0,5919615.0,100,100,1.0,0.7875410318374634,33.0671272277832
r118_c101,578805.0,5919615.0,100,100,1.0,0.7224567532539368,35.8582878112793
r118_c102,579105.0,5919615.0,100,96,0.96,0.6828615069389343,36.45528793334961
r118_c103,579405.0,5919615.0,100,100,1.0,0.7734517455101013,34.668853759765625
r118_c104,579705.0,5919615.0,100,100,1.0,0.643948495388031,38.31215286254883
r118_c105,580005.0,5919615.0,100,94,0.94,0.6397709846496582,39.56233215332031
r118_c106,580305.0,5919615.0,100,100,1.0,0.583774209022522,38.8283805847168
r118_c107,580605.0,5919615.0,100,100,1.0,0.5726361274719238,39.28119659423828
r118_c108,580905.0,5919615.0,100,100,1.0,0.5452678799629211,40.031517028808594
r118_c109,581205.0,5919615.0,100,100,1.0,0.6544210910797119,37.70720291137695
r118_c110,581505.0,5919615.0,100,100,1.0,0.6546943187713623,38.13154983520508
r118_c111,581805.0,5919615.0,100,100,1.0,0.7721642851829529,36.62201690673828
r118_c112,582105.0,5919615.0,100,100,1.0,0.6053568124771118,35.97221374511719
r118_c113,582405.0,5919615.0,100,100,1.0,0.6271488070487976,33.841758728027344
r118_c114,582705.0,5919615.0,100,100,1.0,0.613515317440033,36.41712951660156
r118_c115,583005.0,5919615.0,100,100,1.0,0.48838740587234497,36.583621978759766
r118_c116,583305.0,5919615.0,100,95,0.95,0.5773171186447144,37.706031799316406
r119_c40,560505.0,5919315.0,85,85,1.0,0.8955928087234497,29.061302185058594
r119_c41,560805.0,5919315.0,100,100,1.0,0.8849565982818604,28.904115676879883
r119_c42,561105.0,5919315.0,100,100,1.0,0.8814991116523743,28.942468643188477
r119_c93,576405.0,5919315.0,100,99,0.99,0.6135299205780029,39.14873123168945
r119_c94,576705.0,5919315.0,100,100,1.0,0.6292355060577393,37.39838409423828
r119_c95,577005.0,5919315.0,100,100,1.0,0.5933548212051392,35.90839385986328
r119_c96,577305.0,5919315.0,100,100,1.0,0.7891668081283569,34.6756477355957
r119_c97,577605.0,5919315.0,100,100,1.0,0.8153133392333984,34.53595733642578
r119_c98,577905.0,5919315.0,100,100,1.0,0.7271827459335327,37.814640045166016
r119_c99,578205.0,5919315.0,100,100,1.0,0.6446341872215271,38.47211837768555
r119_c100,578505.0,5919315.0,100,100,1.0,0.6901587843894958,36.24979019165039
r119_c101,578805.0,5919315.0,100,100,1.0,0.6049347519874573,38.16268539428711
r119_c102,579105.0,5919315.0,100,100,1.0,0.5879229307174683,38.09726333618164
r119_c103,579405.0,5919315.0,100,99,0.99,0.6517852544784546,37.7829475402832
r119_c104,579705.0,5919315.0,100,100,1.0,0.5995545387268066,40.54265213012695
r119_c105,580005.0,5919315.0,100,100,1.0,0.6722586750984192,38.22732162475586
r119_c106,580305.0,5919315.0,100,100,1.0,0.6028902530670166,39.53775405883789
r119_c107,580605.0,5919315.0,100,100,1.0,0.6626601219177246,37.2167854309082
r119_c108,580905.0,5919315.0,100,100,1.0,0.6134531497955322,38.643672943115234
r119_c109,581205.0,5919315.0,100,100,1.0,0.6677502393722534,38.79228591918945
r119_c110,581505.0,5919315.0,100,99,0.99,0.6886817812919617,37.76862716674805
r119_c111,581805.0,5919315.0,100,100,1.0,0.7237135171890259,36.92515563964844
r119_c112,582105.0,5919315.0,100,100,1.0,0.5259164571762085,37.416255950927734
r119_c113,582405.0,5919315.0,100,100,1.0,0.6380046010017395,35.470645904541016
r119_c114,582705.0,5919315.0,100,100,1.0,0.534376859664917,35.37828826904297
r119_c115,583005.0,5919315.0,100,100,1.0,0.7154878377914429,33.8603515625
r120_c40,560505.0,5919015.0,98,98,1.0,0.8821683526039124,28.98591423034668
r120_c41,560805.0,5919015.0,100,100,1.0,0.8806823492050171,29.180923461914062
r120_c93,576405.0,5919015.0,100,71,0.71,0.6371588706970215,36.45555114746094
r120_c94,576705.0,5919015.0,100,94,0.94,0.6341060996055603,39.37015914916992
r120_c95,577005.0,5919015.0,100,99,0.99,0.6734247803688049,37.615020751953125
r120_c96,577305.0,5919015.0,100,95,0.95,0.735298216342926,36.247859954833984
r120_c97,577605.0,5919015.0,100,100,1.0,0.7454324960708618,35.5419807434082
r120_c98,577905.0,5919015.0,100,100,1.0,0.6035714149475098,39.46861267089844
r120_c99,578205.0,5919015.0,100,100,1.0,0.5744022727012634,40.653564453125
r120_c100,578505.0,5919015.0,100,100,1.0,0.6322110891342163,38.23886489868164
r120_c101,578805.0,5919015.0,100,100,1.0,0.6843157410621643,37.30476379394531
r120_c102,579105.0,5919015.0,100,100,1.0,0.6981034278869629,36.729984283447266
r120_c103,579405.0,5919015.0,100,100,1.0,0.6957944631576538,37.97831726074219
r120_c104,579705.0,5919015.0,100,100,1.0,0.6803187727928162,37.286338806152344
r120_c105,580005.0,5919015.0,100,93,0.93,0.5320743918418884,39.76438903808594
r120_c106,580305.0,5919015.0,100,99,0.99,0.6730356812477112,37.990447998046875
r120_c107,580605.0,5919015.0,100,88,0.88,0.6552960276603699,38.15107345581055
r120_c108,580905.0,5919015.0,100,100,1.0,0.6597974896430969,37.393489837646484
r120_c109,581205.0,5919015.0,100,100,1.0,0.6939716935157776,36.14710235595703
r120_c110,581505.0,5919015.0,100,97,0.97,0.6480873227119446,37.53648376464844
r120_c111,581805.0,5919015.0,100,100,1.0,0.6166932582855225,39.15459442138672
r120_c112,582105.0,5919015.0,100,99,0.99,0.5105990767478943,40.13264846801758
r120_c113,582405.0,5919015.0,100,100,1.0,0.650820791721344,37.95408248901367
r120_c114,582705.0,5919015.0,100,100,1.0,0.6372926831245422,36.10014724731445
r120_c115,583005.0,5919015.0,100,97,0.97,0.7205938696861267,35.0479850769043
r121_c94,576705.0,5918715.0,100,89,0.89,0.6384769678115845,38.24159622192383
r121_c95,577005.0,5918715.0,100,84,0.84,0.5095384120941162,40.32765579223633
r121_c96,577305.0,5918715.0,100,84,0.84,0.6345556974411011,39.404014587402344
r121_c97,577605.0,5918715.0,100,100,1.0,0.6562447547912598,38.106117248535156
r121_c98,577905.0,5918715.0,100,100,1.0,0.5096977353096008,41.85329055786133
r121_c99,578205.0,5918715.0,100,100,1.0,0.5492927432060242,41.04917526245117
r121_c100,578505.0,5918715.0,100,100,1.0,0.6885125041007996,36.90853500366211
r121_c101,578805.0,5918715.0,100,100,1.0,0.7924850583076477,34.851505279541016
r121_c102,579105.0,5918715.0,100,93,0.93,0.6885583400726318,36.68703842163086
r121_c103,579405.0,5918715.0,100,91,0.91,0.5853455066680908,40.05931091308594
r121_c104,579705.0,5918715.0,100,100,1.0,0.5754930973052979,39.818824768066406
r121_c105,580005.0,5918715.0,100,100,1.0,0.701174259185791,37.27149963378906
r121_c106,580305.0,5918715.0,100,94,0.94,0.6444651484489441,38.2518424987793
r121_c107,580605.0,5918715.0,100,100,1.0,0.641152560710907,37.96260070800781
r121_c108,580905.0,5918715.0,100,100,1.0,0.7409861087799072,36.420921325683594
r121_c109,581205.0,5918715.0,100,100,1.0,0.6171952486038208,36.01653289794922
r121_c110,581505.0,5918715.0,100,100,1.0,0.6143152713775635,37.490089416503906
r121_c111,581805.0,5918715.0,100,100,1.0,0.5047241449356079,41.600364685058594
r121_c112,582105.0,5918715.0,100,93,0.93,0.5456492304801941,41.43974304199219
r121_c113,582405.0,5918715.0,100,91,0.91,0.5254538655281067,40.927001953125
r121_c114,582705.0,5918715.0,100,99,0.99,0.6526073217391968,38.655067443847656
r122_c95,577005.0,5918415.0,100,96,0.96,0.5750718712806702,39.49094772338867
r122_c96,577305.0,5918415.0,100,82,0.82,0.6970534324645996,37.094970703125
r122_c97,577605.0,5918415.0,100,100,1.0,0.6374672055244446,37.576629638671875
r122_c98,577905.0,5918415.0,100,99,0.99,0.5902363657951355,40.51502227783203
r122_c99,578205.0,5918415.0,100,81,0.81,0.5865866541862488,40.935264587402344
r122_c100,578505.0,5918415.0,100,98,0.98,0.6578797101974487,38.892242431640625
r122_c101,578805.0,5918415.0,100,100,1.0,0.7597305178642273,36.769832611083984
r122_c102,579105.0,5918415.0,100,100,1.0,0.696167528629303,38.598453521728516
r122_c103,579405.0,5918415.0,100,100,1.0,0.658423900604248,39.68342208862305
r122_c104,579705.0,5918415.0,100,100,1.0,0.6945165395736694,37.790496826171875
r122_c105,580005.0,5918415.0,100,100,1.0,0.7257674932479858,37.313236236572266
r122_c106,580305.0,5918415.0,100,100,1.0,0.6861042976379395,37.144012451171875
r122_c107,580605.0,5918415.0,100,100,1.0,0.6754131317138672,36.663978576660156
r122_c108,580905.0,5918415.0,100,100,1.0,0.7619656920433044,35.64372634887695
r122_c109,581205.0,5918415.0,100,100,1.0,0.7391259074211121,33.89527893066406
r122_c110,581505.0,5918415.0,100,100,1.0,0.6516475081443787,36.406951904296875
r122_c111,581805.0,5918415.0,100,100,1.0,0.5940506458282471,39.14594268798828
r122_c112,582105.0,5918415.0,100,100,1.0,0.7214714884757996,35.63081741333008
r122_c113,582405.0,5918415.0,100,97,0.97,0.6421927809715271,37.71104431152344
r122_c114,582705.0,5918415.0,100,100,1.0,0.6626971960067749,36.737571716308594
r123_c95,577005.0,5918115.0,100,91,0.91,0.6144713163375854,38.11505889892578
r123_c96,577305.0,5918115.0,100,100,1.0,0.6561833024024963,38.160667419433594
r123_c97,577605.0,5918115.0,100,100,1.0,0.7726704478263855,34.28804397583008
r123_c98,577905.0,5918115.0,100,100,1.0,0.7288311719894409,35.747947692871094
r123_c99,578205.0,5918115.0,100,87,0.87,0.5309202075004578,41.35096740722656
r123_c100,578505.0,5918115.0,100,100,1.0,0.5423762798309326,42.86919403076172
r123_c101,578805.0,5918115.0,100,96,0.96,0.622058093547821,39.8115348815918
r123_c102,579105.0,5918115.0,100,98,0.98,0.6923805475234985,39.13890075683594
r123_c103,579405.0,5918115.0,100,100,1.0,0.730355441570282,37.108219146728516
r123_c104,579705.0,5918115.0,100,98,0.98,0.7908907532691956,35.04480743408203
r123_c105,580005.0,5918115.0,100,97,0.97,0.6557856202125549,37.469600677490234
r123_c106,580305.0,5918115.0,100,100,1.0,0.7892448902130127,33.683841705322266
r123_c107,580605.0,5918115.0,100,100,1.0,0.7982940673828125,33.5836296081543
r123_c108,580905.0,5918115.0,100,100,1.0,0.7443047165870667,35.41801834106445
r123_c109,581205.0,5918115.0,100,100,1.0,0.7368710041046143,36.00651931762695
r123_c110,581505.0,5918115.0,100,100,1.0,0.6588396430015564,37.16386795043945
r123_c111,581805.0,5918115.0,100,100,1.0,0.6426311731338501,39.159278869628906
r123_c112,582105.0,5918115.0,100,91,0.91,0.7314817905426025,36.059593200683594
r123_c113,582405.0,5918115.0,100,92,0.92,0.7506372928619385,33.885501861572266
r123_c114,582705.0,5918115.0,100,87,0.87,0.7298026084899902,34.116943359375
r124_c96,577305.0,5917815.0,100,93,0.93,0.6415269374847412,37.551822662353516
r124_c97,577605.0,5917815.0,100,100,1.0,0.7285948991775513,35.11491394042969
r124_c98,577905.0,5917815.0,100,98,0.98,0.7515617609024048,35.72987365722656
r124_c99,578205.0,5917815.0,100,96,0.96,0.7910914421081543,35.29693603515625
r124_c100,578505.0,5917815.0,100,100,1.0,0.6045956611633301,39.33851623535156
r124_c101,578805.0,5917815.0,100,95,0.95,0.5650023221969604,41.417606353759766
r124_c102,579105.0,5917815.0,100,73,0.73,0.5376354455947876,40.35429763793945
r124_c103,579405.0,5917815.0,100,100,1.0,0.6579785943031311,37.36371612548828
r124_c104,579705.0,5917815.0,100,100,1.0,0.6808558702468872,35.60969543457031
r124_c105,580005.0,5917815.0,100,100,1.0,0.7417662143707275,34.26715850830078
r124_c106,580305.0,5917815.0,100,100,1.0,0.8461584448814392,32.639259338378906
r124_c107,580605.0,5917815.0,100,100,1.0,0.7234091758728027,36.33530807495117
r124_c108,580905.0,5917815.0,100,100,1.0,0.7530822157859802,35.09671401977539
r124_c109,581205.0,5917815.0,100,96,0.96,0.7757634520530701,35.47121810913086
r124_c110,581505.0,5917815.0,100,94,0.94,0.7333112955093384,36.775630950927734
r124_c111,581805.0,5917815.0,100,100,1.0,0.7571122050285339,35.84406661987305
r124_c112,582105.0,5917815.0,100,100,1.0,0.6461514830589294,39.09539031982422
r124_c113,582405.0,5917815.0,100,100,1.0,0.6349568367004395,37.097599029541016
r125_c97,577605.0,5917515.0,100,76,0.76,0.6359903812408447,36.86330032348633
r125_c98,577905.0,5917515.0,100,100,1.0,0.684413731098175,37.493507385253906
r125_c99,578205.0,5917515.0,100,96,0.96,0.6453112959861755,39.14299011230469
r125_c100,578505.0,5917515.0,100,100,1.0,0.6653164029121399,38.27305221557617
r125_c101,578805.0,5917515.0,100,97,0.97,0.5756906270980835,39.815589904785156
r125_c102,579105.0,5917515.0,100,89,0.89,0.5968319773674011,34.4319953918457
r125_c103,579405.0,5917515.0,100,76,0.76,0.7059454321861267,30.914819717407227
r125_c105,580005.0,5917515.0,100,70,0.7,0.6444190740585327,32.382816314697266
r125_c106,580305.0,5917515.0,100,99,0.99,0.6920631527900696,34.61209487915039
r125_c107,580605.0,5917515.0,100,89,0.89,0.5800985097885132,39.349456787109375
r125_c108,580905.0,5917515.0,100,100,1.0,0.6924058794975281,37.63768005371094
r125_c109,581205.0,5917515.0,100,100,1.0,0.5991101264953613,39.069480895996094
r125_c110,581505.0,5917515.0,100,100,1.0,0.5664147138595581,40.2816162109375
r125_c111,581805.0,5917515.0,100,100,1.0,0.7487550377845764,35.568336486816406
r125_c112,582105.0,5917515.0,100,100,1.0,0.7056480646133423,35.583106994628906
r125_c113,582405.0,5917515.0,100,89,0.89,0.6525593996047974,35.662254333496094
r126_c100,578505.0,5917215.0,100,73,0.73,0.5927175283432007,37.66951370239258
r126_c108,580905.0,5917215.0,100,79,0.79,0.585174024105072,36.94145202636719
r126_c109,581205.0,5917215.0,100,95,0.95,0.608771026134491,37.87943649291992
r126_c110,581505.0,5917215.0,100,100,1.0,0.5501821041107178,38.79008865356445
r126_c111,581805.0,5917215.0,100,100,1.0,0.6035786867141724,37.71266174316406
r126_c112,582105.0,5917215.0,100,88,0.88,0.6489214301109314,35.36601257324219
